transaction_id,date,description,amount,category,account_type,balance_after,is_income,merchant,user_id,user_name
c765755a-3ea,2024-01-01,HOA Fees - Exclusive bottom-line challenge,2062.78,Housing,credit,-53058.77,False,HOA Fees,rajesh_sharma,Rajesh Sharma
481a6a7c-66a,2024-01-01,State Farm - Streamlined dynamic info-mediaries,449.77,Insurance,savings,13890.88,False,State Farm,tanishka_dhanwan,Tanishka Dhanwan
23e2b76d-677,2024-01-01,Adobe - Persistent intermediate budgetary management,348.98,Subscriptions,savings,19119.06,False,Adobe,amit_kumar,Amit Kumar
64a31d47-152,2024-01-01,Credit Card Payment - Assimilated well-modulated application,50.28,Debt Payment,credit,-11313.34,False,Credit Card Payment,amit_kumar,Amit Kumar
1f1dc378-cad,2024-01-01,Health Ins Co - Profit-focused explicit Graphical User Interface,75.95,Insurance,checking,-11575.93,False,Health Ins Co,priya_singh,Priya Singh
b3dff84f-6b0,2024-01-01,Adobe - Ergonomic 4thgeneration database,303.68,Subscriptions,credit,-20618.07,False,Adobe,amit_kumar,Amit Kumar
ee3b653b-099,2024-01-01,Whole Foods - Fully-configurable analyzing archive,434.8,Groceries,savings,-31608.8,False,Whole Foods,tanishka_dhanwan,Tanishka Dhanwan
1992683d-793,2024-01-01,Best Buy - Re-engineered content-based strategy,271.99,Shopping,checking,1544.58,False,Best Buy,rajesh_sharma,Rajesh Sharma
23fffe80-e19,2024-01-01,HOA Fees - Cross-platform zero tolerance forecast,1332.27,Housing,checking,-2414.52,False,HOA Fees,priya_singh,Priya Singh
91a4c683-045,2024-01-01,Misc Purchase - Mandatory intermediate software,108.94,Other,credit,-3094.53,False,Misc Purchase,priya_singh,Priya Singh
1dd3804e-745,2024-01-01,Gym Membership - Grass-roots leadingedge installation,471.59,Subscriptions,checking,2476.05,False,Gym Membership,amit_kumar,Amit Kumar
c14b7a1f-a11,2024-01-01,Whole Foods - Open-source human-resource emulation,278.31,Groceries,savings,10713.94,False,Whole Foods,amit_kumar,Amit Kumar
1d5ebccc-d5e,2024-01-01,Health Ins Co - Automated content-based algorithm,462.78,Insurance,checking,-64402.39,False,Health Ins Co,priya_singh,Priya Singh
53cea5e2-f19,2024-01-02,Walmart - Fully-configurable mission-critical database,240.93,Groceries,savings,-20888.67,False,Walmart,tanishka_dhanwan,Tanishka Dhanwan
9c0f145e-00c,2024-01-02,Online Course - Down-sized zero tolerance encryption,450.24,Education,checking,7260.95,False,Online Course,amit_kumar,Amit Kumar
49f1c97e-f82,2024-01-02,Property Mgmt - Synergized heuristic help-desk,1127.13,Housing,savings,8826.52,False,Property Mgmt,priya_singh,Priya Singh
36d519bd-0f5,2024-01-02,Health Ins Co - Customizable fresh-thinking emulation,480.38,Insurance,savings,-8417.19,False,Health Ins Co,priya_singh,Priya Singh
9d266c9a-d15,2024-01-02,Rent Payment - Ergonomic well-modulated Internet solution,1554.05,Housing,savings,-11983.12,False,Rent Payment,amit_kumar,Amit Kumar
c939f897-d42,2024-01-02,AMC Theaters - Multi-tiered even-keeled product,19.0,Entertainment,savings,-13622.77,False,AMC Theaters,amit_kumar,Amit Kumar
77862378-405,2024-01-02,State Farm - Devolved eco-centric matrices,48.91,Insurance,savings,25208.33,False,State Farm,priya_singh,Priya Singh
e0e8aff4-6e9,2024-01-02,Rent Payment - Compatible national data-warehouse,1572.79,Housing,checking,-7096.52,False,Rent Payment,rajesh_sharma,Rajesh Sharma
d6f228c8-d8e,2024-01-02,ATM Withdrawal - Progressive dedicated open system,491.94,Other,credit,-35992.32,False,ATM Withdrawal,tanishka_dhanwan,Tanishka Dhanwan
85cb5e7a-ca0,2024-01-02,Local Bistro - Organized bifurcated matrices,325.07,Dining,credit,-68897.96,False,Local Bistro,amit_kumar,Amit Kumar
f05533a6-7e5,2024-01-02,Electric Co - Operative tangible neural-net,449.78,Utilities,savings,-29424.38,False,Electric Co,rajesh_sharma,Rajesh Sharma
07246a1b-691,2024-01-02,AMC Theaters - Fundamental context-sensitive intranet,484.92,Entertainment,checking,-26156.84,False,AMC Theaters,tanishka_dhanwan,Tanishka Dhanwan
89c873e4-d3b,2024-01-03,State Farm - Programmable uniform synergy,481.92,Insurance,checking,-33287.38,False,State Farm,tanishka_dhanwan,Tanishka Dhanwan
3c3faf0f-bbb,2024-01-03,Payroll - Moore-Murray,1811.45,Income,credit,-56157.07,True,Moore-Murray,priya_singh,Priya Singh
28e59981-463,2024-01-03,Health Ins Co - Managed transitional interface,444.27,Insurance,checking,171.82,False,Health Ins Co,amit_kumar,Amit Kumar
ae2c3524-727,2024-01-03,Rent Payment - Automated web-enabled project,997.92,Housing,savings,-11297.39,False,Rent Payment,rajesh_sharma,Rajesh Sharma
7e95712f-212,2024-01-03,Misc Purchase - Organic leadingedge moderator,160.14,Other,savings,-13291.76,False,Misc Purchase,rajesh_sharma,Rajesh Sharma
a49652f3-6f6,2024-01-03,Spotify - Total executive solution,407.08,Entertainment,checking,-8358.43,False,Spotify,priya_singh,Priya Singh
e6618527-6d3,2024-01-03,Misc Purchase - Virtual bandwidth-monitored access,204.21,Other,credit,-72607.94,False,Misc Purchase,amit_kumar,Amit Kumar
6554ff09-d62,2024-01-03,Costco - Profound needs-based project,373.27,Groceries,credit,-57927.12,False,Costco,amit_kumar,Amit Kumar
544ec3cb-e77,2024-01-03,HOA Fees - Intuitive reciprocal definition,1421.58,Housing,credit,15.45,False,HOA Fees,priya_singh,Priya Singh
bf5bfd55-543,2024-01-03,Amazon - Monitored interactive leverage,161.03,Shopping,savings,-7914.44,False,Amazon,amit_kumar,Amit Kumar
e7ba9c68-624,2024-01-03,Payroll - Jenkins-Mccall,3969.75,Income,checking,7342.81,True,Jenkins-Mccall,amit_kumar,Amit Kumar
b15d62c4-cff,2024-01-03,State Farm - Grass-roots system-worthy hub,375.38,Insurance,credit,-69893.8,False,State Farm,rajesh_sharma,Rajesh Sharma
59f1b23c-705,2024-01-03,McDonald's - De-engineered global frame,245.01,Dining,savings,7861.99,False,McDonald's,tanishka_dhanwan,Tanishka Dhanwan
8152acbe-534,2024-01-03,Amazon - Face-to-face composite forecast,317.76,Shopping,savings,-39867.26,False,Amazon,tanishka_dhanwan,Tanishka Dhanwan
c5d937c7-95c,2024-01-04,Amazon - Enhanced cohesive throughput,19.19,Shopping,savings,-20899.76,False,Amazon,tanishka_dhanwan,Tanishka Dhanwan
43abc3b1-027,2024-01-04,Shell Gas - Multi-channeled uniform challenge,472.72,Transportation,savings,18890.07,False,Shell Gas,priya_singh,Priya Singh
c598d990-55a,2024-01-04,Health Ins Co - Stand-alone system-worthy firmware,261.22,Insurance,checking,-41311.01,False,Health Ins Co,rajesh_sharma,Rajesh Sharma
c3634ff9-241,2024-01-04,City Hospital - Multi-channeled intangible portal,465.96,Healthcare,savings,5456.6,False,City Hospital,amit_kumar,Amit Kumar
28533ee1-5b0,2024-01-04,Tuition - Exclusive user-facing complexity,377.87,Education,checking,-11030.33,False,Tuition,tanishka_dhanwan,Tanishka Dhanwan
79d2c41f-94a,2024-01-04,Property Mgmt - Team-oriented actuating firmware,1142.51,Housing,credit,-24486.58,False,Property Mgmt,tanishka_dhanwan,Tanishka Dhanwan
43067084-540,2024-01-04,Internet Provider - Profit-focused bi-directional frame,315.98,Utilities,credit,-24763.39,False,Internet Provider,priya_singh,Priya Singh
a23b9239-f35,2024-01-04,Local Bistro - Intuitive incremental infrastructure,468.93,Dining,savings,-34951.38,False,Local Bistro,tanishka_dhanwan,Tanishka Dhanwan
de1272e0-003,2024-01-04,Target - Enhanced tangible model,461.16,Shopping,checking,-11660.62,False,Target,rajesh_sharma,Rajesh Sharma
069cfced-7f3,2024-01-04,HOA Fees - Re-contextualized web-enabled challenge,1000.5,Housing,checking,1963.78,False,HOA Fees,amit_kumar,Amit Kumar
0dfd816e-bd3,2024-01-04,AMC Theaters - Devolved 4thgeneration portal,367.61,Entertainment,checking,-34742.54,False,AMC Theaters,amit_kumar,Amit Kumar
95934833-798,2024-01-04,Walmart - Optimized upward-trending focus group,391.22,Groceries,checking,3172.53,False,Walmart,tanishka_dhanwan,Tanishka Dhanwan
92a18045-79f,2024-01-04,Property Mgmt - Networked interactive functionalities,1938.14,Housing,credit,-69614.94,False,Property Mgmt,amit_kumar,Amit Kumar
71bd92af-1bd,2024-01-04,Health Ins Co - Progressive discrete support,458.89,Insurance,credit,-50100.68,False,Health Ins Co,tanishka_dhanwan,Tanishka Dhanwan
67597e91-146,2024-01-04,Chipotle - Customer-focused systematic support,227.36,Dining,credit,-1553.58,False,Chipotle,rajesh_sharma,Rajesh Sharma
fd73569f-e43,2024-01-05,HOA Fees - Multi-lateral web-enabled circuit,1801.27,Housing,checking,-35859.22,False,HOA Fees,rajesh_sharma,Rajesh Sharma
483cdc49-135,2024-01-05,Payroll - Ochoa and Sons,2648.34,Income,savings,-19509.78,True,Ochoa and Sons,amit_kumar,Amit Kumar
07164382-e98,2024-01-05,State Farm - Down-sized reciprocal framework,118.31,Insurance,credit,3083.78,False,State Farm,amit_kumar,Amit Kumar
0c04edb9-16e,2024-01-05,Metro Transit - Digitized bottom-line analyzer,362.92,Transportation,savings,10377.63,False,Metro Transit,priya_singh,Priya Singh
43fa979c-922,2024-01-05,Metro Transit - Seamless full-range capability,455.15,Transportation,savings,-21909.48,False,Metro Transit,amit_kumar,Amit Kumar
af29c2bf-257,2024-01-05,Costco - Programmable exuding knowledgebase,47.76,Groceries,savings,-11329.53,False,Costco,rajesh_sharma,Rajesh Sharma
25fcda58-36a,2024-01-05,Spotify - Visionary impactful extranet,30.32,Entertainment,credit,-45356.0,False,Spotify,tanishka_dhanwan,Tanishka Dhanwan
b332c92f-c2f,2024-01-05,Spotify - Enterprise-wide web-enabled adapter,348.12,Entertainment,credit,-34124.89,False,Spotify,tanishka_dhanwan,Tanishka Dhanwan
015fe9d7-63b,2024-01-05,Delta Airlines - Optional analyzing encoding,220.61,Travel,savings,-30702.84,False,Delta Airlines,tanishka_dhanwan,Tanishka Dhanwan
f3d2365e-834,2024-01-05,Spotify - Decentralized next generation definition,298.81,Entertainment,savings,14700.18,False,Spotify,amit_kumar,Amit Kumar
39828b04-941,2024-01-05,AMC Theaters - Configurable upward-trending solution,391.37,Entertainment,checking,13459.74,False,AMC Theaters,tanishka_dhanwan,Tanishka Dhanwan
a7510585-726,2024-01-05,Starbucks - Inverse discrete open architecture,370.2,Dining,savings,-8334.66,False,Starbucks,tanishka_dhanwan,Tanishka Dhanwan
15a03ffc-d3e,2024-01-05,Misc Purchase - Distributed object-oriented approach,313.69,Other,checking,-5387.93,False,Misc Purchase,amit_kumar,Amit Kumar
b0d4ad8a-578,2024-01-05,Misc Purchase - Horizontal tangible knowledgebase,463.39,Other,checking,-17808.98,False,Misc Purchase,rajesh_sharma,Rajesh Sharma
039658a0-331,2024-01-05,Delta Airlines - Enterprise-wide 5thgeneration leverage,212.44,Travel,checking,3068.73,False,Delta Airlines,amit_kumar,Amit Kumar
869ed737-06c,2024-01-05,Student Loan - Enterprise-wide actuating array,338.8,Debt Payment,savings,6688.74,False,Student Loan,tanishka_dhanwan,Tanishka Dhanwan
e0833a34-888,2024-01-05,Cloud Storage - Networked content-based matrix,460.98,Subscriptions,savings,-5340.26,False,Cloud Storage,tanishka_dhanwan,Tanishka Dhanwan
f413a344-2fa,2024-01-06,Whole Foods - Multi-layered systemic instruction set,287.93,Groceries,savings,-33520.24,False,Whole Foods,tanishka_dhanwan,Tanishka Dhanwan
e23eb5ac-9bc,2024-01-06,Dental Care - Down-sized bifurcated capacity,37.33,Healthcare,checking,-9208.19,False,Dental Care,priya_singh,Priya Singh
29d9d5ef-9c8,2024-01-06,McDonald's - Versatile dynamic system engine,224.43,Dining,checking,-59288.58,False,McDonald's,tanishka_dhanwan,Tanishka Dhanwan
b2eebfc5-5aa,2024-01-06,AMC Theaters - Versatile global portal,350.16,Entertainment,checking,-34087.67,False,AMC Theaters,amit_kumar,Amit Kumar
68cddd23-cd6,2024-01-06,Local Bistro - Mandatory homogeneous product,181.97,Dining,savings,-4852.96,False,Local Bistro,priya_singh,Priya Singh
b565c745-dc3,2024-01-06,Local Bistro - Pre-emptive multimedia focus group,255.89,Dining,checking,13048.77,False,Local Bistro,amit_kumar,Amit Kumar
f57e1747-e4e,2024-01-06,Chipotle - Versatile dynamic process improvement,113.1,Dining,savings,-3962.26,False,Chipotle,amit_kumar,Amit Kumar
c6c18216-989,2024-01-06,Internet Provider - Up-sized even-keeled forecast,328.13,Utilities,checking,-41809.66,False,Internet Provider,rajesh_sharma,Rajesh Sharma
ed47d653-647,2024-01-06,HOA Fees - Cross-platform demand-driven alliance,1995.82,Housing,savings,-27550.81,False,HOA Fees,tanishka_dhanwan,Tanishka Dhanwan
9fc2062e-479,2024-01-06,Water Dept - Managed bottom-line analyzer,494.99,Utilities,savings,-62881.26,False,Water Dept,rajesh_sharma,Rajesh Sharma
afa4b3cb-cf0,2024-01-06,Costco - Upgradable secondary hub,64.46,Groceries,savings,10740.55,False,Costco,priya_singh,Priya Singh
04064e01-47e,2024-01-07,Property Mgmt - Horizontal tangible monitoring,2182.69,Housing,credit,-44187.28,False,Property Mgmt,tanishka_dhanwan,Tanishka Dhanwan
9d974e3f-090,2024-01-07,Payroll - May Ltd,2684.8,Income,credit,-70124.14,True,May Ltd,rajesh_sharma,Rajesh Sharma
cf410bc8-380,2024-01-07,Metro Transit - Right-sized discrete hardware,301.61,Transportation,credit,-26017.57,False,Metro Transit,amit_kumar,Amit Kumar
e68a489b-9c1,2024-01-07,Parking Co - Up-sized intangible frame,76.85,Transportation,credit,-62942.96,False,Parking Co,rajesh_sharma,Rajesh Sharma
4f2938f2-80a,2024-01-07,City Hospital - Reactive upward-trending portal,439.35,Healthcare,credit,-48520.89,False,City Hospital,rajesh_sharma,Rajesh Sharma
e0ae9ee5-425,2024-01-07,Chipotle - Persevering executive interface,188.43,Dining,checking,-2508.12,False,Chipotle,rajesh_sharma,Rajesh Sharma
d115eefe-e9f,2024-01-07,Rent Payment - Managed high-level frame,2059.82,Housing,checking,-4717.5,False,Rent Payment,priya_singh,Priya Singh
e62d2d69-bad,2024-01-07,Spotify - Organic responsive ability,136.78,Entertainment,checking,-20669.01,False,Spotify,amit_kumar,Amit Kumar
1104f5ce-302,2024-01-07,Rent Payment - Profit-focused bottom-line standardization,1338.22,Housing,credit,-8458.35,False,Rent Payment,tanishka_dhanwan,Tanishka Dhanwan
683312ae-b87,2024-01-07,"Payroll - Mcclain, Flores and Lee",1679.98,Income,savings,-8347.01,True,"Mcclain, Flores and Lee",priya_singh,Priya Singh
62608f41-e31,2024-01-08,Chipotle - Horizontal exuding algorithm,233.91,Dining,credit,-40855.81,False,Chipotle,tanishka_dhanwan,Tanishka Dhanwan
756298d3-603,2024-01-08,City Hospital - Extended fault-tolerant interface,321.36,Healthcare,checking,-823.07,False,City Hospital,amit_kumar,Amit Kumar
f01a962e-c30,2024-01-08,Uber - Secured didactic encoding,469.71,Transportation,checking,-231.63,False,Uber,amit_kumar,Amit Kumar
4525c6b7-549,2024-01-08,Shell Gas - Horizontal secondary complexity,393.22,Transportation,credit,-5415.0,False,Shell Gas,amit_kumar,Amit Kumar
45f38883-0e4,2024-01-08,Gym Membership - Quality-focused client-driven infrastructure,78.95,Subscriptions,savings,1068.57,False,Gym Membership,priya_singh,Priya Singh
a4d123ff-220,2024-01-08,Spotify - Customer-focused leadingedge structure,360.03,Entertainment,checking,-60709.43,False,Spotify,priya_singh,Priya Singh
14e03761-8ab,2024-01-08,Local Bistro - Face-to-face 4thgeneration emulation,80.85,Dining,checking,-59136.66,False,Local Bistro,amit_kumar,Amit Kumar
3a4bda00-fa6,2024-01-08,Starbucks - Centralized demand-driven emulation,475.05,Dining,credit,-52039.57,False,Starbucks,tanishka_dhanwan,Tanishka Dhanwan
8ff5d43d-67a,2024-01-08,Misc Purchase - Open-architected modular system engine,407.41,Other,checking,-54505.13,False,Misc Purchase,tanishka_dhanwan,Tanishka Dhanwan
05148bfe-c0c,2024-01-08,Gym Membership - Switchable systematic artificial intelligence,497.86,Subscriptions,savings,16059.14,False,Gym Membership,amit_kumar,Amit Kumar
698ef139-892,2024-01-08,Amazon - De-engineered motivating capability,223.83,Shopping,checking,9428.87,False,Amazon,tanishka_dhanwan,Tanishka Dhanwan
74c94497-42b,2024-01-08,Rent Payment - De-engineered tangible capacity,2126.14,Housing,credit,-67016.53,False,Rent Payment,rajesh_sharma,Rajesh Sharma
3cf3a064-74f,2024-01-08,State Farm - Visionary optimizing data-warehouse,117.43,Insurance,checking,-4037.51,False,State Farm,priya_singh,Priya Singh
5adf1708-3ac,2024-01-08,"Payroll - Edwards, Rios and Foster",4497.85,Income,checking,10173.27,True,"Edwards, Rios and Foster",rajesh_sharma,Rajesh Sharma
855cf665-606,2024-01-08,Student Loan - Secured human-resource adapter,113.83,Debt Payment,checking,-56169.18,False,Student Loan,tanishka_dhanwan,Tanishka Dhanwan
3aea37c7-b5b,2024-01-08,Local Bistro - Mandatory scalable analyzer,410.71,Dining,savings,-37255.68,False,Local Bistro,tanishka_dhanwan,Tanishka Dhanwan
4f956d5a-467,2024-01-08,Netflix - Extended multimedia initiative,367.66,Entertainment,checking,-8916.16,False,Netflix,priya_singh,Priya Singh
36568980-8b9,2024-01-09,Spotify - Re-engineered web-enabled application,93.21,Entertainment,credit,-33969.69,False,Spotify,amit_kumar,Amit Kumar
e2e38d32-7ba,2024-01-09,Walmart - Pre-emptive 6thgeneration hierarchy,147.35,Groceries,savings,10463.27,False,Walmart,tanishka_dhanwan,Tanishka Dhanwan
e7871a3d-ae7,2024-01-09,State Farm - Profit-focused static throughput,346.56,Insurance,credit,-35131.04,False,State Farm,tanishka_dhanwan,Tanishka Dhanwan
5943246d-11a,2024-01-09,Student Loan - Visionary homogeneous Graphic Interface,447.99,Debt Payment,savings,-3302.94,False,Student Loan,priya_singh,Priya Singh
6d802836-c34,2024-01-09,Shell Gas - Persevering background protocol,493.75,Transportation,credit,-55114.23,False,Shell Gas,rajesh_sharma,Rajesh Sharma
32d62c62-5a3,2024-01-09,Uber - Re-engineered 24hour migration,221.87,Transportation,savings,-9117.03,False,Uber,priya_singh,Priya Singh
8eec5b48-2ff,2024-01-09,Electric Co - Reduced content-based time-frame,182.55,Utilities,savings,14964.05,False,Electric Co,amit_kumar,Amit Kumar
705903c6-449,2024-01-09,Property Mgmt - Programmable impactful help-desk,1162.68,Housing,credit,-37731.0,False,Property Mgmt,priya_singh,Priya Singh
d6f2167d-292,2024-01-09,Credit Card Payment - Seamless demand-driven orchestration,424.5,Debt Payment,credit,-50674.67,False,Credit Card Payment,tanishka_dhanwan,Tanishka Dhanwan
09534f91-08f,2024-01-09,Netflix - Adaptive optimizing parallelism,108.71,Entertainment,checking,-18592.62,False,Netflix,tanishka_dhanwan,Tanishka Dhanwan
8ac37f58-38b,2024-01-09,"Payroll - Caldwell, Hernandez and Davis",4481.72,Income,savings,17806.19,True,"Caldwell, Hernandez and Davis",priya_singh,Priya Singh
22244081-f62,2024-01-09,Property Mgmt - Synergized attitude-oriented process improvement,1692.5,Housing,savings,-16316.66,False,Property Mgmt,priya_singh,Priya Singh
8bb8cebb-a90,2024-01-09,City Hospital - Streamlined bottom-line system engine,173.02,Healthcare,savings,-14998.03,False,City Hospital,amit_kumar,Amit Kumar
059e4b38-d4f,2024-01-09,Whole Foods - Fully-configurable transitional archive,325.58,Groceries,checking,-27629.41,False,Whole Foods,rajesh_sharma,Rajesh Sharma
e3a63146-c49,2024-01-09,Health Ins Co - Implemented needs-based standardization,197.89,Insurance,credit,-61720.38,False,Health Ins Co,priya_singh,Priya Singh
a2f66315-e0e,2024-01-09,Health Ins Co - Function-based heuristic flexibility,252.34,Insurance,checking,-28339.26,False,Health Ins Co,rajesh_sharma,Rajesh Sharma
d762e418-ab6,2024-01-10,Parking Co - Enhanced 5thgeneration solution,117.41,Transportation,credit,-60741.53,False,Parking Co,amit_kumar,Amit Kumar
42f14a0c-f5f,2024-01-10,Electric Co - Centralized reciprocal extranet,413.2,Utilities,checking,-7634.9,False,Electric Co,tanishka_dhanwan,Tanishka Dhanwan
ff7f8912-5e6,2024-01-10,Bookstore - Object-based asynchronous moratorium,487.62,Education,savings,24877.32,False,Bookstore,priya_singh,Priya Singh
a38aec38-b38,2024-01-10,Property Mgmt - Configurable mobile groupware,2100.74,Housing,checking,3449.28,False,Property Mgmt,priya_singh,Priya Singh
72ff938f-ad0,2024-01-10,Costco - Profit-focused motivating database,449.46,Groceries,savings,-21866.64,False,Costco,tanishka_dhanwan,Tanishka Dhanwan
f38e838b-7f8,2024-01-10,Adobe - Inverse stable frame,42.85,Subscriptions,checking,-32344.97,False,Adobe,rajesh_sharma,Rajesh Sharma
7e5b7352-828,2024-01-10,Shell Gas - Re-contextualized didactic Local Area Network,309.6,Transportation,checking,-14507.12,False,Shell Gas,rajesh_sharma,Rajesh Sharma
eac5ef69-cf9,2024-01-10,Rent Payment - Business-focused homogeneous installation,1624.35,Housing,checking,-45602.91,False,Rent Payment,amit_kumar,Amit Kumar
bb23ceeb-eac,2024-01-10,Local Bistro - Team-oriented methodical solution,150.44,Dining,savings,19972.06,False,Local Bistro,priya_singh,Priya Singh
a8880de5-989,2024-01-10,Uber - Balanced asymmetric data-warehouse,205.24,Transportation,savings,-2986.86,False,Uber,amit_kumar,Amit Kumar
6bb66d17-c8a,2024-01-10,Marriott - Customizable well-modulated functionalities,351.24,Travel,checking,9099.93,False,Marriott,amit_kumar,Amit Kumar
74257639-618,2024-01-10,Trader Joe's - Automated context-sensitive instruction set,247.52,Groceries,checking,-36968.39,False,Trader Joe's,rajesh_sharma,Rajesh Sharma
ede4a6ad-069,2024-01-10,Delta Airlines - Inverse executive project,331.75,Travel,credit,-55504.68,False,Delta Airlines,rajesh_sharma,Rajesh Sharma
aee17567-7f1,2024-01-10,Spotify - User-friendly foreground instruction set,239.55,Entertainment,checking,-54584.51,False,Spotify,tanishka_dhanwan,Tanishka Dhanwan
addfac5a-915,2024-01-10,Online Course - Integrated upward-trending solution,421.57,Education,savings,12488.21,False,Online Course,priya_singh,Priya Singh
d978b979-107,2024-01-11,Rent Payment - Polarized user-facing throughput,1104.93,Housing,savings,6277.09,False,Rent Payment,amit_kumar,Amit Kumar
7d5baa13-050,2024-01-11,Spotify - Persevering uniform core,415.64,Entertainment,credit,-75031.15,False,Spotify,priya_singh,Priya Singh
34f79bf5-a02,2024-01-11,Internet Provider - Versatile non-volatile task-force,327.54,Utilities,credit,-50716.38,False,Internet Provider,rajesh_sharma,Rajesh Sharma
9aafb641-9b3,2024-01-11,Trader Joe's - Customer-focused neutral info-mediaries,343.96,Groceries,checking,-26082.36,False,Trader Joe's,tanishka_dhanwan,Tanishka Dhanwan
592b4850-2e4,2024-01-11,McDonald's - Robust attitude-oriented focus group,241.41,Dining,credit,-27781.69,False,McDonald's,priya_singh,Priya Singh
93a53ed6-90a,2024-01-11,Netflix - Re-engineered grid-enabled time-frame,470.31,Entertainment,savings,25033.33,False,Netflix,priya_singh,Priya Singh
8ca956e8-079,2024-01-11,McDonald's - Synergistic bandwidth-monitored challenge,191.77,Dining,savings,-54239.73,False,McDonald's,rajesh_sharma,Rajesh Sharma
ab35802f-e7d,2024-01-11,City Hospital - Enterprise-wide holistic solution,451.2,Healthcare,credit,-57483.64,False,City Hospital,rajesh_sharma,Rajesh Sharma
37b88cca-28b,2024-01-11,Marriott - Focused 3rdgeneration pricing structure,348.94,Travel,credit,-61237.59,False,Marriott,amit_kumar,Amit Kumar
37dd1f41-cee,2024-01-11,Water Dept - Fundamental reciprocal implementation,23.54,Utilities,checking,-33634.7,False,Water Dept,tanishka_dhanwan,Tanishka Dhanwan
68a631be-123,2024-01-11,Water Dept - Ergonomic incremental standardization,477.11,Utilities,credit,3886.04,False,Water Dept,priya_singh,Priya Singh
7ec9d2fe-fc5,2024-01-11,Internet Provider - Balanced discrete model,9.63,Utilities,savings,-61801.79,False,Internet Provider,rajesh_sharma,Rajesh Sharma
e4756be2-521,2024-01-11,Credit Card Payment - Reactive radical policy,176.65,Debt Payment,checking,-49454.46,False,Credit Card Payment,rajesh_sharma,Rajesh Sharma
bc20cce3-644,2024-01-12,Electric Co - Ergonomic explicit core,361.44,Utilities,savings,-5745.59,False,Electric Co,tanishka_dhanwan,Tanishka Dhanwan
5d39df0e-67d,2024-01-12,Payroll - Casey-Romero,4477.37,Income,credit,-8671.85,True,Casey-Romero,tanishka_dhanwan,Tanishka Dhanwan
eed165ba-b0a,2024-01-12,Best Buy - Total systemic strategy,215.45,Shopping,credit,-36666.61,False,Best Buy,priya_singh,Priya Singh
9e626e35-e30,2024-01-12,Internet Provider - Self-enabling stable database,99.88,Utilities,savings,-7216.32,False,Internet Provider,priya_singh,Priya Singh
69811e72-322,2024-01-12,Misc Purchase - Organic object-oriented knowledge user,110.64,Other,savings,20686.25,False,Misc Purchase,priya_singh,Priya Singh
27b259f6-789,2024-01-12,Health Ins Co - Self-enabling clear-thinking capacity,499.46,Insurance,checking,-15888.47,False,Health Ins Co,priya_singh,Priya Singh
56ffad53-ca8,2024-01-12,State Farm - Robust 24hour orchestration,448.81,Insurance,credit,-68118.33,False,State Farm,priya_singh,Priya Singh
b7ac20e4-96d,2024-01-12,Netflix - Monitored maximized Local Area Network,123.83,Entertainment,savings,9508.16,False,Netflix,tanishka_dhanwan,Tanishka Dhanwan
2e4d0b7b-b72,2024-01-12,Cloud Storage - Grass-roots zero tolerance database,291.77,Subscriptions,savings,9360.65,False,Cloud Storage,amit_kumar,Amit Kumar
7de333a9-ed7,2024-01-12,Property Mgmt - Reduced coherent open system,1642.09,Housing,credit,-30997.62,False,Property Mgmt,priya_singh,Priya Singh
4cb84a05-1d4,2024-01-12,Health Ins Co - Balanced high-level hierarchy,385.71,Insurance,credit,-84160.51,False,Health Ins Co,priya_singh,Priya Singh
e4cf2a4c-9eb,2024-01-12,Whole Foods - User-centric needs-based firmware,87.0,Groceries,savings,3378.25,False,Whole Foods,amit_kumar,Amit Kumar
80e262c4-c12,2024-01-12,Parking Co - Switchable didactic policy,370.62,Transportation,credit,-67338.04,False,Parking Co,priya_singh,Priya Singh
257faacb-9cf,2024-01-12,CVS Pharmacy - Stand-alone system-worthy access,355.54,Healthcare,savings,13535.78,False,CVS Pharmacy,tanishka_dhanwan,Tanishka Dhanwan
f5146e24-9c1,2024-01-13,AMC Theaters - Phased contextually-based core,131.69,Entertainment,credit,-56463.06,False,AMC Theaters,priya_singh,Priya Singh
f23688d8-cde,2024-01-13,Payroll - Knapp-Williams,3550.57,Income,checking,-49390.37,True,Knapp-Williams,priya_singh,Priya Singh
dde49987-04b,2024-01-13,Metro Transit - Multi-channeled system-worthy orchestration,334.08,Transportation,checking,9383.86,False,Metro Transit,tanishka_dhanwan,Tanishka Dhanwan
ceebea39-72e,2024-01-13,Property Mgmt - Fundamental actuating flexibility,1344.01,Housing,savings,-36536.85,False,Property Mgmt,tanishka_dhanwan,Tanishka Dhanwan
c5c9b1f2-1b5,2024-01-13,Water Dept - Versatile multimedia hub,318.84,Utilities,savings,5644.79,False,Water Dept,amit_kumar,Amit Kumar
78e93053-00f,2024-01-13,Marriott - Seamless full-range capacity,325.98,Travel,savings,-33459.87,False,Marriott,tanishka_dhanwan,Tanishka Dhanwan
3ab04dd8-723,2024-01-13,Delta Airlines - Persevering solution-oriented secured line,236.36,Travel,checking,-56405.54,False,Delta Airlines,tanishka_dhanwan,Tanishka Dhanwan
ea5ff13b-0db,2024-01-13,ATM Withdrawal - Automated attitude-oriented capability,484.43,Other,credit,-76387.73,False,ATM Withdrawal,amit_kumar,Amit Kumar
4aecdfdb-58f,2024-01-13,Misc Purchase - Managed leadingedge groupware,269.15,Other,savings,-40158.25,False,Misc Purchase,rajesh_sharma,Rajesh Sharma
f8522201-b69,2024-01-13,Water Dept - Virtual upward-trending instruction set,27.93,Utilities,savings,-30692.57,False,Water Dept,tanishka_dhanwan,Tanishka Dhanwan
9e99d0b5-3e2,2024-01-13,Property Mgmt - Intuitive incremental capability,839.02,Housing,checking,-56769.37,False,Property Mgmt,rajesh_sharma,Rajesh Sharma
a73a79c7-b62,2024-01-13,Costco - User-friendly didactic initiative,329.44,Groceries,checking,7359.49,False,Costco,tanishka_dhanwan,Tanishka Dhanwan
c36b328e-f30,2024-01-13,AMC Theaters - Configurable incremental instruction set,347.9,Entertainment,checking,-22733.29,False,AMC Theaters,tanishka_dhanwan,Tanishka Dhanwan
78642df7-3e0,2024-01-13,Spotify - Persevering human-resource structure,473.6,Entertainment,checking,-46697.76,False,Spotify,priya_singh,Priya Singh
d569a491-560,2024-01-13,Tuition - Cloned tangible success,34.97,Education,savings,-3423.79,False,Tuition,amit_kumar,Amit Kumar
0f2adedf-d3e,2024-01-13,Internet Provider - Phased transitional projection,143.72,Utilities,savings,4446.96,False,Internet Provider,priya_singh,Priya Singh
d965d9cf-faa,2024-01-13,Property Mgmt - Polarized clear-thinking conglomeration,1620.53,Housing,checking,-1313.17,False,Property Mgmt,amit_kumar,Amit Kumar
165b194f-0ba,2024-01-13,Metro Transit - Horizontal tertiary policy,281.0,Transportation,checking,-3377.98,False,Metro Transit,tanishka_dhanwan,Tanishka Dhanwan
0efbff01-3b3,2024-01-13,Costco - Synergized bi-directional matrix,8.16,Groceries,credit,-46979.48,False,Costco,rajesh_sharma,Rajesh Sharma
2ef88d74-fb5,2024-01-13,Target - Synergistic human-resource extranet,447.61,Shopping,checking,-56480.34,False,Target,tanishka_dhanwan,Tanishka Dhanwan
29d30d9f-419,2024-01-13,Online Course - Multi-lateral fault-tolerant encoding,436.3,Education,savings,16921.13,False,Online Course,rajesh_sharma,Rajesh Sharma
065cdb69-3ee,2024-01-14,Rent Payment - Streamlined composite intranet,822.24,Housing,checking,-46692.75,False,Rent Payment,rajesh_sharma,Rajesh Sharma
27786744-5a7,2024-01-14,Rent Payment - Cloned optimizing utilization,1588.32,Housing,checking,1510.27,False,Rent Payment,amit_kumar,Amit Kumar
b8efd0ce-95b,2024-01-14,Property Mgmt - Re-contextualized stable circuit,1558.17,Housing,credit,-32257.51,False,Property Mgmt,priya_singh,Priya Singh
75cc14f3-ce4,2024-01-14,Cloud Storage - Customer-focused dynamic core,490.46,Subscriptions,checking,-822.77,False,Cloud Storage,rajesh_sharma,Rajesh Sharma
ffc5b4f4-61e,2024-01-14,City Hospital - Networked non-volatile complexity,489.31,Healthcare,savings,-10429.07,False,City Hospital,amit_kumar,Amit Kumar
6551e458-f1f,2024-01-14,Dental Care - Proactive optimal circuit,342.45,Healthcare,checking,-7602.14,False,Dental Care,rajesh_sharma,Rajesh Sharma
5fd45a9a-78f,2024-01-14,Rent Payment - Re-engineered systematic process improvement,1362.53,Housing,savings,7944.86,False,Rent Payment,priya_singh,Priya Singh
c4fe8344-da7,2024-01-14,Netflix - Persevering optimizing instruction set,263.84,Entertainment,savings,-18212.35,False,Netflix,tanishka_dhanwan,Tanishka Dhanwan
4dc3d9bf-eb0,2024-01-14,Target - Fundamental methodical collaboration,230.22,Shopping,savings,-36823.73,False,Target,tanishka_dhanwan,Tanishka Dhanwan
d1363c0a-f56,2024-01-14,McDonald's - Horizontal logistical concept,102.01,Dining,credit,-79836.79,False,McDonald's,priya_singh,Priya Singh
d7f3f358-6f2,2024-01-14,Whole Foods - User-centric systematic initiative,21.39,Groceries,savings,-10488.53,False,Whole Foods,priya_singh,Priya Singh
349ca0bd-8bb,2024-01-14,HOA Fees - Triple-buffered exuding pricing structure,1933.37,Housing,checking,-34845.62,False,HOA Fees,rajesh_sharma,Rajesh Sharma
9b891af8-8c3,2024-01-14,Rent Payment - Proactive fault-tolerant methodology,1462.46,Housing,checking,-33409.25,False,Rent Payment,rajesh_sharma,Rajesh Sharma
7ff523c7-f72,2024-01-14,Property Mgmt - Progressive 5thgeneration frame,1940.04,Housing,savings,-13748.11,False,Property Mgmt,priya_singh,Priya Singh
87bbdf4a-14f,2024-01-14,Student Loan - Up-sized optimizing encoding,377.9,Debt Payment,savings,-11643.46,False,Student Loan,priya_singh,Priya Singh
c9115313-89d,2024-01-14,Payroll - Olson and Sons,3997.51,Income,checking,-8427.19,True,Olson and Sons,priya_singh,Priya Singh
10db20d3-303,2024-01-14,Uber - Right-sized fault-tolerant help-desk,197.25,Transportation,savings,-11669.8,False,Uber,rajesh_sharma,Rajesh Sharma
a7731c62-e5a,2024-01-15,Whole Foods - Upgradable transitional portal,346.56,Groceries,checking,-55568.05,False,Whole Foods,tanishka_dhanwan,Tanishka Dhanwan
4c8e544b-def,2024-01-15,State Farm - Configurable encompassing circuit,234.86,Insurance,credit,-78638.24,False,State Farm,amit_kumar,Amit Kumar
9f963bb1-130,2024-01-15,Rent Payment - Persevering modular methodology,1001.68,Housing,credit,-55802.95,False,Rent Payment,priya_singh,Priya Singh
0a1bdbd5-e50,2024-01-15,Property Mgmt - Operative solution-oriented website,1890.32,Housing,checking,-9170.86,False,Property Mgmt,priya_singh,Priya Singh
86bfc737-57a,2024-01-15,Costco - Function-based high-level knowledge user,149.68,Groceries,checking,-24906.77,False,Costco,priya_singh,Priya Singh
59f07a5f-2fd,2024-01-15,Tuition - Persevering multi-state utilization,201.14,Education,credit,-29760.12,False,Tuition,amit_kumar,Amit Kumar
b5ea8f78-cc4,2024-01-15,Water Dept - Expanded grid-enabled productivity,376.2,Utilities,credit,-31368.97,False,Water Dept,tanishka_dhanwan,Tanishka Dhanwan
0ceb7b7a-6d2,2024-01-15,Gym Membership - Team-oriented motivating collaboration,96.47,Subscriptions,credit,-65371.13,False,Gym Membership,rajesh_sharma,Rajesh Sharma
cc21b4a3-8ea,2024-01-15,McDonald's - Switchable coherent structure,248.48,Dining,credit,-64569.42,False,McDonald's,rajesh_sharma,Rajesh Sharma
4337d1c8-049,2024-01-15,Tuition - Customizable well-modulated focus group,350.33,Education,checking,-25918.9,False,Tuition,rajesh_sharma,Rajesh Sharma
5bce443c-781,2024-01-15,Property Mgmt - Vision-oriented interactive definition,1961.25,Housing,credit,-24004.93,False,Property Mgmt,rajesh_sharma,Rajesh Sharma
7db00cb8-335,2024-01-15,AMC Theaters - Configurable attitude-oriented superstructure,422.61,Entertainment,credit,-7252.55,False,AMC Theaters,rajesh_sharma,Rajesh Sharma
b4cd4dcb-658,2024-01-16,Walmart - Intuitive object-oriented capacity,30.68,Groceries,credit,-80681.64,False,Walmart,priya_singh,Priya Singh
3098249a-e23,2024-01-16,Chipotle - Visionary intangible interface,232.08,Dining,savings,-57939.53,False,Chipotle,rajesh_sharma,Rajesh Sharma
ebe58091-b5e,2024-01-16,Payroll - Mclaughlin and Sons,3534.06,Income,checking,-51051.19,True,Mclaughlin and Sons,priya_singh,Priya Singh
0ebdbc8b-f95,2024-01-16,Bookstore - Triple-buffered client-server workforce,182.83,Education,checking,-31311.73,False,Bookstore,rajesh_sharma,Rajesh Sharma
04594eaf-320,2024-01-16,Property Mgmt - Sharable foreground attitude,1766.04,Housing,credit,-38497.68,False,Property Mgmt,tanishka_dhanwan,Tanishka Dhanwan
423f7c5a-9b5,2024-01-16,Walmart - Profit-focused leadingedge focus group,143.84,Groceries,savings,-29902.12,False,Walmart,tanishka_dhanwan,Tanishka Dhanwan
c1ebb39e-4a6,2024-01-16,Electric Co - Customizable encompassing approach,439.7,Utilities,checking,11285.84,False,Electric Co,amit_kumar,Amit Kumar
80288041-ddf,2024-01-16,Rent Payment - Open-source global knowledgebase,1948.13,Housing,savings,-16675.4,False,Rent Payment,rajesh_sharma,Rajesh Sharma
7d9dcb13-d88,2024-01-16,Uber - Upgradable multi-state projection,376.2,Transportation,credit,-32500.79,False,Uber,rajesh_sharma,Rajesh Sharma
5c99742c-75d,2024-01-16,Metro Transit - Digitized high-level leverage,309.11,Transportation,credit,-8791.19,False,Metro Transit,amit_kumar,Amit Kumar
8be69485-db9,2024-01-16,Trader Joe's - Organized optimizing interface,251.15,Groceries,savings,-52617.1,False,Trader Joe's,rajesh_sharma,Rajesh Sharma
a9ebdbcd-4c0,2024-01-16,HOA Fees - Ergonomic bifurcated groupware,2031.49,Housing,credit,-59070.97,False,HOA Fees,rajesh_sharma,Rajesh Sharma
6db84169-48d,2024-01-16,Expedia - Balanced neutral structure,480.7,Travel,savings,-32196.92,False,Expedia,tanishka_dhanwan,Tanishka Dhanwan
233f52b3-b19,2024-01-17,Cloud Storage - Centralized disintermediate methodology,399.06,Subscriptions,checking,-18883.62,False,Cloud Storage,tanishka_dhanwan,Tanishka Dhanwan
fd2ab30e-452,2024-01-17,Payroll - Martinez Group,4227.18,Income,checking,-9981.99,True,Martinez Group,priya_singh,Priya Singh
87d7c399-eef,2024-01-17,Health Ins Co - Organized dynamic hub,222.88,Insurance,credit,-8079.67,False,Health Ins Co,amit_kumar,Amit Kumar
fa1cf0c2-46f,2024-01-17,Credit Card Payment - Organic even-keeled contingency,39.16,Debt Payment,credit,-38745.05,False,Credit Card Payment,rajesh_sharma,Rajesh Sharma
d6edd016-365,2024-01-17,Trader Joe's - Integrated context-sensitive matrix,89.85,Groceries,savings,-70694.77,False,Trader Joe's,rajesh_sharma,Rajesh Sharma
fe3318f1-32b,2024-01-17,Tuition - Profound clear-thinking workforce,177.95,Education,checking,-53470.03,False,Tuition,tanishka_dhanwan,Tanishka Dhanwan
7521e32d-aea,2024-01-17,Marriott - Integrated static installation,309.75,Travel,savings,10260.46,False,Marriott,rajesh_sharma,Rajesh Sharma
c375e677-5d2,2024-01-17,Parking Co - Multi-lateral actuating secured line,13.02,Transportation,checking,-21114.27,False,Parking Co,priya_singh,Priya Singh
04d44101-c52,2024-01-17,Chipotle - Sharable well-modulated productivity,459.77,Dining,credit,-41293.36,False,Chipotle,tanishka_dhanwan,Tanishka Dhanwan
3a564924-8c7,2024-01-17,Gym Membership - User-centric even-keeled encryption,48.03,Subscriptions,checking,4951.97,False,Gym Membership,rajesh_sharma,Rajesh Sharma
1d738c6c-458,2024-01-17,Adobe - Optional even-keeled hierarchy,135.21,Subscriptions,credit,-27540.28,False,Adobe,priya_singh,Priya Singh
70459526-ab9,2024-01-17,Water Dept - Organized incremental concept,198.08,Utilities,checking,-15233.51,False,Water Dept,priya_singh,Priya Singh
9239d453-74e,2024-01-17,Internet Provider - Synchronized secondary circuit,259.02,Utilities,savings,-14718.92,False,Internet Provider,amit_kumar,Amit Kumar
57c28dd7-ee5,2024-01-18,Costco - Total transitional support,174.08,Groceries,checking,-57798.22,False,Costco,tanishka_dhanwan,Tanishka Dhanwan
518b6205-226,2024-01-18,HOA Fees - Optimized impactful adapter,2003.02,Housing,checking,-61647.71,False,HOA Fees,tanishka_dhanwan,Tanishka Dhanwan
de9999f6-c88,2024-01-18,Electric Co - De-engineered next generation approach,143.53,Utilities,savings,-13546.6,False,Electric Co,rajesh_sharma,Rajesh Sharma
bd73da20-b64,2024-01-18,Chipotle - Streamlined disintermediate Internet solution,48.12,Dining,checking,3611.14,False,Chipotle,amit_kumar,Amit Kumar
391cc1d0-0df,2024-01-18,Gym Membership - Monitored tertiary pricing structure,384.54,Subscriptions,savings,-51665.11,False,Gym Membership,rajesh_sharma,Rajesh Sharma
32d0375a-3d9,2024-01-18,Tuition - Automated local firmware,15.43,Education,savings,-51159.02,False,Tuition,rajesh_sharma,Rajesh Sharma
5434e544-b19,2024-01-18,Payroll - Johnson-Carlson,3865.83,Income,credit,-15506.96,True,Johnson-Carlson,rajesh_sharma,Rajesh Sharma
bf6fa17a-d26,2024-01-18,HOA Fees - Enterprise-wide systemic paradigm,1826.87,Housing,checking,-27303.83,False,HOA Fees,rajesh_sharma,Rajesh Sharma
fff5e05e-009,2024-01-18,Credit Card Payment - Progressive encompassing functionalities,391.98,Debt Payment,checking,-22114.56,False,Credit Card Payment,tanishka_dhanwan,Tanishka Dhanwan
0e648fb8-b49,2024-01-18,Target - Quality-focused high-level knowledgebase,169.13,Shopping,credit,-60333.51,False,Target,priya_singh,Priya Singh
d9c1283d-854,2024-01-18,Adobe - Advanced didactic middleware,359.12,Subscriptions,credit,-65493.45,False,Adobe,rajesh_sharma,Rajesh Sharma
879220e1-518,2024-01-18,Cloud Storage - Open-architected homogeneous pricing structure,286.35,Subscriptions,credit,-74226.05,False,Cloud Storage,amit_kumar,Amit Kumar
5f8cb195-5c1,2024-01-18,Netflix - Mandatory solution-oriented service-desk,89.07,Entertainment,credit,-41946.0,False,Netflix,amit_kumar,Amit Kumar
a165b7ef-f2c,2024-01-19,Bookstore - Visionary exuding software,36.23,Education,savings,4875.96,False,Bookstore,rajesh_sharma,Rajesh Sharma
cd54bf1d-31b,2024-01-19,Misc Purchase - Extended static firmware,432.27,Other,credit,-3109.94,False,Misc Purchase,tanishka_dhanwan,Tanishka Dhanwan
0beb78f5-e3b,2024-01-19,Starbucks - Digitized 24/7 secured line,20.79,Dining,checking,-3608.54,False,Starbucks,tanishka_dhanwan,Tanishka Dhanwan
564dbee8-4a2,2024-01-19,Costco - Fundamental static matrix,191.29,Groceries,checking,-32521.46,False,Costco,rajesh_sharma,Rajesh Sharma
20e19e58-6e0,2024-01-19,Whole Foods - Diverse non-volatile productivity,291.97,Groceries,credit,-48019.74,False,Whole Foods,tanishka_dhanwan,Tanishka Dhanwan
4ca51768-e54,2024-01-19,"Payroll - Schultz, Hill and Harmon",1526.61,Income,savings,26532.2,True,"Schultz, Hill and Harmon",priya_singh,Priya Singh
32690ed9-737,2024-01-19,Trader Joe's - Programmable executive structure,172.24,Groceries,savings,26734.71,False,Trader Joe's,priya_singh,Priya Singh
e8c535b3-a94,2024-01-19,Credit Card Payment - Versatile intangible architecture,189.57,Debt Payment,credit,-36019.04,False,Credit Card Payment,tanishka_dhanwan,Tanishka Dhanwan
62fa1ad9-7bb,2024-01-19,Marriott - Cross-platform full-range installation,228.15,Travel,savings,8028.03,False,Marriott,tanishka_dhanwan,Tanishka Dhanwan
57e2d666-9a6,2024-01-19,Costco - Visionary client-driven throughput,337.87,Groceries,checking,-32220.5,False,Costco,rajesh_sharma,Rajesh Sharma
bb421244-cc9,2024-01-19,Dental Care - Intuitive background function,379.88,Healthcare,credit,2606.08,False,Dental Care,tanishka_dhanwan,Tanishka Dhanwan
a4791270-52a,2024-01-19,Netflix - Inverse coherent algorithm,368.72,Entertainment,checking,-52.79,False,Netflix,amit_kumar,Amit Kumar
507cd237-58b,2024-01-19,Starbucks - Adaptive hybrid budgetary management,326.29,Dining,checking,4567.41,False,Starbucks,amit_kumar,Amit Kumar
3e2a664e-936,2024-01-19,Trader Joe's - Reduced incremental productivity,137.25,Groceries,checking,1640.75,False,Trader Joe's,tanishka_dhanwan,Tanishka Dhanwan
6acc1664-254,2024-01-19,Trader Joe's - Self-enabling methodical paradigm,78.62,Groceries,credit,-61561.8,False,Trader Joe's,priya_singh,Priya Singh
7ac93d4b-17a,2024-01-19,Water Dept - Persevering value-added artificial intelligence,490.16,Utilities,savings,-62391.75,False,Water Dept,rajesh_sharma,Rajesh Sharma
141b4401-afd,2024-01-19,State Farm - Reduced multi-tasking definition,59.01,Insurance,checking,4001.77,False,State Farm,amit_kumar,Amit Kumar
0e81c574-447,2024-01-19,Payroll - Burch-Montoya,2710.32,Income,credit,-46235.39,True,Burch-Montoya,rajesh_sharma,Rajesh Sharma
2710c099-b69,2024-01-19,Walmart - Universal motivating alliance,194.85,Groceries,credit,-68392.65,False,Walmart,amit_kumar,Amit Kumar
a626dd05-20e,2024-01-19,Expedia - Decentralized bottom-line knowledge user,168.06,Travel,checking,6323.92,False,Expedia,tanishka_dhanwan,Tanishka Dhanwan
2f077bb8-313,2024-01-20,Water Dept - Balanced heuristic moratorium,232.32,Utilities,checking,-32864.88,False,Water Dept,rajesh_sharma,Rajesh Sharma
b7080295-9ef,2024-01-20,"Payroll - Lucero, Johnston and Chen",3796.39,Income,credit,-43176.04,True,"Lucero, Johnston and Chen",tanishka_dhanwan,Tanishka Dhanwan
e6e4e3fb-dd6,2024-01-20,Health Ins Co - Secured logistical solution,342.0,Insurance,savings,-12787.19,False,Health Ins Co,rajesh_sharma,Rajesh Sharma
0abc8a90-ef2,2024-01-20,Rent Payment - Triple-buffered uniform moderator,1718.62,Housing,credit,-77700.63,False,Rent Payment,amit_kumar,Amit Kumar
da9b4d94-5f4,2024-01-20,HOA Fees - Synchronized coherent complexity,1074.62,Housing,checking,-73202.82,False,HOA Fees,priya_singh,Priya Singh
ce7a3eb9-92f,2024-01-20,"Payroll - Acevedo, Miller and Edwards",2290.49,Income,savings,18717.71,True,"Acevedo, Miller and Edwards",amit_kumar,Amit Kumar
74f432d7-20e,2024-01-20,"Payroll - Stewart, Skinner and Guerrero",2435.46,Income,credit,-32491.08,True,"Stewart, Skinner and Guerrero",tanishka_dhanwan,Tanishka Dhanwan
5ec5ffe9-9eb,2024-01-20,Walmart - Pre-emptive asymmetric task-force,292.39,Groceries,checking,6492.83,False,Walmart,rajesh_sharma,Rajesh Sharma
d6ce8067-1f2,2024-01-20,State Farm - Distributed secondary hierarchy,430.28,Insurance,savings,16960.36,False,State Farm,amit_kumar,Amit Kumar
b07901ae-d10,2024-01-20,Uber - Operative empowering task-force,280.85,Transportation,savings,-40191.31,False,Uber,tanishka_dhanwan,Tanishka Dhanwan
bbce07b6-bfc,2024-01-20,Electric Co - Operative logistical toolset,495.56,Utilities,savings,-6357.19,False,Electric Co,priya_singh,Priya Singh
810c92af-099,2024-01-20,CVS Pharmacy - Fully-configurable even-keeled open architecture,287.95,Healthcare,credit,-54355.86,False,CVS Pharmacy,rajesh_sharma,Rajesh Sharma
f7574aaf-f8d,2024-01-20,HOA Fees - Proactive intermediate focus group,923.97,Housing,checking,-59134.11,False,HOA Fees,tanishka_dhanwan,Tanishka Dhanwan
439a9c1b-116,2024-01-20,Health Ins Co - Profit-focused local firmware,45.89,Insurance,savings,10405.8,False,Health Ins Co,tanishka_dhanwan,Tanishka Dhanwan
0dcbc0a4-5bc,2024-01-21,Local Bistro - Polarized foreground conglomeration,346.13,Dining,credit,-61646.34,False,Local Bistro,rajesh_sharma,Rajesh Sharma
c4f869e1-fe3,2024-01-21,Trader Joe's - Sharable human-resource hub,322.92,Groceries,credit,-48908.21,False,Trader Joe's,rajesh_sharma,Rajesh Sharma
b0f72d75-c06,2024-01-21,Property Mgmt - Implemented logistical superstructure,1546.99,Housing,credit,-2521.6,False,Property Mgmt,priya_singh,Priya Singh
a0fac8ad-353,2024-01-21,Cloud Storage - Cloned fresh-thinking functionalities,164.14,Subscriptions,checking,-56976.51,False,Cloud Storage,tanishka_dhanwan,Tanishka Dhanwan
45e74040-5fb,2024-01-21,HOA Fees - Optional executive firmware,1902.44,Housing,savings,20230.0,False,HOA Fees,amit_kumar,Amit Kumar
954b1494-9c7,2024-01-21,Walmart - Intuitive system-worthy access,340.89,Groceries,credit,-43661.18,False,Walmart,priya_singh,Priya Singh
cc60dbfa-906,2024-01-21,Shell Gas - Public-key user-facing success,463.54,Transportation,checking,-36720.87,False,Shell Gas,rajesh_sharma,Rajesh Sharma
36000bf6-2f4,2024-01-21,CVS Pharmacy - Expanded methodical emulation,245.16,Healthcare,savings,6364.25,False,CVS Pharmacy,amit_kumar,Amit Kumar
096ac700-f39,2024-01-21,"Payroll - Edwards, Brown and Cooper",3248.59,Income,checking,-56929.64,True,"Edwards, Brown and Cooper",priya_singh,Priya Singh
afb90d1d-fd9,2024-01-21,Electric Co - Future-proofed executive projection,360.1,Utilities,credit,-53617.22,False,Electric Co,priya_singh,Priya Singh
ff62afbc-12a,2024-01-21,Internet Provider - Business-focused neutral frame,257.02,Utilities,savings,-1840.75,False,Internet Provider,rajesh_sharma,Rajesh Sharma
16e17292-587,2024-01-21,Payroll - Lee-Cooke,3939.54,Income,savings,-7524.65,True,Lee-Cooke,rajesh_sharma,Rajesh Sharma
08f3e7ca-8c8,2024-01-21,"Payroll - Garcia, Pearson and Fernandez",4371.86,Income,credit,-5112.06,True,"Garcia, Pearson and Fernandez",rajesh_sharma,Rajesh Sharma
ab66632b-ab7,2024-01-21,Spotify - Synergistic actuating benchmark,389.64,Entertainment,checking,-50186.0,False,Spotify,priya_singh,Priya Singh
23cc2559-f36,2024-01-21,Whole Foods - Monitored fault-tolerant knowledge user,72.38,Groceries,credit,-3523.28,False,Whole Foods,amit_kumar,Amit Kumar
8d418c91-bcd,2024-01-21,Local Bistro - Streamlined foreground access,428.7,Dining,checking,-10258.98,False,Local Bistro,priya_singh,Priya Singh
74949c5a-1b9,2024-01-21,Payroll - May PLC,2286.56,Income,credit,-52827.67,True,May PLC,rajesh_sharma,Rajesh Sharma
f042ddc0-5ca,2024-01-21,HOA Fees - Customer-focused value-added neural-net,1949.99,Housing,credit,-11166.46,False,HOA Fees,rajesh_sharma,Rajesh Sharma
779c74e2-27c,2024-01-21,Trader Joe's - Re-engineered intangible contingency,168.63,Groceries,checking,-30860.68,False,Trader Joe's,rajesh_sharma,Rajesh Sharma
8ce4f7a6-e36,2024-01-21,Local Bistro - Sharable well-modulated solution,416.58,Dining,credit,-60469.65,False,Local Bistro,amit_kumar,Amit Kumar
6280da6a-837,2024-01-21,Cloud Storage - Balanced zero-defect protocol,177.45,Subscriptions,credit,-44919.29,False,Cloud Storage,tanishka_dhanwan,Tanishka Dhanwan
f785ba7c-67b,2024-01-22,Trader Joe's - Exclusive multi-state middleware,93.32,Groceries,savings,26997.71,False,Trader Joe's,priya_singh,Priya Singh
12d1080f-563,2024-01-22,Property Mgmt - Extended client-driven portal,1971.1,Housing,credit,-78583.52,False,Property Mgmt,amit_kumar,Amit Kumar
afc7a733-ed0,2024-01-22,Expedia - Quality-focused systemic conglomeration,55.42,Travel,credit,-72565.81,False,Expedia,rajesh_sharma,Rajesh Sharma
642439cf-7c5,2024-01-22,Parking Co - Team-oriented full-range definition,482.65,Transportation,savings,-11346.41,False,Parking Co,amit_kumar,Amit Kumar
59fdc10a-355,2024-01-22,ATM Withdrawal - Object-based zero tolerance concept,25.84,Other,credit,-50742.25,False,ATM Withdrawal,tanishka_dhanwan,Tanishka Dhanwan
ac2fb769-9a4,2024-01-22,Costco - Down-sized scalable focus group,175.61,Groceries,checking,-52070.2,False,Costco,tanishka_dhanwan,Tanishka Dhanwan
8460092a-125,2024-01-22,McDonald's - Multi-tiered contextually-based protocol,201.46,Dining,credit,-40505.06,False,McDonald's,tanishka_dhanwan,Tanishka Dhanwan
d94adf92-637,2024-01-22,Payroll - Miller Ltd,4071.27,Income,credit,-48802.48,True,Miller Ltd,rajesh_sharma,Rajesh Sharma
c47748a6-a8e,2024-01-22,ATM Withdrawal - Synergistic 4thgeneration standardization,209.07,Other,checking,-25009.07,False,ATM Withdrawal,amit_kumar,Amit Kumar
8434d7ac-0cf,2024-01-22,Chipotle - Quality-focused contextually-based implementation,489.97,Dining,savings,-12490.09,False,Chipotle,tanishka_dhanwan,Tanishka Dhanwan
4061a6af-378,2024-01-22,Health Ins Co - Reactive fresh-thinking hub,284.98,Insurance,credit,-61136.77,False,Health Ins Co,priya_singh,Priya Singh
245d5c47-3e0,2024-01-22,Trader Joe's - Object-based uniform help-desk,255.31,Groceries,savings,8256.18,False,Trader Joe's,tanishka_dhanwan,Tanishka Dhanwan
af8bf039-a1b,2024-01-22,Netflix - Multi-layered systematic moderator,333.72,Entertainment,checking,-3830.15,False,Netflix,amit_kumar,Amit Kumar
cb53e136-b30,2024-01-22,HOA Fees - Front-line zero-defect framework,1543.28,Housing,checking,-1976.45,False,HOA Fees,amit_kumar,Amit Kumar
5195b212-bdb,2024-01-22,HOA Fees - Versatile analyzing workforce,1253.85,Housing,credit,-42479.95,False,HOA Fees,tanishka_dhanwan,Tanishka Dhanwan
f5afec77-d9c,2024-01-22,Uber - Seamless 4thgeneration conglomeration,271.91,Transportation,savings,-2901.26,False,Uber,priya_singh,Priya Singh
d52aba50-8c4,2024-01-22,"Payroll - Chavez, Carney and Hammond",4174.21,Income,credit,-65603.62,True,"Chavez, Carney and Hammond",priya_singh,Priya Singh
12f174b0-ff0,2024-01-22,Dental Care - Optional bottom-line info-mediaries,253.4,Healthcare,savings,13302.69,False,Dental Care,amit_kumar,Amit Kumar
8bce5ef5-0f6,2024-01-22,Health Ins Co - Advanced neutral open architecture,447.14,Insurance,credit,-26303.5,False,Health Ins Co,priya_singh,Priya Singh
294d9b92-c5a,2024-01-22,Health Ins Co - Organized foreground ability,153.31,Insurance,credit,-39209.92,False,Health Ins Co,amit_kumar,Amit Kumar
070e1715-19e,2024-01-22,HOA Fees - Sharable multimedia extranet,1938.2,Housing,savings,7701.14,False,HOA Fees,amit_kumar,Amit Kumar
919047b3-2de,2024-01-22,"Payroll - Williams, Jackson and Campbell",3577.57,Income,credit,-63662.38,True,"Williams, Jackson and Campbell",priya_singh,Priya Singh
00349018-be9,2024-01-22,Metro Transit - Function-based homogeneous definition,222.95,Transportation,checking,-7154.09,False,Metro Transit,priya_singh,Priya Singh
e096d2da-c2a,2024-01-22,McDonald's - Universal neutral standardization,69.1,Dining,checking,6811.34,False,McDonald's,amit_kumar,Amit Kumar
8ac1545b-817,2024-01-22,Property Mgmt - Re-engineered directional knowledge user,1477.96,Housing,credit,-65274.66,False,Property Mgmt,rajesh_sharma,Rajesh Sharma
8f27814f-841,2024-01-22,Netflix - Exclusive full-range capacity,216.13,Entertainment,credit,-75247.28,False,Netflix,priya_singh,Priya Singh
6cf4ed75-e8d,2024-01-23,Health Ins Co - Grass-roots high-level flexibility,8.45,Insurance,credit,-43398.72,False,Health Ins Co,tanishka_dhanwan,Tanishka Dhanwan
ec9a3c80-f61,2024-01-23,Bookstore - Seamless user-facing parallelism,313.48,Education,credit,-58279.99,False,Bookstore,rajesh_sharma,Rajesh Sharma
f8b3584e-707,2024-01-23,Water Dept - Business-focused real-time leverage,124.66,Utilities,credit,-42704.19,False,Water Dept,tanishka_dhanwan,Tanishka Dhanwan
2b6b9c6c-c2b,2024-01-23,Amazon - Upgradable holistic access,269.11,Shopping,credit,-706.04,False,Amazon,priya_singh,Priya Singh
e003c59e-ee0,2024-01-23,Chipotle - Optimized 5thgeneration algorithm,175.26,Dining,checking,4391.75,False,Chipotle,rajesh_sharma,Rajesh Sharma
809ced5b-1d4,2024-01-23,Whole Foods - Cross-group client-server synergy,219.92,Groceries,checking,2943.79,False,Whole Foods,amit_kumar,Amit Kumar
58b0b95e-6c7,2024-01-23,Credit Card Payment - Reactive dedicated framework,202.72,Debt Payment,checking,694.77,False,Credit Card Payment,tanishka_dhanwan,Tanishka Dhanwan
a5b4cf99-64d,2024-01-23,Whole Foods - Organized cohesive contingency,214.86,Groceries,credit,-14799.3,False,Whole Foods,tanishka_dhanwan,Tanishka Dhanwan
909efe0c-e7e,2024-01-23,AMC Theaters - Virtual stable firmware,411.65,Entertainment,checking,-60137.89,False,AMC Theaters,tanishka_dhanwan,Tanishka Dhanwan
ea5223e2-12b,2024-01-23,Local Bistro - Innovative cohesive open system,170.48,Dining,savings,-32527.73,False,Local Bistro,rajesh_sharma,Rajesh Sharma
0fa2d73e-cef,2024-01-23,Property Mgmt - Automated neutral firmware,1413.98,Housing,credit,-29639.9,False,Property Mgmt,priya_singh,Priya Singh
c1b527d9-63a,2024-01-23,State Farm - Organized holistic hub,208.4,Insurance,checking,-35404.93,False,State Farm,rajesh_sharma,Rajesh Sharma
1fe85afc-593,2024-01-23,Trader Joe's - Team-oriented heuristic matrix,301.17,Groceries,checking,-63443.44,False,Trader Joe's,priya_singh,Priya Singh
af315fe7-9a9,2024-01-23,Tuition - Optional methodical data-warehouse,158.31,Education,checking,11684.33,False,Tuition,tanishka_dhanwan,Tanishka Dhanwan
3bb57cba-d3e,2024-01-24,Amazon - Profound incremental protocol,382.09,Shopping,checking,-35454.67,False,Amazon,amit_kumar,Amit Kumar
e52b8baf-383,2024-01-24,Netflix - Seamless transitional hub,185.41,Entertainment,credit,-43803.07,False,Netflix,tanishka_dhanwan,Tanishka Dhanwan
a2b79442-55d,2024-01-24,City Hospital - Diverse bi-directional instruction set,284.05,Healthcare,checking,-9492.24,False,City Hospital,priya_singh,Priya Singh
b5f8bf8c-d15,2024-01-24,Gym Membership - Self-enabling national core,277.86,Subscriptions,savings,14887.66,False,Gym Membership,amit_kumar,Amit Kumar
34b0033b-ae7,2024-01-24,Shell Gas - Cloned full-range attitude,156.53,Transportation,checking,-26387.27,False,Shell Gas,rajesh_sharma,Rajesh Sharma
417cd270-21f,2024-01-24,Payroll - Watson LLC,3570.53,Income,checking,5398.62,True,Watson LLC,amit_kumar,Amit Kumar
0f85ad05-074,2024-01-24,Marriott - Down-sized demand-driven success,241.52,Travel,checking,10894.55,False,Marriott,tanishka_dhanwan,Tanishka Dhanwan
7fad6502-fe7,2024-01-24,Shell Gas - Expanded user-facing monitoring,287.72,Transportation,checking,-33179.37,False,Shell Gas,priya_singh,Priya Singh
b11dd4d5-cb8,2024-01-24,"Payroll - Lee, Shaffer and Mendez",3063.34,Income,savings,-28481.24,True,"Lee, Shaffer and Mendez",tanishka_dhanwan,Tanishka Dhanwan
eed2f35a-158,2024-01-24,Electric Co - Reverse-engineered directional ability,103.57,Utilities,checking,5369.99,False,Electric Co,rajesh_sharma,Rajesh Sharma
32cd6f8f-0e4,2024-01-24,Starbucks - Profit-focused real-time algorithm,100.18,Dining,credit,-2564.08,False,Starbucks,rajesh_sharma,Rajesh Sharma
ab7399d6-0fd,2024-01-25,Walmart - Visionary composite Internet solution,81.81,Groceries,savings,18635.9,False,Walmart,amit_kumar,Amit Kumar
8d6672a2-4c2,2024-01-25,Dental Care - User-centric uniform implementation,279.0,Healthcare,checking,-38373.29,False,Dental Care,amit_kumar,Amit Kumar
6850f595-9a7,2024-01-25,Tuition - Organic motivating algorithm,270.15,Education,credit,-57573.37,False,Tuition,priya_singh,Priya Singh
40b47dbd-975,2024-01-25,AMC Theaters - Versatile static knowledge user,445.7,Entertainment,savings,16038.92,False,AMC Theaters,amit_kumar,Amit Kumar
d8e33531-3d5,2024-01-25,Expedia - Enterprise-wide systemic middleware,308.62,Travel,credit,-46071.86,False,Expedia,tanishka_dhanwan,Tanishka Dhanwan
5f544bfa-fab,2024-01-25,Expedia - Visionary intangible Graphical User Interface,41.79,Travel,checking,-9692.4,False,Expedia,rajesh_sharma,Rajesh Sharma
0344a231-55f,2024-01-25,Whole Foods - Synchronized actuating implementation,393.55,Groceries,credit,-18642.45,False,Whole Foods,priya_singh,Priya Singh
3444c76e-451,2024-01-25,Rent Payment - Up-sized fresh-thinking time-frame,951.25,Housing,checking,-25746.68,False,Rent Payment,rajesh_sharma,Rajesh Sharma
4942217a-a53,2024-01-25,Rent Payment - Implemented cohesive architecture,916.12,Housing,checking,13247.76,False,Rent Payment,tanishka_dhanwan,Tanishka Dhanwan
ed314db9-c9b,2024-01-25,Student Loan - User-friendly secondary open architecture,55.86,Debt Payment,checking,-7519.96,False,Student Loan,priya_singh,Priya Singh
49deef39-2e1,2024-01-25,HOA Fees - Ameliorated modular alliance,1139.42,Housing,checking,-23476.48,False,HOA Fees,tanishka_dhanwan,Tanishka Dhanwan
4bec1e78-3aa,2024-01-25,Local Bistro - Proactive multi-state Internet solution,191.14,Dining,credit,-30178.29,False,Local Bistro,tanishka_dhanwan,Tanishka Dhanwan
952bd046-74f,2024-01-25,HOA Fees - Multi-tiered grid-enabled product,873.12,Housing,credit,-42484.84,False,HOA Fees,amit_kumar,Amit Kumar
ed06bb46-dd8,2024-01-25,Property Mgmt - Automated high-level standardization,1690.75,Housing,checking,-31896.55,False,Property Mgmt,rajesh_sharma,Rajesh Sharma
7df07289-4bc,2024-01-25,Chipotle - Exclusive intangible initiative,377.45,Dining,savings,11114.63,False,Chipotle,amit_kumar,Amit Kumar
55b5dd02-b9b,2024-01-25,Spotify - Compatible solution-oriented framework,366.1,Entertainment,checking,8252.2,False,Spotify,amit_kumar,Amit Kumar
c7848248-5d6,2024-01-25,Property Mgmt - Exclusive national portal,1828.17,Housing,credit,-34520.09,False,Property Mgmt,tanishka_dhanwan,Tanishka Dhanwan
ed8ade03-767,2024-01-25,Spotify - Customer-focused user-facing application,394.75,Entertainment,savings,-5935.08,False,Spotify,priya_singh,Priya Singh
b5fd324d-855,2024-01-25,Misc Purchase - Integrated scalable array,23.14,Other,credit,-73990.09,False,Misc Purchase,amit_kumar,Amit Kumar
c9be5fdc-b0e,2024-01-26,Payroll - Lee-Rodriguez,4347.45,Income,checking,12503.72,True,Lee-Rodriguez,tanishka_dhanwan,Tanishka Dhanwan
5ca64027-b57,2024-01-26,Costco - Cross-platform radical alliance,446.66,Groceries,checking,-33017.9,False,Costco,rajesh_sharma,Rajesh Sharma
aa2c4c37-3d6,2024-01-26,Online Course - Right-sized executive circuit,484.74,Education,checking,-37665.34,False,Online Course,amit_kumar,Amit Kumar
f60f19a6-fff,2024-01-26,Payroll - Harper-Warner,4209.88,Income,checking,-28808.02,True,Harper-Warner,rajesh_sharma,Rajesh Sharma
b6f5c9cb-73f,2024-01-26,Dental Care - Organic client-server throughput,143.89,Healthcare,credit,-29904.01,False,Dental Care,amit_kumar,Amit Kumar
9e0f180b-cf7,2024-01-26,Payroll - Murphy-Stewart,2673.37,Income,checking,14214.76,True,Murphy-Stewart,tanishka_dhanwan,Tanishka Dhanwan
a120f1db-336,2024-01-26,Trader Joe's - Quality-focused homogeneous infrastructure,350.4,Groceries,credit,-55714.45,False,Trader Joe's,rajesh_sharma,Rajesh Sharma
09eb438f-fe3,2024-01-26,State Farm - Decentralized multi-state attitude,122.6,Insurance,savings,-16337.03,False,State Farm,tanishka_dhanwan,Tanishka Dhanwan
42a399cf-699,2024-01-26,Electric Co - De-engineered homogeneous protocol,401.18,Utilities,checking,-59169.84,False,Electric Co,priya_singh,Priya Singh
875d9ea7-ef2,2024-01-26,Rent Payment - Seamless value-added orchestration,1759.84,Housing,checking,-48904.97,False,Rent Payment,priya_singh,Priya Singh
411ae5ed-265,2024-01-26,State Farm - Re-engineered responsive neural-net,419.94,Insurance,savings,-36971.59,False,State Farm,tanishka_dhanwan,Tanishka Dhanwan
8aa50579-abe,2024-01-27,Trader Joe's - Innovative even-keeled functionalities,160.41,Groceries,credit,-22049.89,False,Trader Joe's,tanishka_dhanwan,Tanishka Dhanwan
853abe3c-477,2024-01-27,HOA Fees - Right-sized zero-defect implementation,1811.33,Housing,checking,11842.64,False,HOA Fees,tanishka_dhanwan,Tanishka Dhanwan
c29e6bc5-bd2,2024-01-27,Student Loan - Face-to-face content-based flexibility,287.47,Debt Payment,checking,-54051.69,False,Student Loan,tanishka_dhanwan,Tanishka Dhanwan
4b832e33-4eb,2024-01-27,Adobe - Virtual zero-defect concept,94.97,Subscriptions,savings,15441.65,False,Adobe,priya_singh,Priya Singh
877cba98-48c,2024-01-27,Amazon - Self-enabling user-facing protocol,350.2,Shopping,checking,-58197.22,False,Amazon,priya_singh,Priya Singh
96ac2316-e4e,2024-01-27,McDonald's - Customizable client-driven analyzer,452.38,Dining,savings,-6824.53,False,McDonald's,rajesh_sharma,Rajesh Sharma
1286bcce-f2f,2024-01-27,Gym Membership - Programmable radical moderator,463.99,Subscriptions,credit,-2985.59,False,Gym Membership,priya_singh,Priya Singh
d86aabe1-070,2024-01-27,Health Ins Co - Organic didactic array,104.66,Insurance,checking,-49241.37,False,Health Ins Co,rajesh_sharma,Rajesh Sharma
e669927a-344,2024-01-27,Payroll - Davis Group,2322.49,Income,checking,8486.64,True,Davis Group,tanishka_dhanwan,Tanishka Dhanwan
1cab5093-490,2024-01-27,Starbucks - Devolved even-keeled toolset,234.59,Dining,checking,-6254.38,False,Starbucks,tanishka_dhanwan,Tanishka Dhanwan
8946c51a-017,2024-01-27,Whole Foods - Digitized 3rdgeneration firmware,322.92,Groceries,credit,-62866.11,False,Whole Foods,rajesh_sharma,Rajesh Sharma
48eafa5e-00d,2024-01-28,Payroll - Mason LLC,3255.28,Income,checking,-24986.75,True,Mason LLC,rajesh_sharma,Rajesh Sharma
2d823b31-006,2024-01-28,Expedia - Pre-emptive background utilization,254.05,Travel,savings,-10863.76,False,Expedia,amit_kumar,Amit Kumar
7ce59568-573,2024-01-28,Payroll - Atkinson LLC,4203.23,Income,savings,-29480.93,True,Atkinson LLC,rajesh_sharma,Rajesh Sharma
51d85d34-e2a,2024-01-28,Credit Card Payment - Proactive encompassing Graphic Interface,320.14,Debt Payment,checking,-42821.57,False,Credit Card Payment,rajesh_sharma,Rajesh Sharma
0a7a1573-f1d,2024-01-28,State Farm - Cross-group incremental model,309.18,Insurance,checking,-68477.86,False,State Farm,priya_singh,Priya Singh
25d17f73-3b2,2024-01-28,Property Mgmt - Configurable zero tolerance focus group,2021.21,Housing,checking,-5216.66,False,Property Mgmt,amit_kumar,Amit Kumar
8634928e-67a,2024-01-28,Credit Card Payment - Intuitive asymmetric productivity,134.52,Debt Payment,savings,8795.65,False,Credit Card Payment,amit_kumar,Amit Kumar
45df9365-2de,2024-01-28,Netflix - Up-sized grid-enabled migration,142.58,Entertainment,credit,-64788.8,False,Netflix,amit_kumar,Amit Kumar
ae003059-6bf,2024-01-28,City Hospital - Sharable methodical capability,366.13,Healthcare,savings,25134.21,False,City Hospital,amit_kumar,Amit Kumar
c548177b-6a6,2024-01-28,Rent Payment - Fully-configurable zero administration methodology,1467.48,Housing,checking,1017.4,False,Rent Payment,amit_kumar,Amit Kumar
17420079-393,2024-01-28,"Payroll - Moran, Allen and Foster",3388.34,Income,savings,13314.17,True,"Moran, Allen and Foster",rajesh_sharma,Rajesh Sharma
22c80f89-212,2024-01-28,Chipotle - Distributed 6thgeneration collaboration,218.27,Dining,savings,16344.35,False,Chipotle,priya_singh,Priya Singh
28db1e13-c1a,2024-01-28,Property Mgmt - Intuitive 3rdgeneration info-mediaries,1591.8,Housing,credit,-24204.08,False,Property Mgmt,priya_singh,Priya Singh
c95bef9b-9c9,2024-01-29,Whole Foods - Programmable well-modulated website,38.26,Groceries,credit,-53257.12,False,Whole Foods,priya_singh,Priya Singh
8d1f63f6-837,2024-01-29,Misc Purchase - Visionary zero administration methodology,245.49,Other,credit,-60012.34,False,Misc Purchase,rajesh_sharma,Rajesh Sharma
105c2768-760,2024-01-29,Dental Care - Polarized directional benchmark,396.66,Healthcare,credit,-52896.8,False,Dental Care,rajesh_sharma,Rajesh Sharma
5e20aa61-31c,2024-01-29,Rent Payment - Stand-alone web-enabled moratorium,950.94,Housing,checking,-51262.34,False,Rent Payment,tanishka_dhanwan,Tanishka Dhanwan
5902f9d8-c11,2024-01-29,Rent Payment - Open-architected motivating analyzer,1850.8,Housing,savings,-21858.39,False,Rent Payment,rajesh_sharma,Rajesh Sharma
885e8b3e-41f,2024-01-29,Credit Card Payment - Object-based motivating Internet solution,423.02,Debt Payment,savings,-5058.97,False,Credit Card Payment,tanishka_dhanwan,Tanishka Dhanwan
ba357c61-a8e,2024-01-29,Delta Airlines - Mandatory asynchronous neural-net,46.0,Travel,credit,-39802.84,False,Delta Airlines,priya_singh,Priya Singh
95cd982f-3c4,2024-01-29,Best Buy - Grass-roots regional product,24.49,Shopping,savings,-501.12,False,Best Buy,priya_singh,Priya Singh
969ac985-a2a,2024-01-29,Best Buy - Up-sized 3rdgeneration website,59.99,Shopping,checking,-36786.36,False,Best Buy,tanishka_dhanwan,Tanishka Dhanwan
db68ab63-e0a,2024-01-29,Shell Gas - Re-engineered uniform open system,73.06,Transportation,savings,-25697.97,False,Shell Gas,tanishka_dhanwan,Tanishka Dhanwan
b5e5c877-f3d,2024-01-29,Property Mgmt - Reverse-engineered attitude-oriented service-desk,1300.31,Housing,credit,-56872.95,False,Property Mgmt,rajesh_sharma,Rajesh Sharma
81c581a4-819,2024-01-29,Costco - User-centric systematic toolset,400.73,Groceries,savings,-24199.57,False,Costco,amit_kumar,Amit Kumar
4a78894c-c87,2024-01-29,Local Bistro - Centralized encompassing time-frame,211.48,Dining,savings,25364.94,False,Local Bistro,priya_singh,Priya Singh
0d397889-291,2024-01-29,Parking Co - Reverse-engineered 3rdgeneration task-force,449.95,Transportation,checking,-17312.53,False,Parking Co,rajesh_sharma,Rajesh Sharma
ae6b7a5b-dd2,2024-01-29,Misc Purchase - Reduced bandwidth-monitored alliance,265.16,Other,credit,-4928.13,False,Misc Purchase,tanishka_dhanwan,Tanishka Dhanwan
1b482539-ce2,2024-01-30,Electric Co - Stand-alone system-worthy archive,307.67,Utilities,checking,-58730.82,False,Electric Co,tanishka_dhanwan,Tanishka Dhanwan
1f7e2387-de7,2024-01-30,Local Bistro - Reduced optimal initiative,100.85,Dining,credit,-28225.92,False,Local Bistro,priya_singh,Priya Singh
718c37d4-1c5,2024-01-30,Trader Joe's - Advanced analyzing time-frame,485.28,Groceries,savings,-61819.47,False,Trader Joe's,rajesh_sharma,Rajesh Sharma
8eb5fc6f-2fd,2024-01-30,Gym Membership - Pre-emptive foreground portal,389.05,Subscriptions,savings,23147.03,False,Gym Membership,amit_kumar,Amit Kumar
b8f79efe-ebe,2024-01-30,Water Dept - Optional intangible methodology,479.39,Utilities,credit,-21956.52,False,Water Dept,amit_kumar,Amit Kumar
390b3b0d-66e,2024-01-30,Metro Transit - Enterprise-wide systematic forecast,386.12,Transportation,checking,-54696.07,False,Metro Transit,tanishka_dhanwan,Tanishka Dhanwan
a9d300c4-3f1,2024-01-30,Payroll - Schneider and Sons,4432.29,Income,credit,-9949.93,True,Schneider and Sons,priya_singh,Priya Singh
bfe71864-3e3,2024-01-30,Electric Co - Enterprise-wide user-facing matrix,369.0,Utilities,checking,5029.62,False,Electric Co,amit_kumar,Amit Kumar
59311737-dd2,2024-01-30,Electric Co - Pre-emptive logistical concept,16.73,Utilities,credit,-63188.66,False,Electric Co,rajesh_sharma,Rajesh Sharma
bef8cdcc-9f1,2024-01-30,City Hospital - Pre-emptive hybrid synergy,75.96,Healthcare,credit,-60854.76,False,City Hospital,priya_singh,Priya Singh
07b743de-758,2024-01-30,Payroll - Newman LLC,3560.48,Income,savings,-5431.91,True,Newman LLC,priya_singh,Priya Singh
84408deb-8ec,2024-01-30,Credit Card Payment - Polarized system-worthy artificial intelligence,37.83,Debt Payment,credit,-68309.21,False,Credit Card Payment,priya_singh,Priya Singh
cc2d01bc-b51,2024-01-30,Metro Transit - Cross-platform needs-based parallelism,200.56,Transportation,savings,-31457.71,False,Metro Transit,tanishka_dhanwan,Tanishka Dhanwan
0422255a-eda,2024-01-30,Uber - Fundamental value-added paradigm,99.0,Transportation,credit,-6943.52,False,Uber,rajesh_sharma,Rajesh Sharma
88f6a2d0-6ef,2024-01-31,Whole Foods - Innovative asynchronous data-warehouse,461.91,Groceries,credit,-60082.25,False,Whole Foods,priya_singh,Priya Singh
01b5d46a-77d,2024-01-31,Spotify - Persevering intangible product,406.83,Entertainment,savings,8902.85,False,Spotify,rajesh_sharma,Rajesh Sharma
1bc67826-5dc,2024-01-31,CVS Pharmacy - Face-to-face directional adapter,192.66,Healthcare,checking,-55221.49,False,CVS Pharmacy,tanishka_dhanwan,Tanishka Dhanwan
68f47916-8e4,2024-01-31,Misc Purchase - Self-enabling intermediate architecture,123.9,Other,checking,-559.01,False,Misc Purchase,amit_kumar,Amit Kumar
d7b9adfa-66f,2024-01-31,Water Dept - Stand-alone holistic system engine,43.62,Utilities,credit,-18686.07,False,Water Dept,priya_singh,Priya Singh
ba4b96b5-a0a,2024-01-31,"Payroll - Reid, Ferguson and Sanchez",3623.52,Income,checking,5056.87,True,"Reid, Ferguson and Sanchez",rajesh_sharma,Rajesh Sharma
376a3abc-7a6,2024-01-31,State Farm - Open-architected reciprocal projection,239.39,Insurance,checking,-10120.18,False,State Farm,priya_singh,Priya Singh
87b7a2c7-c12,2024-01-31,Rent Payment - Seamless systemic concept,1337.85,Housing,checking,-5767.82,False,Rent Payment,priya_singh,Priya Singh
27ffac2e-98d,2024-01-31,Rent Payment - Advanced radical structure,1646.88,Housing,credit,-43592.88,False,Rent Payment,amit_kumar,Amit Kumar
6f4af241-9c9,2024-01-31,Uber - Adaptive well-modulated initiative,361.72,Transportation,credit,-47820.47,False,Uber,tanishka_dhanwan,Tanishka Dhanwan
6298b4c9-030,2024-01-31,"Payroll - Wells, Anderson and Rodriguez",3664.08,Income,credit,317.97,True,"Wells, Anderson and Rodriguez",tanishka_dhanwan,Tanishka Dhanwan
88c90d93-bb1,2024-01-31,Amazon - Robust clear-thinking task-force,384.82,Shopping,credit,-31028.96,False,Amazon,amit_kumar,Amit Kumar
8fb411ea-522,2024-01-31,Student Loan - Triple-buffered non-volatile framework,498.5,Debt Payment,credit,-54464.09,False,Student Loan,rajesh_sharma,Rajesh Sharma
80886faf-e3e,2024-01-31,Adobe - Organic needs-based strategy,414.18,Subscriptions,checking,-7510.7,False,Adobe,rajesh_sharma,Rajesh Sharma
1441a5dc-f2b,2024-01-31,Property Mgmt - Switchable system-worthy flexibility,2086.29,Housing,credit,-55316.76,False,Property Mgmt,rajesh_sharma,Rajesh Sharma
945d86e3-15f,2024-01-31,Target - Enterprise-wide incremental utilization,450.55,Shopping,savings,17133.19,False,Target,amit_kumar,Amit Kumar
f3567ec6-c89,2024-02-01,Spotify - Managed mission-critical Local Area Network,462.47,Entertainment,checking,-5573.23,False,Spotify,priya_singh,Priya Singh
91f68b73-c3b,2024-02-01,Property Mgmt - Multi-lateral bi-directional collaboration,1101.15,Housing,savings,27152.93,False,Property Mgmt,priya_singh,Priya Singh
fecd9d88-927,2024-02-01,AMC Theaters - Cloned clear-thinking firmware,26.14,Entertainment,checking,1376.93,False,AMC Theaters,amit_kumar,Amit Kumar
a1b91275-80d,2024-02-01,McDonald's - Fully-configurable demand-driven benchmark,254.64,Dining,credit,-35160.91,False,McDonald's,tanishka_dhanwan,Tanishka Dhanwan
fe141fb7-e4f,2024-02-01,Chipotle - Enhanced 5thgeneration infrastructure,154.65,Dining,savings,-27209.03,False,Chipotle,rajesh_sharma,Rajesh Sharma
1a10d2cd-cb7,2024-02-01,Chipotle - Secured context-sensitive service-desk,489.0,Dining,savings,-53593.07,False,Chipotle,rajesh_sharma,Rajesh Sharma
70a1a9f9-fc7,2024-02-01,City Hospital - Front-line attitude-oriented knowledgebase,493.97,Healthcare,credit,-12289.61,False,City Hospital,priya_singh,Priya Singh
6b693f8e-781,2024-02-01,Water Dept - Synergized stable leverage,250.68,Utilities,savings,-11196.37,False,Water Dept,amit_kumar,Amit Kumar
565c763f-8ae,2024-02-01,Trader Joe's - Fundamental bandwidth-monitored groupware,70.53,Groceries,checking,-58423.15,False,Trader Joe's,tanishka_dhanwan,Tanishka Dhanwan
4fd315cb-1fb,2024-02-01,Trader Joe's - Operative national synergy,240.44,Groceries,credit,-22865.57,False,Trader Joe's,rajesh_sharma,Rajesh Sharma
15039ce6-b16,2024-02-01,Walmart - Secured asymmetric system engine,243.33,Groceries,credit,-24447.41,False,Walmart,priya_singh,Priya Singh
0a464e3b-20c,2024-02-01,Costco - Sharable analyzing ability,171.41,Groceries,credit,3235.98,False,Costco,priya_singh,Priya Singh
87d35064-4e3,2024-02-01,Uber - Team-oriented uniform Internet solution,397.0,Transportation,checking,4033.45,False,Uber,tanishka_dhanwan,Tanishka Dhanwan
3bf982c6-fc8,2024-02-01,Local Bistro - Virtual bandwidth-monitored policy,122.21,Dining,savings,24548.73,False,Local Bistro,amit_kumar,Amit Kumar
c28e584a-5fb,2024-02-01,Starbucks - Reactive asynchronous frame,486.79,Dining,checking,-2575.63,False,Starbucks,priya_singh,Priya Singh
8a5f5631-f3f,2024-02-02,Metro Transit - Customer-focused systematic emulation,333.75,Transportation,checking,-17821.93,False,Metro Transit,rajesh_sharma,Rajesh Sharma
f074895a-2a0,2024-02-02,Trader Joe's - Cross-platform stable Internet solution,348.51,Groceries,checking,-134.27,False,Trader Joe's,rajesh_sharma,Rajesh Sharma
73721058-bac,2024-02-02,Payroll - Ruiz Ltd,2533.59,Income,checking,-14778.94,True,Ruiz Ltd,rajesh_sharma,Rajesh Sharma
52ec04ac-a7f,2024-02-02,Marriott - Pre-emptive multi-tasking process improvement,382.82,Travel,credit,-58807.67,False,Marriott,priya_singh,Priya Singh
f966046f-c20,2024-02-02,Payroll - Stevens-Johnson,1566.16,Income,credit,-1129.36,True,Stevens-Johnson,amit_kumar,Amit Kumar
1477662d-c99,2024-02-02,Tuition - Optional national adapter,407.77,Education,credit,-19988.42,False,Tuition,amit_kumar,Amit Kumar
c39260d6-538,2024-02-02,Water Dept - Devolved hybrid instruction set,389.55,Utilities,checking,-49698.48,False,Water Dept,amit_kumar,Amit Kumar
b060b13f-0a7,2024-02-02,Uber - Multi-layered heuristic database,64.9,Transportation,savings,13961.73,False,Uber,rajesh_sharma,Rajesh Sharma
57fe0d14-61f,2024-02-02,AMC Theaters - Team-oriented incremental portal,143.98,Entertainment,savings,14340.65,False,AMC Theaters,tanishka_dhanwan,Tanishka Dhanwan
15d2b73d-af2,2024-02-02,Chipotle - Business-focused zero-defect conglomeration,69.89,Dining,savings,-15530.14,False,Chipotle,amit_kumar,Amit Kumar
b733360d-cb1,2024-02-02,State Farm - Reduced hybrid Local Area Network,484.86,Insurance,checking,-53655.35,False,State Farm,priya_singh,Priya Singh
1536cc8c-169,2024-02-03,Payroll - Graham and Sons,1884.74,Income,checking,-55628.08,True,Graham and Sons,rajesh_sharma,Rajesh Sharma
8858c786-c70,2024-02-03,ATM Withdrawal - Business-focused didactic adapter,119.17,Other,checking,11565.16,False,ATM Withdrawal,tanishka_dhanwan,Tanishka Dhanwan
d78b6e1b-d5e,2024-02-03,Chipotle - Compatible zero tolerance focus group,198.44,Dining,savings,-5834.38,False,Chipotle,priya_singh,Priya Singh
29c2fb61-17a,2024-02-03,Misc Purchase - Ergonomic explicit intranet,129.58,Other,checking,-51335.8,False,Misc Purchase,priya_singh,Priya Singh
2e49f1b8-097,2024-02-03,Metro Transit - Enterprise-wide dedicated architecture,74.97,Transportation,savings,1395.87,False,Metro Transit,amit_kumar,Amit Kumar
c70735cd-9e4,2024-02-03,Starbucks - Devolved multimedia help-desk,152.59,Dining,savings,-22431.48,False,Starbucks,amit_kumar,Amit Kumar
f4337fcf-fbb,2024-02-03,Uber - Advanced composite projection,342.8,Transportation,checking,4224.61,False,Uber,amit_kumar,Amit Kumar
06ce7b64-7bf,2024-02-03,Student Loan - Synergized bottom-line infrastructure,430.83,Debt Payment,checking,315.93,False,Student Loan,amit_kumar,Amit Kumar
c61058e7-03e,2024-02-03,Spotify - Ergonomic 6thgeneration paradigm,496.41,Entertainment,credit,-34457.9,False,Spotify,tanishka_dhanwan,Tanishka Dhanwan
a1b5f676-429,2024-02-03,Chipotle - Organized next generation algorithm,224.03,Dining,credit,-59676.41,False,Chipotle,amit_kumar,Amit Kumar
defb19ff-4be,2024-02-03,Netflix - Cross-group impactful secured line,105.4,Entertainment,savings,-28449.46,False,Netflix,rajesh_sharma,Rajesh Sharma
b9399af5-79d,2024-02-03,Parking Co - Vision-oriented responsive implementation,221.75,Transportation,credit,-64764.2,False,Parking Co,priya_singh,Priya Singh
5d784b36-9a2,2024-02-03,Internet Provider - Customizable intangible collaboration,290.11,Utilities,credit,4371.84,False,Internet Provider,priya_singh,Priya Singh
b00289e4-b93,2024-02-03,State Farm - Optimized maximized emulation,55.35,Insurance,savings,-51572.62,False,State Farm,rajesh_sharma,Rajesh Sharma
7389a24f-4a2,2024-02-03,HOA Fees - Reactive demand-driven intranet,1196.19,Housing,savings,-21953.87,False,HOA Fees,amit_kumar,Amit Kumar
769cadbd-f66,2024-02-03,Spotify - Proactive optimizing implementation,448.8,Entertainment,checking,7891.97,False,Spotify,amit_kumar,Amit Kumar
4177f64f-50b,2024-02-03,ATM Withdrawal - Face-to-face clear-thinking solution,178.24,Other,credit,-6919.1,False,ATM Withdrawal,amit_kumar,Amit Kumar
8ffae1b1-39f,2024-02-04,Whole Foods - Function-based well-modulated matrix,10.24,Groceries,credit,-63171.93,False,Whole Foods,rajesh_sharma,Rajesh Sharma
6c2275c0-3c5,2024-02-04,Property Mgmt - Organic bifurcated software,1251.95,Housing,credit,-65304.08,False,Property Mgmt,rajesh_sharma,Rajesh Sharma
ba564f16-12c,2024-02-04,State Farm - Persevering 24/7 help-desk,214.05,Insurance,savings,-8437.32,False,State Farm,tanishka_dhanwan,Tanishka Dhanwan
da82305f-61e,2024-02-04,Chipotle - Public-key maximized interface,186.45,Dining,credit,-42666.4,False,Chipotle,tanishka_dhanwan,Tanishka Dhanwan
b353f215-c83,2024-02-04,Metro Transit - De-engineered object-oriented database,168.26,Transportation,credit,-75699.9,False,Metro Transit,amit_kumar,Amit Kumar
158d4bf1-46d,2024-02-04,Metro Transit - Proactive non-volatile concept,65.55,Transportation,checking,-53207.89,False,Metro Transit,rajesh_sharma,Rajesh Sharma
6c6e49fc-9d8,2024-02-04,Best Buy - Stand-alone intangible leverage,468.71,Shopping,savings,10510.99,False,Best Buy,amit_kumar,Amit Kumar
8347bfab-a40,2024-02-04,Uber - Organized full-range pricing structure,179.29,Transportation,checking,-4434.54,False,Uber,priya_singh,Priya Singh
b1bc4960-f48,2024-02-04,Gym Membership - Optional background success,359.16,Subscriptions,checking,-59293.33,False,Gym Membership,tanishka_dhanwan,Tanishka Dhanwan
32cf5fcf-5e3,2024-02-04,Credit Card Payment - Implemented solution-oriented encryption,360.33,Debt Payment,checking,-21722.58,False,Credit Card Payment,tanishka_dhanwan,Tanishka Dhanwan
f2e2b55d-ff8,2024-02-04,AMC Theaters - User-friendly directional standardization,325.81,Entertainment,checking,2509.36,False,AMC Theaters,tanishka_dhanwan,Tanishka Dhanwan
a909c823-f00,2024-02-04,Netflix - Future-proofed reciprocal workforce,221.9,Entertainment,checking,-15555.6,False,Netflix,rajesh_sharma,Rajesh Sharma
2a57bd13-788,2024-02-04,Credit Card Payment - Diverse contextually-based definition,177.31,Debt Payment,credit,-27773.42,False,Credit Card Payment,priya_singh,Priya Singh
bc58a5e9-740,2024-02-04,Local Bistro - Fundamental multi-state customer loyalty,399.44,Dining,savings,13324.47,False,Local Bistro,priya_singh,Priya Singh
751629c5-2b4,2024-02-04,Rent Payment - Pre-emptive upward-trending infrastructure,1078.67,Housing,savings,-16608.81,False,Rent Payment,amit_kumar,Amit Kumar
5e876e9b-b9c,2024-02-04,Amazon - Persevering modular budgetary management,364.15,Shopping,checking,2704.58,False,Amazon,amit_kumar,Amit Kumar
fd424566-d32,2024-02-04,Uber - Extended optimal ability,383.97,Transportation,savings,17969.38,False,Uber,amit_kumar,Amit Kumar
77e0ae37-223,2024-02-04,Marriott - Cross-group directional installation,161.34,Travel,savings,-32937.83,False,Marriott,tanishka_dhanwan,Tanishka Dhanwan
e5426ebd-bcb,2024-02-04,Marriott - Exclusive scalable neural-net,243.58,Travel,savings,-18572.8,False,Marriott,rajesh_sharma,Rajesh Sharma
39870c04-4a5,2024-02-04,Starbucks - Public-key reciprocal throughput,11.24,Dining,checking,7455.09,False,Starbucks,amit_kumar,Amit Kumar
43177e80-65b,2024-02-05,Local Bistro - Synergistic interactive open architecture,157.48,Dining,credit,-70743.42,False,Local Bistro,rajesh_sharma,Rajesh Sharma
c58d9c41-6ab,2024-02-05,Misc Purchase - Multi-lateral directional challenge,44.66,Other,credit,-7858.38,False,Misc Purchase,rajesh_sharma,Rajesh Sharma
ab63a31a-2ad,2024-02-05,Trader Joe's - Optimized coherent firmware,466.13,Groceries,savings,-31152.36,False,Trader Joe's,tanishka_dhanwan,Tanishka Dhanwan
892bfa66-f4e,2024-02-05,Delta Airlines - Phased interactive groupware,287.46,Travel,savings,-10727.57,False,Delta Airlines,tanishka_dhanwan,Tanishka Dhanwan
a0004243-b92,2024-02-05,Parking Co - Open-source tertiary process improvement,95.95,Transportation,savings,-30996.53,False,Parking Co,tanishka_dhanwan,Tanishka Dhanwan
4f1bb744-e14,2024-02-05,Online Course - Self-enabling 24/7 encryption,232.09,Education,checking,-30326.35,False,Online Course,tanishka_dhanwan,Tanishka Dhanwan
8e322012-912,2024-02-05,Trader Joe's - Cross-group modular knowledge user,92.17,Groceries,credit,-12381.78,False,Trader Joe's,priya_singh,Priya Singh
d5de42e7-213,2024-02-05,Walmart - Focused discrete software,47.08,Groceries,credit,-56196.73,False,Walmart,priya_singh,Priya Singh
598b4009-0af,2024-02-05,Payroll - Jones and Sons,4109.6,Income,credit,688.18,True,Jones and Sons,priya_singh,Priya Singh
c7ffa453-e6a,2024-02-06,HOA Fees - Open-architected zero-defect analyzer,1929.78,Housing,checking,-44575.22,False,HOA Fees,priya_singh,Priya Singh
2ab52dc4-bf3,2024-02-06,Internet Provider - Enhanced actuating capability,151.98,Utilities,savings,-17704.32,False,Internet Provider,amit_kumar,Amit Kumar
e345fae4-109,2024-02-06,"Payroll - Johnson, Floyd and Weeks",1802.8,Income,checking,-8784.22,True,"Johnson, Floyd and Weeks",amit_kumar,Amit Kumar
798f0d50-099,2024-02-06,Best Buy - Cross-platform optimizing contingency,473.2,Shopping,savings,-14308.99,False,Best Buy,amit_kumar,Amit Kumar
d84fa485-be6,2024-02-06,Costco - Networked reciprocal instruction set,317.48,Groceries,credit,-51664.62,False,Costco,rajesh_sharma,Rajesh Sharma
b88d141e-e8c,2024-02-06,"Payroll - Wheeler, Avila and Owen",3961.05,Income,credit,-1924.07,True,"Wheeler, Avila and Owen",amit_kumar,Amit Kumar
9d525e75-75d,2024-02-06,Netflix - Function-based zero administration monitoring,97.98,Entertainment,checking,1603.11,False,Netflix,priya_singh,Priya Singh
8130101c-be1,2024-02-06,Metro Transit - Fully-configurable scalable focus group,417.51,Transportation,credit,-26084.34,False,Metro Transit,rajesh_sharma,Rajesh Sharma
7caaea50-525,2024-02-06,Chipotle - Up-sized discrete monitoring,100.72,Dining,checking,-26983.39,False,Chipotle,priya_singh,Priya Singh
41827845-655,2024-02-06,Starbucks - Ergonomic methodical hardware,83.36,Dining,checking,1007.18,False,Starbucks,amit_kumar,Amit Kumar
735ef484-b6e,2024-02-06,HOA Fees - Team-oriented demand-driven installation,1540.63,Housing,savings,-25435.17,False,HOA Fees,rajesh_sharma,Rajesh Sharma
2d82de24-399,2024-02-07,Cloud Storage - Cloned contextually-based challenge,30.29,Subscriptions,savings,26417.37,False,Cloud Storage,priya_singh,Priya Singh
9ec66f91-03a,2024-02-07,Misc Purchase - Multi-channeled interactive Local Area Network,313.6,Other,credit,-36724.46,False,Misc Purchase,tanishka_dhanwan,Tanishka Dhanwan
cc54fd47-d32,2024-02-07,Walmart - Object-based well-modulated product,311.14,Groceries,checking,9117.73,False,Walmart,tanishka_dhanwan,Tanishka Dhanwan
dd72967f-a22,2024-02-07,Spotify - Extended actuating website,407.41,Entertainment,credit,-15070.91,False,Spotify,amit_kumar,Amit Kumar
e93fe80f-9db,2024-02-07,Rent Payment - Progressive intermediate circuit,1287.11,Housing,checking,4166.56,False,Rent Payment,amit_kumar,Amit Kumar
8a6a720a-67c,2024-02-07,Gym Membership - Advanced modular workforce,412.61,Subscriptions,checking,-9316.33,False,Gym Membership,amit_kumar,Amit Kumar
f023ae1f-477,2024-02-07,Credit Card Payment - De-engineered regional moratorium,286.92,Debt Payment,checking,42.87,False,Credit Card Payment,tanishka_dhanwan,Tanishka Dhanwan
de6752e5-368,2024-02-07,Best Buy - Grass-roots analyzing product,22.42,Shopping,checking,-36144.62,False,Best Buy,priya_singh,Priya Singh
12352fa3-cba,2024-02-07,"Payroll - Patrick, Franklin and Martinez",1887.38,Income,checking,-25671.92,True,"Patrick, Franklin and Martinez",tanishka_dhanwan,Tanishka Dhanwan
0700bd99-b59,2024-02-07,Electric Co - Intuitive context-sensitive strategy,27.09,Utilities,savings,12909.78,False,Electric Co,priya_singh,Priya Singh
55e7df01-0ba,2024-02-07,HOA Fees - Universal well-modulated matrix,1917.28,Housing,credit,-49298.97,False,HOA Fees,rajesh_sharma,Rajesh Sharma
4d58c71b-71f,2024-02-07,Trader Joe's - Realigned background data-warehouse,321.39,Groceries,checking,3680.38,False,Trader Joe's,amit_kumar,Amit Kumar
344f658b-102,2024-02-07,Tuition - De-engineered attitude-oriented instruction set,296.14,Education,checking,-51716.6,False,Tuition,tanishka_dhanwan,Tanishka Dhanwan
7db2db41-31b,2024-02-07,Student Loan - Right-sized maximized moderator,9.61,Debt Payment,savings,15416.88,False,Student Loan,rajesh_sharma,Rajesh Sharma
f9639dd6-7b4,2024-02-07,Netflix - Optimized didactic circuit,213.93,Entertainment,savings,10044.73,False,Netflix,amit_kumar,Amit Kumar
78f81012-452,2024-02-07,Parking Co - Fundamental motivating architecture,49.59,Transportation,credit,-11263.06,False,Parking Co,amit_kumar,Amit Kumar
a5cc50b3-8d6,2024-02-07,AMC Theaters - Sharable zero administration array,369.37,Entertainment,checking,-41042.12,False,AMC Theaters,rajesh_sharma,Rajesh Sharma
547b80ab-5b7,2024-02-07,ATM Withdrawal - Reverse-engineered national core,73.24,Other,checking,-36832.95,False,ATM Withdrawal,amit_kumar,Amit Kumar
38ffa329-52a,2024-02-08,Chipotle - Function-based interactive Graphical User Interface,445.6,Dining,checking,-57665.77,False,Chipotle,tanishka_dhanwan,Tanishka Dhanwan
3c6c6fda-a7c,2024-02-08,Netflix - Fundamental motivating task-force,282.65,Entertainment,credit,-5426.79,False,Netflix,rajesh_sharma,Rajesh Sharma
93363143-821,2024-02-08,Student Loan - Optional national application,88.55,Debt Payment,checking,-25034.11,False,Student Loan,tanishka_dhanwan,Tanishka Dhanwan
2dba5e29-940,2024-02-08,Health Ins Co - Re-contextualized modular model,485.62,Insurance,checking,-54354.9,False,Health Ins Co,priya_singh,Priya Singh
47feff41-b51,2024-02-08,Netflix - Synchronized homogeneous Local Area Network,92.13,Entertainment,credit,-37680.77,False,Netflix,tanishka_dhanwan,Tanishka Dhanwan
3c6056fd-d70,2024-02-08,Local Bistro - Open-source multimedia adapter,68.6,Dining,credit,1985.63,False,Local Bistro,priya_singh,Priya Singh
07b607df-164,2024-02-08,Internet Provider - Organic high-level migration,419.71,Utilities,checking,12464.7,False,Internet Provider,tanishka_dhanwan,Tanishka Dhanwan
5815ce26-4ff,2024-02-08,Best Buy - User-friendly high-level paradigm,330.34,Shopping,checking,4247.3,False,Best Buy,amit_kumar,Amit Kumar
577d1df8-208,2024-02-08,HOA Fees - Distributed tertiary data-warehouse,1643.36,Housing,checking,-14994.82,False,HOA Fees,rajesh_sharma,Rajesh Sharma
6b633379-6c6,2024-02-08,Misc Purchase - Digitized even-keeled challenge,108.72,Other,savings,-26823.19,False,Misc Purchase,amit_kumar,Amit Kumar
d7ed93d3-338,2024-02-08,"Payroll - Barr, Cole and Dixon",2194.8,Income,checking,-18137.53,True,"Barr, Cole and Dixon",amit_kumar,Amit Kumar
0e1e441d-f38,2024-02-08,ATM Withdrawal - Cross-group analyzing policy,143.93,Other,savings,-5178.28,False,ATM Withdrawal,priya_singh,Priya Singh
551e7ff9-6e9,2024-02-08,Starbucks - Profit-focused uniform strategy,60.92,Dining,credit,-41852.34,False,Starbucks,tanishka_dhanwan,Tanishka Dhanwan
5de8da83-21d,2024-02-08,State Farm - Customizable zero administration array,317.52,Insurance,credit,-68628.83,False,State Farm,amit_kumar,Amit Kumar
e2d1f1ab-bd7,2024-02-08,Cloud Storage - Triple-buffered mobile productivity,340.76,Subscriptions,credit,-65129.56,False,Cloud Storage,amit_kumar,Amit Kumar
d0f3b9f8-43a,2024-02-08,Credit Card Payment - Intuitive full-range paradigm,296.22,Debt Payment,savings,6691.57,False,Credit Card Payment,amit_kumar,Amit Kumar
17166b29-79a,2024-02-09,Tuition - Phased tertiary toolset,245.51,Education,credit,-69155.06,False,Tuition,amit_kumar,Amit Kumar
84a928c8-b2e,2024-02-09,Water Dept - Intuitive dedicated customer loyalty,412.53,Utilities,checking,6491.98,False,Water Dept,tanishka_dhanwan,Tanishka Dhanwan
a51dd155-72c,2024-02-09,Target - Open-architected web-enabled groupware,61.41,Shopping,credit,-63732.99,False,Target,rajesh_sharma,Rajesh Sharma
1354feff-8ab,2024-02-09,AMC Theaters - Advanced bi-directional moratorium,168.07,Entertainment,savings,-20870.33,False,AMC Theaters,amit_kumar,Amit Kumar
92ef8986-8a0,2024-02-09,"Payroll - Smith, Gilmore and Johnston",3995.09,Income,checking,-11234.39,True,"Smith, Gilmore and Johnston",rajesh_sharma,Rajesh Sharma
756fa92c-c30,2024-02-09,Credit Card Payment - Reduced solution-oriented alliance,428.68,Debt Payment,credit,-55270.17,False,Credit Card Payment,amit_kumar,Amit Kumar
0266ec00-c48,2024-02-09,Spotify - Re-engineered clear-thinking attitude,421.85,Entertainment,credit,-79139.28,False,Spotify,amit_kumar,Amit Kumar
b01ab790-1a6,2024-02-09,Property Mgmt - Seamless logistical conglomeration,1269.27,Housing,credit,-74615.51,False,Property Mgmt,priya_singh,Priya Singh
2688fa52-0ce,2024-02-09,Walmart - Extended web-enabled process improvement,92.87,Groceries,credit,-21761.61,False,Walmart,priya_singh,Priya Singh
6f821113-d66,2024-02-09,Parking Co - Extended fault-tolerant middleware,398.5,Transportation,credit,-50144.19,False,Parking Co,tanishka_dhanwan,Tanishka Dhanwan
4de628ee-231,2024-02-09,Credit Card Payment - Vision-oriented analyzing throughput,121.18,Debt Payment,savings,7313.02,False,Credit Card Payment,priya_singh,Priya Singh
d71cf68b-9ba,2024-02-09,Online Course - Configurable non-volatile open system,484.72,Education,checking,11314.16,False,Online Course,tanishka_dhanwan,Tanishka Dhanwan
f186cc88-d91,2024-02-09,Online Course - Total cohesive attitude,438.93,Education,credit,-36371.0,False,Online Course,priya_singh,Priya Singh
636abbd8-434,2024-02-10,Gym Membership - Business-focused system-worthy toolset,193.17,Subscriptions,credit,-8984.36,False,Gym Membership,amit_kumar,Amit Kumar
91d52994-8ab,2024-02-10,Parking Co - Reverse-engineered directional model,148.9,Transportation,credit,-72300.98,False,Parking Co,rajesh_sharma,Rajesh Sharma
409accdf-158,2024-02-10,ATM Withdrawal - Optional cohesive application,104.69,Other,savings,11074.74,False,ATM Withdrawal,priya_singh,Priya Singh
4810fe26-d26,2024-02-10,Amazon - User-friendly bifurcated orchestration,459.67,Shopping,credit,-67676.8,False,Amazon,amit_kumar,Amit Kumar
76ad13f9-b3a,2024-02-10,"Payroll - Henson, Jones and Sanders",2165.31,Income,checking,-32294.56,True,"Henson, Jones and Sanders",rajesh_sharma,Rajesh Sharma
ca867824-e3a,2024-02-10,Payroll - Cross LLC,3162.32,Income,credit,-73709.44,True,Cross LLC,amit_kumar,Amit Kumar
f7044c08-08a,2024-02-10,AMC Theaters - Mandatory logistical moderator,414.76,Entertainment,savings,-30505.27,False,AMC Theaters,tanishka_dhanwan,Tanishka Dhanwan
34d0e2fc-7a0,2024-02-10,Internet Provider - Operative full-range success,382.49,Utilities,checking,-9212.02,False,Internet Provider,priya_singh,Priya Singh
d6b8d26c-7ea,2024-02-10,Starbucks - Digitized 4thgeneration frame,407.17,Dining,checking,-1396.12,False,Starbucks,amit_kumar,Amit Kumar
ca9f90ac-6b0,2024-02-10,Water Dept - Multi-layered 24/7 model,69.62,Utilities,savings,6093.33,False,Water Dept,amit_kumar,Amit Kumar
bc2738b3-778,2024-02-10,State Farm - Cloned secondary Graphical User Interface,489.65,Insurance,credit,-68231.14,False,State Farm,amit_kumar,Amit Kumar
c3477104-d44,2024-02-11,Student Loan - Compatible didactic protocol,76.85,Debt Payment,checking,10614.91,False,Student Loan,tanishka_dhanwan,Tanishka Dhanwan
24729149-873,2024-02-11,Local Bistro - Sharable local productivity,50.94,Dining,savings,5169.7,False,Local Bistro,tanishka_dhanwan,Tanishka Dhanwan
fc090fe2-1cd,2024-02-11,Starbucks - Universal intangible moderator,340.45,Dining,savings,12755.28,False,Starbucks,tanishka_dhanwan,Tanishka Dhanwan
e060de69-bbb,2024-02-11,Property Mgmt - Horizontal upward-trending ability,1389.75,Housing,savings,-10179.64,False,Property Mgmt,tanishka_dhanwan,Tanishka Dhanwan
fb8d4406-26d,2024-02-11,Misc Purchase - Balanced dynamic strategy,75.9,Other,credit,-48551.06,False,Misc Purchase,rajesh_sharma,Rajesh Sharma
4b4f2007-bc0,2024-02-11,Amazon - Versatile stable standardization,275.24,Shopping,checking,-37607.35,False,Amazon,amit_kumar,Amit Kumar
e6c6b5cd-882,2024-02-11,Dental Care - Multi-lateral well-modulated flexibility,398.27,Healthcare,credit,-61482.03,False,Dental Care,rajesh_sharma,Rajesh Sharma
eb670d16-773,2024-02-11,Trader Joe's - Open-architected exuding analyzer,239.85,Groceries,credit,-35180.73,False,Trader Joe's,tanishka_dhanwan,Tanishka Dhanwan
67cd3276-980,2024-02-11,Target - Re-contextualized bandwidth-monitored moderator,12.74,Shopping,credit,-64157.67,False,Target,rajesh_sharma,Rajesh Sharma
5591fa26-ccb,2024-02-11,Starbucks - Expanded tertiary conglomeration,48.36,Dining,savings,-35221.5,False,Starbucks,tanishka_dhanwan,Tanishka Dhanwan
356816c0-524,2024-02-11,Adobe - Up-sized didactic methodology,380.94,Subscriptions,checking,-12122.02,False,Adobe,amit_kumar,Amit Kumar
362fa361-5ac,2024-02-11,Health Ins Co - Right-sized heuristic leverage,202.56,Insurance,credit,-32174.54,False,Health Ins Co,tanishka_dhanwan,Tanishka Dhanwan
075eff43-148,2024-02-11,Property Mgmt - Managed 3rdgeneration definition,1191.24,Housing,credit,-33278.27,False,Property Mgmt,tanishka_dhanwan,Tanishka Dhanwan
91e0269b-251,2024-02-11,Chipotle - Optional well-modulated collaboration,429.52,Dining,credit,-64573.08,False,Chipotle,amit_kumar,Amit Kumar
5ddca40a-91b,2024-02-11,Health Ins Co - Ergonomic leadingedge access,454.12,Insurance,credit,-38628.68,False,Health Ins Co,amit_kumar,Amit Kumar
9bc3d3e9-3ff,2024-02-11,"Payroll - Sanchez, Beck and Wood",4091.34,Income,credit,-31147.98,True,"Sanchez, Beck and Wood",rajesh_sharma,Rajesh Sharma
637cede9-65e,2024-02-11,Chipotle - Optimized web-enabled flexibility,32.71,Dining,checking,-67740.81,False,Chipotle,priya_singh,Priya Singh
997f4bab-b47,2024-02-11,Credit Card Payment - Ameliorated motivating standardization,49.88,Debt Payment,checking,-27788.41,False,Credit Card Payment,rajesh_sharma,Rajesh Sharma
0720d716-131,2024-02-11,Cloud Storage - Integrated zero tolerance infrastructure,201.85,Subscriptions,checking,-3904.02,False,Cloud Storage,priya_singh,Priya Singh
e969be5e-c2e,2024-02-12,Property Mgmt - Devolved uniform open architecture,1541.79,Housing,savings,1659.48,False,Property Mgmt,amit_kumar,Amit Kumar
1f71f572-c23,2024-02-12,Tuition - Networked content-based moderator,75.58,Education,checking,-25497.46,False,Tuition,priya_singh,Priya Singh
be4c1558-c11,2024-02-12,Rent Payment - Ameliorated explicit projection,1966.33,Housing,checking,-35492.95,False,Rent Payment,priya_singh,Priya Singh
004a1be7-8f3,2024-02-12,Payroll - Williams and Sons,2420.36,Income,checking,801.03,True,Williams and Sons,tanishka_dhanwan,Tanishka Dhanwan
461fd3d5-24a,2024-02-12,Local Bistro - Innovative incremental application,148.29,Dining,credit,3600.66,False,Local Bistro,priya_singh,Priya Singh
16903524-fc7,2024-02-12,Metro Transit - Profit-focused secondary Graphical User Interface,251.27,Transportation,savings,4181.22,False,Metro Transit,rajesh_sharma,Rajesh Sharma
cdd182c5-4f4,2024-02-12,"Payroll - Hunt, Cameron and Kelley",1915.7,Income,checking,-7790.1,True,"Hunt, Cameron and Kelley",priya_singh,Priya Singh
94f44f61-75c,2024-02-12,Whole Foods - Quality-focused empowering pricing structure,329.18,Groceries,credit,-35788.55,False,Whole Foods,tanishka_dhanwan,Tanishka Dhanwan
c1d8ae82-86a,2024-02-12,HOA Fees - Monitored disintermediate superstructure,1069.52,Housing,credit,-50376.85,False,HOA Fees,rajesh_sharma,Rajesh Sharma
8eb085b9-ff7,2024-02-12,ATM Withdrawal - Enterprise-wide 3rdgeneration capacity,317.54,Other,credit,-48759.42,False,ATM Withdrawal,priya_singh,Priya Singh
78e413e8-ba2,2024-02-12,Shell Gas - Advanced executive hardware,155.75,Transportation,credit,-3450.9,False,Shell Gas,amit_kumar,Amit Kumar
bfa4fd2a-98e,2024-02-12,Expedia - Exclusive radical initiative,451.46,Travel,credit,-5658.07,False,Expedia,amit_kumar,Amit Kumar
d48dd09d-76f,2024-02-12,Netflix - Up-sized systematic forecast,329.76,Entertainment,checking,-26412.12,False,Netflix,tanishka_dhanwan,Tanishka Dhanwan
cc780267-f70,2024-02-12,Trader Joe's - Vision-oriented optimal benchmark,28.7,Groceries,checking,-51964.9,False,Trader Joe's,amit_kumar,Amit Kumar
5df8794e-d32,2024-02-12,Walmart - Enterprise-wide 4thgeneration functionalities,324.45,Groceries,checking,-67446.7,False,Walmart,rajesh_sharma,Rajesh Sharma
23069985-5aa,2024-02-12,HOA Fees - Multi-layered attitude-oriented portal,1001.28,Housing,savings,26906.95,False,HOA Fees,priya_singh,Priya Singh
2ddf1e6e-39d,2024-02-12,Marriott - Decentralized non-volatile info-mediaries,416.44,Travel,credit,-36472.63,False,Marriott,tanishka_dhanwan,Tanishka Dhanwan
cb9d6bda-61b,2024-02-12,Metro Transit - Open-source directional protocol,116.7,Transportation,checking,-2569.29,False,Metro Transit,tanishka_dhanwan,Tanishka Dhanwan
e5226d8c-655,2024-02-13,Misc Purchase - Ameliorated background infrastructure,56.44,Other,savings,-23751.83,False,Misc Purchase,rajesh_sharma,Rajesh Sharma
3a6e463d-2de,2024-02-13,Target - Advanced bottom-line budgetary management,71.96,Shopping,checking,-42469.23,False,Target,amit_kumar,Amit Kumar
7b1a362c-ed8,2024-02-13,McDonald's - Streamlined directional framework,309.44,Dining,credit,-13201.39,False,McDonald's,tanishka_dhanwan,Tanishka Dhanwan
104912bc-9e1,2024-02-13,Online Course - Re-engineered encompassing migration,400.77,Education,checking,-39367.3,False,Online Course,rajesh_sharma,Rajesh Sharma
e32939c7-09a,2024-02-13,Cloud Storage - User-centric needs-based website,175.0,Subscriptions,savings,4970.11,False,Cloud Storage,rajesh_sharma,Rajesh Sharma
81fd5685-b10,2024-02-13,AMC Theaters - Operative directional Graphic Interface,444.39,Entertainment,checking,-53937.33,False,AMC Theaters,rajesh_sharma,Rajesh Sharma
f3a24382-139,2024-02-13,Parking Co - Future-proofed responsive instruction set,127.92,Transportation,savings,-54367.65,False,Parking Co,rajesh_sharma,Rajesh Sharma
dec4ac3b-63d,2024-02-13,State Farm - Polarized well-modulated open system,277.55,Insurance,savings,-21147.88,False,State Farm,amit_kumar,Amit Kumar
79d05cc2-044,2024-02-13,Starbucks - Centralized heuristic groupware,269.3,Dining,credit,-74495.35,False,Starbucks,amit_kumar,Amit Kumar
67db1bbb-673,2024-02-13,Marriott - Sharable tertiary approach,116.04,Travel,checking,-51832.64,False,Marriott,tanishka_dhanwan,Tanishka Dhanwan
8fe6b8c1-a81,2024-02-13,"Payroll - Watts, Mcclain and Johnson",4449.82,Income,savings,-36513.04,True,"Watts, Mcclain and Johnson",tanishka_dhanwan,Tanishka Dhanwan
bf892ea4-9d1,2024-02-13,Property Mgmt - Open-architected context-sensitive policy,1328.32,Housing,checking,-2672.68,False,Property Mgmt,tanishka_dhanwan,Tanishka Dhanwan
31865ac7-226,2024-02-13,Health Ins Co - Inverse zero-defect superstructure,225.77,Insurance,credit,-46744.56,False,Health Ins Co,tanishka_dhanwan,Tanishka Dhanwan
7bcf9dad-531,2024-02-13,Property Mgmt - Focused 3rdgeneration approach,1135.04,Housing,credit,-32691.92,False,Property Mgmt,tanishka_dhanwan,Tanishka Dhanwan
c6d85f75-6a0,2024-02-14,Gym Membership - Cross-platform homogeneous migration,216.62,Subscriptions,savings,-17079.19,False,Gym Membership,tanishka_dhanwan,Tanishka Dhanwan
f70ae3d6-c39,2024-02-14,AMC Theaters - Robust mobile data-warehouse,396.01,Entertainment,checking,13818.75,False,AMC Theaters,tanishka_dhanwan,Tanishka Dhanwan
ddde5291-4d9,2024-02-14,Trader Joe's - Enhanced impactful functionalities,52.26,Groceries,checking,9652.7,False,Trader Joe's,tanishka_dhanwan,Tanishka Dhanwan
c9799c1a-a07,2024-02-14,State Farm - Ameliorated logistical archive,163.28,Insurance,credit,-52283.72,False,State Farm,rajesh_sharma,Rajesh Sharma
91937c4d-ea5,2024-02-14,Student Loan - Multi-channeled scalable website,453.41,Debt Payment,savings,17087.09,False,Student Loan,priya_singh,Priya Singh
fca5412c-1f8,2024-02-14,Starbucks - Devolved composite moderator,128.81,Dining,savings,-33145.71,False,Starbucks,tanishka_dhanwan,Tanishka Dhanwan
ff882831-aba,2024-02-14,Student Loan - Reverse-engineered didactic emulation,123.13,Debt Payment,credit,-53221.94,False,Student Loan,rajesh_sharma,Rajesh Sharma
f21d092a-af0,2024-02-14,Best Buy - Balanced exuding paradigm,204.99,Shopping,checking,1652.83,False,Best Buy,amit_kumar,Amit Kumar
ca1f8646-1c4,2024-02-14,Misc Purchase - Organic actuating core,228.32,Other,credit,-12424.16,False,Misc Purchase,amit_kumar,Amit Kumar
85d4f8b4-2b9,2024-02-14,Trader Joe's - Implemented 5thgeneration access,199.46,Groceries,savings,-27408.49,False,Trader Joe's,rajesh_sharma,Rajesh Sharma
dfd960cb-f35,2024-02-14,Tuition - Grass-roots radical standardization,278.07,Education,credit,-33176.74,False,Tuition,rajesh_sharma,Rajesh Sharma
2f5981c1-e4e,2024-02-14,CVS Pharmacy - Stand-alone optimizing archive,477.07,Healthcare,credit,-64491.49,False,CVS Pharmacy,amit_kumar,Amit Kumar
03598eb3-6ba,2024-02-14,Walmart - Proactive client-driven definition,355.73,Groceries,credit,-38314.61,False,Walmart,tanishka_dhanwan,Tanishka Dhanwan
21fdc68e-03f,2024-02-14,Electric Co - Reverse-engineered tertiary access,419.0,Utilities,credit,-60888.65,False,Electric Co,amit_kumar,Amit Kumar
9b9f987f-bb9,2024-02-14,Parking Co - Open-source context-sensitive productivity,434.43,Transportation,savings,-22985.89,False,Parking Co,tanishka_dhanwan,Tanishka Dhanwan
7713c873-066,2024-02-15,HOA Fees - Operative logistical Graphical User Interface,1247.33,Housing,checking,-24795.43,False,HOA Fees,rajesh_sharma,Rajesh Sharma
84ae0979-159,2024-02-15,Shell Gas - Synchronized asynchronous orchestration,282.47,Transportation,credit,-20353.93,False,Shell Gas,tanishka_dhanwan,Tanishka Dhanwan
7a043e31-592,2024-02-15,Rent Payment - Triple-buffered dedicated database,843.18,Housing,savings,-33110.53,False,Rent Payment,tanishka_dhanwan,Tanishka Dhanwan
452ac32a-f3c,2024-02-15,Chipotle - Synergistic uniform budgetary management,227.29,Dining,credit,-77059.03,False,Chipotle,rajesh_sharma,Rajesh Sharma
929161ea-be4,2024-02-15,Parking Co - Virtual dedicated monitoring,102.38,Transportation,savings,-27209.21,False,Parking Co,amit_kumar,Amit Kumar
432533cf-7cc,2024-02-15,Property Mgmt - Mandatory attitude-oriented leverage,1820.13,Housing,checking,-25430.16,False,Property Mgmt,priya_singh,Priya Singh
216057ca-373,2024-02-15,Health Ins Co - Face-to-face optimizing collaboration,366.23,Insurance,credit,-81549.42,False,Health Ins Co,priya_singh,Priya Singh
b52218fa-270,2024-02-15,Chipotle - Expanded next generation application,227.82,Dining,savings,12479.54,False,Chipotle,amit_kumar,Amit Kumar
26622359-415,2024-02-15,Chipotle - User-friendly bandwidth-monitored capacity,256.59,Dining,credit,-43432.63,False,Chipotle,tanishka_dhanwan,Tanishka Dhanwan
9c612fea-c47,2024-02-15,Payroll - Mckinney-Vance,1701.7,Income,savings,-6735.62,True,Mckinney-Vance,tanishka_dhanwan,Tanishka Dhanwan
87fd3f99-1c9,2024-02-15,Health Ins Co - Object-based bifurcated focus group,114.4,Insurance,savings,5209.77,False,Health Ins Co,amit_kumar,Amit Kumar
c36b04e6-43c,2024-02-15,Bookstore - Sharable empowering middleware,277.3,Education,credit,-11443.76,False,Bookstore,rajesh_sharma,Rajesh Sharma
b84cf2f5-625,2024-02-15,HOA Fees - Team-oriented multi-tasking monitoring,1879.93,Housing,savings,22668.8,False,HOA Fees,amit_kumar,Amit Kumar
64250303-d13,2024-02-15,"Payroll - Beck, Torres and Roberts",2822.85,Income,savings,-8939.13,True,"Beck, Torres and Roberts",tanishka_dhanwan,Tanishka Dhanwan
b6d3416b-d9a,2024-02-15,Spotify - Triple-buffered motivating initiative,398.69,Entertainment,credit,4145.07,False,Spotify,priya_singh,Priya Singh
fef6ea2e-1a7,2024-02-15,Local Bistro - Synchronized solution-oriented concept,93.12,Dining,credit,-71333.67,False,Local Bistro,rajesh_sharma,Rajesh Sharma
0c33fb68-cf9,2024-02-15,ATM Withdrawal - Proactive systemic circuit,151.38,Other,checking,-843.12,False,ATM Withdrawal,tanishka_dhanwan,Tanishka Dhanwan
b599a7f3-9f6,2024-02-16,Internet Provider - Cross-platform full-range middleware,31.52,Utilities,checking,-62538.36,False,Internet Provider,tanishka_dhanwan,Tanishka Dhanwan
f5293d38-9ac,2024-02-16,Rent Payment - Configurable radical orchestration,1993.14,Housing,credit,-43114.28,False,Rent Payment,tanishka_dhanwan,Tanishka Dhanwan
16ecb4c8-6c4,2024-02-16,ATM Withdrawal - Organic tangible application,138.39,Other,checking,-14859.65,False,ATM Withdrawal,amit_kumar,Amit Kumar
a759c0ea-397,2024-02-16,Target - Profound national matrix,128.12,Shopping,credit,-53965.59,False,Target,rajesh_sharma,Rajesh Sharma
cbbc033a-8a8,2024-02-16,AMC Theaters - Configurable client-server initiative,166.98,Entertainment,checking,-40310.17,False,AMC Theaters,tanishka_dhanwan,Tanishka Dhanwan
b4df182f-154,2024-02-16,Credit Card Payment - Programmable zero tolerance instruction set,318.61,Debt Payment,checking,-1082.25,False,Credit Card Payment,priya_singh,Priya Singh
7cc48874-496,2024-02-16,Amazon - Team-oriented bottom-line productivity,360.6,Shopping,credit,-61723.2,False,Amazon,rajesh_sharma,Rajesh Sharma
65024879-0a3,2024-02-16,Metro Transit - Grass-roots hybrid definition,415.78,Transportation,savings,27669.29,False,Metro Transit,priya_singh,Priya Singh
bacf0020-91a,2024-02-16,Spotify - Decentralized cohesive system engine,291.25,Entertainment,savings,-24222.8,False,Spotify,tanishka_dhanwan,Tanishka Dhanwan
e09c5903-ea9,2024-02-16,Health Ins Co - Seamless eco-centric software,274.55,Insurance,checking,995.12,False,Health Ins Co,amit_kumar,Amit Kumar
289f356a-6e6,2024-02-16,Whole Foods - Streamlined impactful time-frame,38.71,Groceries,checking,3272.65,False,Whole Foods,amit_kumar,Amit Kumar
5da82707-40f,2024-02-16,Credit Card Payment - Fundamental solution-oriented structure,206.22,Debt Payment,credit,-490.93,False,Credit Card Payment,priya_singh,Priya Singh
56cf6c74-c39,2024-02-16,Internet Provider - Progressive composite algorithm,314.62,Utilities,savings,33474.57,False,Internet Provider,priya_singh,Priya Singh
c2861c58-8fb,2024-02-16,Chipotle - Grass-roots background synergy,184.72,Dining,credit,-51564.52,False,Chipotle,tanishka_dhanwan,Tanishka Dhanwan
fb7d7f91-f36,2024-02-16,Walmart - Synchronized methodical secured line,306.0,Groceries,checking,-37913.35,False,Walmart,amit_kumar,Amit Kumar
43fcb89a-d3b,2024-02-16,Misc Purchase - Reverse-engineered radical Local Area Network,185.46,Other,checking,-53785.66,False,Misc Purchase,priya_singh,Priya Singh
69684484-f6a,2024-02-16,Shell Gas - Assimilated client-server circuit,440.59,Transportation,credit,-29801.25,False,Shell Gas,amit_kumar,Amit Kumar
309fa0b9-b34,2024-02-16,Local Bistro - Streamlined background strategy,137.9,Dining,savings,-57057.05,False,Local Bistro,rajesh_sharma,Rajesh Sharma
3c1fe112-bda,2024-02-17,Parking Co - Diverse bi-directional data-warehouse,109.16,Transportation,credit,-5729.56,False,Parking Co,amit_kumar,Amit Kumar
dc206f96-379,2024-02-17,"Payroll - Davis, Good and Hodges",2561.74,Income,checking,-6897.84,True,"Davis, Good and Hodges",rajesh_sharma,Rajesh Sharma
5f76f941-8f9,2024-02-17,Best Buy - Expanded secondary alliance,133.19,Shopping,checking,-19861.3,False,Best Buy,amit_kumar,Amit Kumar
c6e9004c-e63,2024-02-17,Water Dept - Progressive needs-based middleware,273.82,Utilities,checking,-31522.46,False,Water Dept,rajesh_sharma,Rajesh Sharma
55981586-612,2024-02-17,Shell Gas - Seamless zero administration archive,50.16,Transportation,checking,-10650.19,False,Shell Gas,rajesh_sharma,Rajesh Sharma
01a1a0a0-358,2024-02-17,"Payroll - Evans, Hernandez and Cannon",3689.86,Income,credit,3198.93,True,"Evans, Hernandez and Cannon",priya_singh,Priya Singh
00a96c73-46e,2024-02-17,Health Ins Co - Managed encompassing flexibility,393.82,Insurance,checking,-53170.49,False,Health Ins Co,priya_singh,Priya Singh
2a99c5f4-91e,2024-02-17,Property Mgmt - Enhanced directional firmware,2035.33,Housing,checking,-2671.29,False,Property Mgmt,amit_kumar,Amit Kumar
a3e796b9-eaf,2024-02-17,AMC Theaters - Down-sized bottom-line hierarchy,187.48,Entertainment,savings,10080.82,False,AMC Theaters,priya_singh,Priya Singh
717803e9-ab6,2024-02-17,Health Ins Co - Cross-platform 24hour data-warehouse,219.88,Insurance,savings,-57276.93,False,Health Ins Co,rajesh_sharma,Rajesh Sharma
7054d5a4-471,2024-02-17,Payroll - Chase-Gonzalez,2405.81,Income,checking,-13025.19,True,Chase-Gonzalez,priya_singh,Priya Singh
8ea446f2-469,2024-02-17,Trader Joe's - Vision-oriented leadingedge definition,366.78,Groceries,savings,17222.54,False,Trader Joe's,priya_singh,Priya Singh
416d6766-664,2024-02-17,Netflix - Programmable multi-state toolset,415.08,Entertainment,savings,-62040.79,False,Netflix,rajesh_sharma,Rajesh Sharma
6e6ca663-f66,2024-02-17,Rent Payment - Horizontal empowering application,1792.8,Housing,checking,11172.48,False,Rent Payment,amit_kumar,Amit Kumar
344572e2-da2,2024-02-17,Expedia - Optional systematic framework,51.87,Travel,savings,-30261.27,False,Expedia,tanishka_dhanwan,Tanishka Dhanwan
bfc6e427-257,2024-02-17,Walmart - Balanced mission-critical hub,350.29,Groceries,checking,-13377.71,False,Walmart,priya_singh,Priya Singh
84ecb77c-6b2,2024-02-17,City Hospital - Re-engineered mission-critical protocol,51.17,Healthcare,savings,-3938.77,False,City Hospital,tanishka_dhanwan,Tanishka Dhanwan
fda74c17-000,2024-02-17,HOA Fees - Enhanced 4thgeneration hierarchy,2098.04,Housing,checking,-51435.02,False,HOA Fees,tanishka_dhanwan,Tanishka Dhanwan
32177c9d-8cb,2024-02-18,Netflix - Distributed asynchronous frame,215.87,Entertainment,savings,-7740.52,False,Netflix,rajesh_sharma,Rajesh Sharma
4677dd61-06b,2024-02-18,Electric Co - De-engineered content-based instruction set,415.9,Utilities,checking,-48911.5,False,Electric Co,amit_kumar,Amit Kumar
32aed3ed-82c,2024-02-18,Property Mgmt - Pre-emptive 4thgeneration info-mediaries,1268.51,Housing,savings,3701.6,False,Property Mgmt,rajesh_sharma,Rajesh Sharma
44635325-da6,2024-02-18,Whole Foods - Persistent stable archive,30.77,Groceries,checking,-59200.61,False,Whole Foods,priya_singh,Priya Singh
dcfd521c-96d,2024-02-18,Rent Payment - Organic system-worthy matrix,1047.49,Housing,credit,-28545.24,False,Rent Payment,amit_kumar,Amit Kumar
520c8971-632,2024-02-18,Expedia - Synergistic hybrid website,492.82,Travel,credit,-56554.74,False,Expedia,rajesh_sharma,Rajesh Sharma
6b6ed3dc-a96,2024-02-18,HOA Fees - Switchable 5thgeneration conglomeration,964.51,Housing,savings,-31895.53,False,HOA Fees,rajesh_sharma,Rajesh Sharma
aa7aee1f-1cb,2024-02-18,Cloud Storage - Enterprise-wide content-based time-frame,171.34,Subscriptions,credit,-49630.5,False,Cloud Storage,tanishka_dhanwan,Tanishka Dhanwan
1c8fa235-33e,2024-02-18,AMC Theaters - User-centric tertiary architecture,271.18,Entertainment,credit,-37413.87,False,AMC Theaters,priya_singh,Priya Singh
0679ca89-ec2,2024-02-19,Spotify - Managed 4thgeneration leverage,157.59,Entertainment,checking,-53742.91,False,Spotify,tanishka_dhanwan,Tanishka Dhanwan
0d474ffe-11e,2024-02-19,Water Dept - Balanced human-resource protocol,111.19,Utilities,savings,-10935.2,False,Water Dept,priya_singh,Priya Singh
816eaae8-5e2,2024-02-19,Netflix - Integrated clear-thinking database,250.8,Entertainment,savings,22104.63,False,Netflix,amit_kumar,Amit Kumar
834b7ec7-e84,2024-02-19,Starbucks - Distributed dedicated groupware,340.85,Dining,savings,-33118.57,False,Starbucks,rajesh_sharma,Rajesh Sharma
9d45d3fa-5f8,2024-02-19,Marriott - Virtual 5thgeneration approach,264.66,Travel,checking,-55317.61,False,Marriott,tanishka_dhanwan,Tanishka Dhanwan
9cc5006a-f38,2024-02-19,State Farm - Managed hybrid parallelism,111.49,Insurance,savings,-10376.08,False,State Farm,tanishka_dhanwan,Tanishka Dhanwan
8f93c1a5-96a,2024-02-19,Trader Joe's - Polarized object-oriented function,274.27,Groceries,credit,-30365.33,False,Trader Joe's,amit_kumar,Amit Kumar
5124da6e-d6e,2024-02-19,McDonald's - Multi-channeled clear-thinking pricing structure,286.21,Dining,checking,-53869.28,False,McDonald's,priya_singh,Priya Singh
ec50cfdf-b40,2024-02-19,State Farm - Fully-configurable analyzing moratorium,62.13,Insurance,checking,-58312.9,False,State Farm,amit_kumar,Amit Kumar
42f2a186-56e,2024-02-19,Payroll - Lawson Group,2871.24,Income,checking,13323.32,True,Lawson Group,tanishka_dhanwan,Tanishka Dhanwan
7cd788be-edc,2024-02-20,Gym Membership - Re-contextualized local productivity,454.27,Subscriptions,credit,-60624.12,False,Gym Membership,amit_kumar,Amit Kumar
f25c5911-742,2024-02-20,Expedia - Secured impactful architecture,184.25,Travel,credit,-32964.33,False,Expedia,tanishka_dhanwan,Tanishka Dhanwan
dedfe290-24e,2024-02-20,Chipotle - Inverse impactful standardization,475.52,Dining,credit,-15707.92,False,Chipotle,rajesh_sharma,Rajesh Sharma
11384848-0ea,2024-02-20,Payroll - Gaines Inc,1764.55,Income,credit,-34959.91,True,Gaines Inc,tanishka_dhanwan,Tanishka Dhanwan
db2c425a-01a,2024-02-20,Online Course - Persistent client-server leverage,103.95,Education,credit,-21117.04,False,Online Course,amit_kumar,Amit Kumar
5aaa568a-0c5,2024-02-20,HOA Fees - Phased national solution,1398.0,Housing,checking,9717.94,False,HOA Fees,tanishka_dhanwan,Tanishka Dhanwan
fc56b0c4-70b,2024-02-20,City Hospital - Multi-channeled bi-directional ability,40.54,Healthcare,credit,-77985.1,False,City Hospital,amit_kumar,Amit Kumar
05e809c4-431,2024-02-20,Uber - Decentralized context-sensitive moderator,464.41,Transportation,savings,-21523.06,False,Uber,amit_kumar,Amit Kumar
778b393c-cc5,2024-02-20,Water Dept - User-friendly optimal algorithm,283.09,Utilities,checking,-71211.25,False,Water Dept,priya_singh,Priya Singh
86b8d852-756,2024-02-20,State Farm - Triple-buffered dedicated focus group,219.66,Insurance,savings,7237.91,False,State Farm,priya_singh,Priya Singh
efe2909e-f52,2024-02-20,Cloud Storage - Synergized foreground secured line,419.41,Subscriptions,credit,-53910.17,False,Cloud Storage,rajesh_sharma,Rajesh Sharma
ad8810a0-4d4,2024-02-20,Rent Payment - Visionary multi-state firmware,1710.33,Housing,savings,-27408.3,False,Rent Payment,tanishka_dhanwan,Tanishka Dhanwan
d30489fb-b09,2024-02-20,Local Bistro - Visionary optimizing function,249.74,Dining,checking,11136.07,False,Local Bistro,tanishka_dhanwan,Tanishka Dhanwan
42e566fc-798,2024-02-21,State Farm - Profound regional Graphical User Interface,48.53,Insurance,savings,4335.24,False,State Farm,amit_kumar,Amit Kumar
51a2a488-43d,2024-02-21,Amazon - Organic discrete firmware,176.92,Shopping,savings,4158.32,False,Amazon,amit_kumar,Amit Kumar
d64018e5-02d,2024-02-21,Trader Joe's - Realigned dedicated structure,44.5,Groceries,credit,-2608.58,False,Trader Joe's,rajesh_sharma,Rajesh Sharma
13b06ef5-266,2024-02-21,Electric Co - Innovative uniform leverage,473.44,Utilities,checking,-48387.53,False,Electric Co,amit_kumar,Amit Kumar
90ba4100-ad8,2024-02-21,HOA Fees - Proactive client-driven product,1284.8,Housing,credit,-47433.85,False,HOA Fees,priya_singh,Priya Singh
044b246b-596,2024-02-21,Internet Provider - Re-engineered well-modulated complexity,238.67,Utilities,credit,1688.3,False,Internet Provider,priya_singh,Priya Singh
c64b0042-755,2024-02-21,Netflix - Re-engineered background budgetary management,297.1,Entertainment,savings,12038.88,False,Netflix,priya_singh,Priya Singh
a8d8647c-e4d,2024-02-21,Walmart - Re-contextualized dynamic paradigm,296.85,Groceries,checking,-4802.02,False,Walmart,rajesh_sharma,Rajesh Sharma
659f514c-21b,2024-02-21,Trader Joe's - Stand-alone zero tolerance groupware,293.08,Groceries,credit,-64144.93,False,Trader Joe's,rajesh_sharma,Rajesh Sharma
24dbc723-49c,2024-02-21,Electric Co - Proactive 24/7 interface,403.67,Utilities,credit,-75118.69,False,Electric Co,amit_kumar,Amit Kumar
fb1d4cb2-571,2024-02-21,Starbucks - Expanded uniform alliance,351.89,Dining,savings,-8426.01,False,Starbucks,priya_singh,Priya Singh
8f9968bd-d17,2024-02-21,State Farm - Configurable multi-state pricing structure,298.76,Insurance,checking,-57767.75,False,State Farm,priya_singh,Priya Singh
02a25414-901,2024-02-21,Student Loan - Mandatory contextually-based methodology,181.78,Debt Payment,credit,-48325.85,False,Student Loan,rajesh_sharma,Rajesh Sharma
56219ff9-24d,2024-02-21,"Payroll - Bradley, Obrien and Johnson",3751.03,Income,checking,11472.85,True,"Bradley, Obrien and Johnson",tanishka_dhanwan,Tanishka Dhanwan
bea8506a-1e9,2024-02-21,Water Dept - Multi-tiered systemic interface,92.16,Utilities,credit,-79241.41,False,Water Dept,rajesh_sharma,Rajesh Sharma
8e692958-471,2024-02-21,Gym Membership - Expanded high-level complexity,293.41,Subscriptions,credit,-27137.09,False,Gym Membership,amit_kumar,Amit Kumar
af735b51-f2e,2024-02-22,Local Bistro - Multi-lateral multi-tasking middleware,113.18,Dining,checking,-15547.81,False,Local Bistro,rajesh_sharma,Rajesh Sharma
6f0d7715-115,2024-02-22,Payroll - Chandler-Lewis,3704.83,Income,savings,-24311.55,True,Chandler-Lewis,tanishka_dhanwan,Tanishka Dhanwan
3b8d4870-7dd,2024-02-22,State Farm - Multi-tiered 24hour info-mediaries,416.13,Insurance,credit,-5528.19,False,State Farm,rajesh_sharma,Rajesh Sharma
5c28fcbd-a45,2024-02-22,Rent Payment - Realigned demand-driven application,895.05,Housing,credit,-57176.66,False,Rent Payment,priya_singh,Priya Singh
359056e2-e59,2024-02-22,Target - Ergonomic value-added system engine,344.15,Shopping,checking,-53718.02,False,Target,tanishka_dhanwan,Tanishka Dhanwan
fcf2ad4f-a3f,2024-02-22,ATM Withdrawal - Right-sized cohesive algorithm,378.71,Other,credit,-741.71,False,ATM Withdrawal,tanishka_dhanwan,Tanishka Dhanwan
ebb73fba-9c6,2024-02-22,Cloud Storage - Optional upward-trending initiative,244.71,Subscriptions,credit,-34369.6,False,Cloud Storage,tanishka_dhanwan,Tanishka Dhanwan
ecba96d8-bab,2024-02-22,Metro Transit - Profit-focused full-range project,391.93,Transportation,credit,-2429.33,False,Metro Transit,amit_kumar,Amit Kumar
464438aa-86e,2024-02-22,Internet Provider - Decentralized 4thgeneration initiative,480.43,Utilities,checking,4368.96,False,Internet Provider,amit_kumar,Amit Kumar
b84db204-4ce,2024-02-22,Walmart - Quality-focused background parallelism,81.96,Groceries,checking,4567.01,False,Walmart,rajesh_sharma,Rajesh Sharma
ae15cd79-f0b,2024-02-22,Adobe - Multi-layered systematic solution,296.55,Subscriptions,checking,-70257.71,False,Adobe,priya_singh,Priya Singh
9031a8cb-e22,2024-02-22,Payroll - Nguyen-Castro,3333.55,Income,credit,-44741.84,True,Nguyen-Castro,tanishka_dhanwan,Tanishka Dhanwan
8fb69b9e-0e4,2024-02-22,HOA Fees - Reactive stable encryption,814.32,Housing,savings,-1644.26,False,HOA Fees,amit_kumar,Amit Kumar
d6f94636-e30,2024-02-22,Delta Airlines - Optimized user-facing encryption,380.52,Travel,credit,-65843.43,False,Delta Airlines,amit_kumar,Amit Kumar
a2befe74-79d,2024-02-22,CVS Pharmacy - Focused exuding methodology,338.28,Healthcare,checking,-18930.9,False,CVS Pharmacy,tanishka_dhanwan,Tanishka Dhanwan
7e6baa6b-903,2024-02-22,Water Dept - Progressive didactic structure,26.01,Utilities,checking,3561.32,False,Water Dept,amit_kumar,Amit Kumar
971387f6-9f7,2024-02-22,Netflix - Ergonomic logistical initiative,43.35,Entertainment,credit,-35379.3,False,Netflix,priya_singh,Priya Singh
4e971d34-469,2024-02-22,Best Buy - Switchable global circuit,257.37,Shopping,credit,-44785.73,False,Best Buy,tanishka_dhanwan,Tanishka Dhanwan
c69053be-52f,2024-02-22,Starbucks - Organic disintermediate utilization,131.02,Dining,checking,-56927.54,False,Starbucks,tanishka_dhanwan,Tanishka Dhanwan
65db0b4d-885,2024-02-22,Electric Co - Persevering holistic secured line,49.22,Utilities,checking,-19940.18,False,Electric Co,rajesh_sharma,Rajesh Sharma
6d75adac-b6f,2024-02-22,Expedia - Persevering non-volatile utilization,421.01,Travel,checking,-3134.92,False,Expedia,tanishka_dhanwan,Tanishka Dhanwan
052db518-d12,2024-02-22,"Payroll - Ortiz, Johnson and Bishop",3168.56,Income,savings,-19588.26,True,"Ortiz, Johnson and Bishop",tanishka_dhanwan,Tanishka Dhanwan
0ccfb6ea-575,2024-02-22,Metro Transit - Compatible user-facing help-desk,301.22,Transportation,savings,-40920.6,False,Metro Transit,tanishka_dhanwan,Tanishka Dhanwan
d7963a93-3dc,2024-02-23,HOA Fees - Synergistic zero-defect archive,1996.85,Housing,checking,-30094.26,False,HOA Fees,tanishka_dhanwan,Tanishka Dhanwan
fe5c89d4-44e,2024-02-23,Trader Joe's - Networked mission-critical project,299.53,Groceries,savings,-14608.52,False,Trader Joe's,amit_kumar,Amit Kumar
18cdfc9a-3dd,2024-02-23,Netflix - Multi-tiered coherent complexity,34.03,Entertainment,checking,-25852.31,False,Netflix,rajesh_sharma,Rajesh Sharma
5710b3c6-6f5,2024-02-23,Spotify - Synergized national system engine,279.53,Entertainment,credit,-4720.32,False,Spotify,rajesh_sharma,Rajesh Sharma
59c13323-246,2024-02-23,Water Dept - Organic heuristic functionalities,219.71,Utilities,checking,-24573.54,False,Water Dept,priya_singh,Priya Singh
74e33e59-577,2024-02-23,"Payroll - Hood, Ryan and Fuentes",4101.07,Income,credit,-75462.9,True,"Hood, Ryan and Fuentes",amit_kumar,Amit Kumar
63b52f40-8fc,2024-02-23,Whole Foods - Object-based modular software,302.04,Groceries,credit,-75580.96,False,Whole Foods,amit_kumar,Amit Kumar
4a3d0d50-a29,2024-02-23,Chipotle - Configurable fresh-thinking portal,370.35,Dining,checking,-20601.12,False,Chipotle,rajesh_sharma,Rajesh Sharma
ebf3dd1b-f4c,2024-02-23,Netflix - Profit-focused methodical methodology,282.6,Entertainment,credit,-10232.53,False,Netflix,priya_singh,Priya Singh
e824dd1c-4c0,2024-02-23,Health Ins Co - Visionary optimal support,110.52,Insurance,checking,-32144.33,False,Health Ins Co,rajesh_sharma,Rajesh Sharma
b857f709-c8c,2024-02-23,Online Course - Reactive maximized project,367.66,Education,checking,-2088.84,False,Online Course,priya_singh,Priya Singh
4da018f8-941,2024-02-23,Online Course - Enterprise-wide multi-tasking alliance,189.65,Education,savings,-7064.47,False,Online Course,priya_singh,Priya Singh
a5c82d1a-048,2024-02-23,Spotify - Stand-alone client-driven knowledgebase,254.92,Entertainment,credit,-48075.39,False,Spotify,tanishka_dhanwan,Tanishka Dhanwan
befe069a-85d,2024-02-24,Chipotle - Face-to-face even-keeled access,259.58,Dining,credit,-73542.41,False,Chipotle,amit_kumar,Amit Kumar
d93f7bb5-4d7,2024-02-24,Property Mgmt - Proactive bottom-line definition,2111.68,Housing,checking,840.34,False,Property Mgmt,amit_kumar,Amit Kumar
37f836c3-b53,2024-02-24,Starbucks - Re-contextualized intangible hierarchy,231.28,Dining,checking,-53646.77,False,Starbucks,rajesh_sharma,Rajesh Sharma
585c76f1-408,2024-02-24,Local Bistro - Innovative scalable interface,377.58,Dining,credit,-52377.66,False,Local Bistro,rajesh_sharma,Rajesh Sharma
dce920f2-4f4,2024-02-24,Starbucks - Digitized background Graphic Interface,337.36,Dining,checking,2835.17,False,Starbucks,tanishka_dhanwan,Tanishka Dhanwan
ff76d2f7-73a,2024-02-24,Water Dept - Synchronized grid-enabled algorithm,126.82,Utilities,savings,20868.98,False,Water Dept,amit_kumar,Amit Kumar
d027f724-3e1,2024-02-24,Spotify - Upgradable zero-defect workforce,15.05,Entertainment,credit,-67927.35,False,Spotify,priya_singh,Priya Singh
95d88dac-356,2024-02-24,AMC Theaters - Open-architected impactful paradigm,236.63,Entertainment,credit,-58464.94,False,AMC Theaters,amit_kumar,Amit Kumar
c856bfc4-2eb,2024-02-24,Payroll - Robles Ltd,1998.65,Income,savings,-2247.08,True,Robles Ltd,amit_kumar,Amit Kumar
82a19a97-2ce,2024-02-24,Payroll - Bates LLC,3035.65,Income,credit,-39509.7,True,Bates LLC,amit_kumar,Amit Kumar
d4b59f5d-eb5,2024-02-24,Uber - Networked exuding artificial intelligence,473.81,Transportation,savings,-31476.48,False,Uber,tanishka_dhanwan,Tanishka Dhanwan
fd430bf3-dc6,2024-02-24,CVS Pharmacy - Sharable intangible frame,293.43,Healthcare,savings,-12138.75,False,CVS Pharmacy,rajesh_sharma,Rajesh Sharma
3492ce66-d73,2024-02-24,City Hospital - Fundamental clear-thinking complexity,55.52,Healthcare,savings,16562.62,False,City Hospital,priya_singh,Priya Singh
db2dd0cf-6c1,2024-02-25,Electric Co - Pre-emptive background migration,108.48,Utilities,credit,-65412.56,False,Electric Co,rajesh_sharma,Rajesh Sharma
b5e60f82-a74,2024-02-25,Internet Provider - Horizontal 4thgeneration model,477.63,Utilities,checking,-6993.46,False,Internet Provider,priya_singh,Priya Singh
c96b3547-af1,2024-02-25,Whole Foods - Reactive motivating customer loyalty,460.59,Groceries,credit,-63959.31,False,Whole Foods,rajesh_sharma,Rajesh Sharma
15a192eb-61c,2024-02-25,Costco - Pre-emptive fresh-thinking encoding,236.9,Groceries,savings,21295.13,False,Costco,priya_singh,Priya Singh
54ede710-f0f,2024-02-25,HOA Fees - Profit-focused real-time Internet solution,1891.91,Housing,savings,-14569.66,False,HOA Fees,rajesh_sharma,Rajesh Sharma
9c15ea56-c4b,2024-02-25,McDonald's - Universal 4thgeneration intranet,204.24,Dining,savings,-20031.11,False,McDonald's,tanishka_dhanwan,Tanishka Dhanwan
693c4a68-4cf,2024-02-25,Misc Purchase - Face-to-face regional synergy,8.03,Other,credit,2575.74,False,Misc Purchase,amit_kumar,Amit Kumar
7405148f-daf,2024-02-25,Cloud Storage - Open-source radical circuit,297.78,Subscriptions,savings,29657.29,False,Cloud Storage,priya_singh,Priya Singh
5f17e491-ec0,2024-02-25,Student Loan - Public-key heuristic throughput,421.05,Debt Payment,credit,-78004.46,False,Student Loan,rajesh_sharma,Rajesh Sharma
93299893-a80,2024-02-25,Internet Provider - Realigned national adapter,5.3,Utilities,credit,-56328.49,False,Internet Provider,priya_singh,Priya Singh
f0c10c91-6f0,2024-02-25,Trader Joe's - Vision-oriented mission-critical capability,243.1,Groceries,credit,-68170.45,False,Trader Joe's,priya_singh,Priya Singh
e7935f21-143,2024-02-25,Starbucks - Vision-oriented attitude-oriented success,93.51,Dining,savings,-38647.6,False,Starbucks,rajesh_sharma,Rajesh Sharma
60128e76-f3d,2024-02-25,Chipotle - Public-key systemic success,321.08,Dining,credit,-17322.27,False,Chipotle,rajesh_sharma,Rajesh Sharma
0a22a1e4-951,2024-02-25,Water Dept - Proactive disintermediate data-warehouse,224.85,Utilities,credit,-56215.27,False,Water Dept,priya_singh,Priya Singh
c5fcfe09-ce8,2024-02-25,Starbucks - Quality-focused cohesive archive,448.27,Dining,checking,-8551.15,False,Starbucks,rajesh_sharma,Rajesh Sharma
1b0a7b34-fb9,2024-02-25,Amazon - Quality-focused human-resource contingency,462.54,Shopping,savings,8090.14,False,Amazon,priya_singh,Priya Singh
b3cfd77b-3b8,2024-02-25,Internet Provider - Focused client-driven website,206.26,Utilities,savings,16427.22,False,Internet Provider,amit_kumar,Amit Kumar
4189a59d-e7c,2024-02-26,Spotify - Object-based interactive capability,351.7,Entertainment,savings,-2598.78,False,Spotify,amit_kumar,Amit Kumar
76c1bf9a-553,2024-02-26,Trader Joe's - Assimilated heuristic artificial intelligence,199.84,Groceries,checking,-40511.13,False,Trader Joe's,priya_singh,Priya Singh
0f003022-61d,2024-02-26,Property Mgmt - Monitored maximized installation,1582.73,Housing,credit,-13149.22,False,Property Mgmt,tanishka_dhanwan,Tanishka Dhanwan
d78ba75d-4aa,2024-02-26,Whole Foods - Profound high-level adapter,6.36,Groceries,credit,-49819.68,False,Whole Foods,rajesh_sharma,Rajesh Sharma
deac867d-2f4,2024-02-26,Payroll - Gutierrez Ltd,3581.39,Income,savings,-25381.74,True,Gutierrez Ltd,rajesh_sharma,Rajesh Sharma
2ee0980f-227,2024-02-26,Credit Card Payment - Progressive asymmetric firmware,302.79,Debt Payment,credit,-76675.68,False,Credit Card Payment,rajesh_sharma,Rajesh Sharma
47262aaa-c5b,2024-02-26,Property Mgmt - Total eco-centric throughput,1652.43,Housing,savings,3900.84,False,Property Mgmt,rajesh_sharma,Rajesh Sharma
c9a21ed4-0e8,2024-02-26,Payroll - Joseph Ltd,3592.55,Income,credit,-27405.07,True,Joseph Ltd,priya_singh,Priya Singh
04a39361-337,2024-02-26,McDonald's - Triple-buffered zero administration matrix,493.31,Dining,checking,-61494.76,False,McDonald's,priya_singh,Priya Singh
3eb6ccce-f18,2024-02-26,Target - Virtual 6thgeneration access,349.15,Shopping,credit,-9405.15,False,Target,priya_singh,Priya Singh
26c0ee5e-066,2024-02-26,Rent Payment - Decentralized leadingedge Internet solution,1116.91,Housing,savings,-40065.11,False,Rent Payment,tanishka_dhanwan,Tanishka Dhanwan
e36a17f3-c14,2024-02-26,Whole Foods - Self-enabling homogeneous archive,146.77,Groceries,savings,-28561.2,False,Whole Foods,tanishka_dhanwan,Tanishka Dhanwan
2d9de331-77f,2024-02-26,Whole Foods - Triple-buffered heuristic architecture,487.51,Groceries,checking,-17189.85,False,Whole Foods,tanishka_dhanwan,Tanishka Dhanwan
f7be944d-85f,2024-02-26,ATM Withdrawal - Streamlined actuating emulation,191.31,Other,savings,-31289.77,False,ATM Withdrawal,tanishka_dhanwan,Tanishka Dhanwan
5feb6798-008,2024-02-26,Electric Co - Cloned global Internet solution,234.88,Utilities,credit,-23019.53,False,Electric Co,amit_kumar,Amit Kumar
543e0927-114,2024-02-26,Marriott - Synergized reciprocal capability,95.29,Travel,savings,-21656.49,False,Marriott,rajesh_sharma,Rajesh Sharma
b9dc3e6a-c56,2024-02-26,Property Mgmt - Total optimizing extranet,932.42,Housing,savings,15773.68,False,Property Mgmt,priya_singh,Priya Singh
0528e88f-45e,2024-02-26,Netflix - Robust zero administration pricing structure,34.53,Entertainment,savings,-33451.4,False,Netflix,rajesh_sharma,Rajesh Sharma
a4c49456-267,2024-02-26,Netflix - Networked web-enabled support,449.69,Entertainment,savings,-32977.42,False,Netflix,rajesh_sharma,Rajesh Sharma
3aaae439-94e,2024-02-26,"Payroll - Smith, Valdez and Hays",3570.78,Income,savings,6609.41,True,"Smith, Valdez and Hays",amit_kumar,Amit Kumar
d92e7059-d3c,2024-02-26,HOA Fees - Digitized asynchronous interface,1069.04,Housing,checking,-53471.49,False,HOA Fees,amit_kumar,Amit Kumar
cfb33405-956,2024-02-26,Expedia - Re-engineered motivating function,41.11,Travel,credit,4704.36,False,Expedia,tanishka_dhanwan,Tanishka Dhanwan
ed5224a6-98f,2024-02-27,Student Loan - Open-source 5thgeneration capability,154.73,Debt Payment,credit,-64646.22,False,Student Loan,amit_kumar,Amit Kumar
68feab39-193,2024-02-27,Health Ins Co - Re-engineered impactful strategy,263.67,Insurance,checking,-28489.04,False,Health Ins Co,rajesh_sharma,Rajesh Sharma
85317a47-791,2024-02-27,Trader Joe's - De-engineered upward-trending definition,264.92,Groceries,savings,-25605.83,False,Trader Joe's,rajesh_sharma,Rajesh Sharma
c3e0c36e-8c2,2024-02-27,Costco - Balanced systemic Graphic Interface,170.2,Groceries,checking,-6515.83,False,Costco,priya_singh,Priya Singh
914fa78a-281,2024-02-27,Netflix - Persevering static task-force,435.59,Entertainment,credit,367.55,False,Netflix,amit_kumar,Amit Kumar
90c230b6-30b,2024-02-27,Target - Multi-layered needs-based project,123.47,Shopping,checking,-22560.65,False,Target,rajesh_sharma,Rajesh Sharma
d1661827-a08,2024-02-27,Spotify - Sharable intermediate Graphic Interface,284.83,Entertainment,savings,20493.27,False,Spotify,priya_singh,Priya Singh
1a19bcc3-11e,2024-02-27,Trader Joe's - Assimilated empowering utilization,397.21,Groceries,checking,2377.59,False,Trader Joe's,amit_kumar,Amit Kumar
7f97a739-db1,2024-02-27,McDonald's - Implemented non-volatile application,422.9,Dining,savings,16595.3,False,McDonald's,amit_kumar,Amit Kumar
eef44e87-111,2024-02-27,HOA Fees - Virtual bandwidth-monitored product,1647.06,Housing,checking,234.09,False,HOA Fees,amit_kumar,Amit Kumar
1d514be1-bc9,2024-02-27,Starbucks - Front-line dynamic application,380.08,Dining,checking,-38359.42,False,Starbucks,rajesh_sharma,Rajesh Sharma
4735d5b3-794,2024-02-27,Target - Public-key bottom-line implementation,385.46,Shopping,credit,-4067.43,False,Target,rajesh_sharma,Rajesh Sharma
5cda1bf3-a43,2024-02-27,ATM Withdrawal - Synergistic real-time portal,286.23,Other,credit,-73400.9,False,ATM Withdrawal,rajesh_sharma,Rajesh Sharma
c4ce467e-421,2024-02-27,Parking Co - Persevering regional knowledge user,286.82,Transportation,credit,-54402.63,False,Parking Co,priya_singh,Priya Singh
16621c2d-dec,2024-02-27,Walmart - Digitized analyzing encoding,347.56,Groceries,checking,504.33,False,Walmart,amit_kumar,Amit Kumar
7f27d572-920,2024-02-27,Amazon - Up-sized modular focus group,227.05,Shopping,credit,-5885.12,False,Amazon,amit_kumar,Amit Kumar
317415d7-05c,2024-02-27,McDonald's - Intuitive cohesive infrastructure,30.78,Dining,credit,-53837.47,False,McDonald's,rajesh_sharma,Rajesh Sharma
9c0d8208-110,2024-02-27,HOA Fees - Streamlined clear-thinking access,1831.81,Housing,checking,-68293.27,False,HOA Fees,priya_singh,Priya Singh
97a2e643-5fc,2024-02-27,Credit Card Payment - Pre-emptive 3rdgeneration Graphical User Interface,100.8,Debt Payment,savings,8876.26,False,Credit Card Payment,amit_kumar,Amit Kumar
fea3e633-a15,2024-02-27,Uber - Reduced intermediate budgetary management,299.46,Transportation,checking,-62736.14,False,Uber,tanishka_dhanwan,Tanishka Dhanwan
2ea3a819-77a,2024-02-27,Tuition - Front-line transitional frame,363.38,Education,credit,-37798.0,False,Tuition,tanishka_dhanwan,Tanishka Dhanwan
819348d9-e4a,2024-02-27,Credit Card Payment - Pre-emptive zero tolerance task-force,184.97,Debt Payment,savings,15256.68,False,Credit Card Payment,priya_singh,Priya Singh
ea6ffb79-b4a,2024-02-27,Costco - Robust systematic Graphic Interface,396.28,Groceries,checking,12652.49,False,Costco,amit_kumar,Amit Kumar
d3374799-61d,2024-02-27,State Farm - Mandatory system-worthy budgetary management,64.39,Insurance,checking,4247.0,False,State Farm,amit_kumar,Amit Kumar
5a16038e-7a6,2024-02-27,Starbucks - Streamlined secondary toolset,97.3,Dining,savings,-11443.71,False,Starbucks,amit_kumar,Amit Kumar
fc33ca3f-ef4,2024-02-27,Adobe - Versatile bi-directional middleware,191.48,Subscriptions,savings,-4005.64,False,Adobe,amit_kumar,Amit Kumar
23287df6-917,2024-02-27,Chipotle - Synergized national productivity,192.65,Dining,savings,18208.5,False,Chipotle,priya_singh,Priya Singh
aeafd899-536,2024-02-28,Rent Payment - Intuitive encompassing archive,1334.82,Housing,savings,-67578.57,False,Rent Payment,rajesh_sharma,Rajesh Sharma
4018be67-7df,2024-02-28,Target - Open-source real-time standardization,112.07,Shopping,checking,-9705.8,False,Target,priya_singh,Priya Singh
52ddf50f-0cc,2024-02-28,Chipotle - Universal local budgetary management,487.16,Dining,savings,17886.33,False,Chipotle,priya_singh,Priya Singh
2dfae83d-4a6,2024-02-28,Health Ins Co - Cloned maximized forecast,249.02,Insurance,checking,-54335.65,False,Health Ins Co,rajesh_sharma,Rajesh Sharma
838a7eef-7cc,2024-02-28,Electric Co - Automated background initiative,297.57,Utilities,checking,-29283.39,False,Electric Co,rajesh_sharma,Rajesh Sharma
23a6ce93-bb5,2024-02-28,HOA Fees - Seamless methodical model,913.07,Housing,credit,-42676.05,False,HOA Fees,tanishka_dhanwan,Tanishka Dhanwan
cc9662cb-852,2024-02-28,McDonald's - Reverse-engineered encompassing Graphic Interface,326.53,Dining,checking,-16265.79,False,McDonald's,rajesh_sharma,Rajesh Sharma
9ec5b422-2f2,2024-02-28,Costco - Fully-configurable 6thgeneration task-force,13.86,Groceries,credit,-53882.7,False,Costco,amit_kumar,Amit Kumar
e9c34e5b-b6e,2024-02-28,Whole Foods - Public-key multimedia archive,387.81,Groceries,savings,-26036.41,False,Whole Foods,amit_kumar,Amit Kumar
882d230b-cd2,2024-02-28,Expedia - Balanced upward-trending knowledgebase,10.68,Travel,savings,14503.77,False,Expedia,rajesh_sharma,Rajesh Sharma
ae7ad9fc-4dd,2024-02-28,AMC Theaters - Balanced client-server encryption,247.55,Entertainment,credit,-52504.88,False,AMC Theaters,tanishka_dhanwan,Tanishka Dhanwan
48d2a03a-33f,2024-02-28,AMC Theaters - Up-sized regional Internet solution,199.19,Entertainment,checking,-25738.4,False,AMC Theaters,tanishka_dhanwan,Tanishka Dhanwan
99ced6dd-b7c,2024-02-28,McDonald's - Enhanced executive archive,414.04,Dining,savings,-16199.94,False,McDonald's,priya_singh,Priya Singh
14d0450d-a87,2024-02-28,AMC Theaters - Ergonomic 5thgeneration toolset,87.27,Entertainment,checking,-10785.52,False,AMC Theaters,priya_singh,Priya Singh
1dda4394-404,2024-02-28,Trader Joe's - Business-focused modular methodology,398.7,Groceries,savings,-6599.58,False,Trader Joe's,tanishka_dhanwan,Tanishka Dhanwan
7da312c7-7bd,2024-02-28,Spotify - User-friendly encompassing array,226.41,Entertainment,credit,-35546.48,False,Spotify,tanishka_dhanwan,Tanishka Dhanwan
85e51d05-49a,2024-02-28,AMC Theaters - Advanced stable encoding,326.7,Entertainment,checking,-4429.97,False,AMC Theaters,priya_singh,Priya Singh
f3153f7d-f1f,2024-02-28,Electric Co - Managed encompassing capability,418.2,Utilities,checking,-32270.2,False,Electric Co,rajesh_sharma,Rajesh Sharma
a4aaab33-f2a,2024-02-28,Spotify - Upgradable fresh-thinking array,255.3,Entertainment,savings,10992.25,False,Spotify,amit_kumar,Amit Kumar
00376727-a73,2024-02-28,State Farm - Networked methodical analyzer,240.05,Insurance,checking,-31762.51,False,State Farm,rajesh_sharma,Rajesh Sharma
d9181f16-08e,2024-02-28,Netflix - De-engineered contextually-based algorithm,144.21,Entertainment,credit,-56081.77,False,Netflix,priya_singh,Priya Singh
29c05299-f6c,2024-02-28,Best Buy - Configurable client-driven collaboration,42.81,Shopping,savings,2730.98,False,Best Buy,rajesh_sharma,Rajesh Sharma
48de124d-de2,2024-02-28,Rent Payment - Visionary zero administration ability,1298.08,Housing,checking,-3013.23,False,Rent Payment,amit_kumar,Amit Kumar
cca2fc11-b76,2024-02-28,Marriott - Exclusive coherent implementation,103.12,Travel,checking,-19728.11,False,Marriott,amit_kumar,Amit Kumar
fb87e227-8d6,2024-02-28,Whole Foods - Reactive dedicated productivity,359.02,Groceries,savings,9734.74,False,Whole Foods,tanishka_dhanwan,Tanishka Dhanwan
05223ffb-ae4,2024-02-28,Water Dept - User-friendly grid-enabled encryption,270.2,Utilities,savings,-25386.27,False,Water Dept,amit_kumar,Amit Kumar
c319d8c5-bd6,2024-02-28,Health Ins Co - User-friendly modular Internet solution,175.34,Insurance,credit,-15650.79,False,Health Ins Co,tanishka_dhanwan,Tanishka Dhanwan
1a6bf2d2-dbc,2024-02-28,Payroll - Knight Inc,1945.76,Income,savings,-26275.0,True,Knight Inc,tanishka_dhanwan,Tanishka Dhanwan
9a5a7392-be0,2024-02-28,State Farm - Robust intangible strategy,342.22,Insurance,checking,-46722.75,False,State Farm,amit_kumar,Amit Kumar
34b35de6-f03,2024-02-28,AMC Theaters - Universal multi-state capability,184.83,Entertainment,credit,-46817.15,False,AMC Theaters,rajesh_sharma,Rajesh Sharma
570c7093-1e2,2024-02-29,Electric Co - Up-sized mobile toolset,77.12,Utilities,credit,-6449.01,False,Electric Co,amit_kumar,Amit Kumar
190be75f-c71,2024-02-29,Property Mgmt - Synchronized full-range process improvement,852.1,Housing,savings,10570.21,False,Property Mgmt,rajesh_sharma,Rajesh Sharma
df6730eb-f98,2024-02-29,Adobe - Networked system-worthy groupware,197.7,Subscriptions,savings,-11808.07,False,Adobe,priya_singh,Priya Singh
d16f57a5-00d,2024-02-29,HOA Fees - Optional multi-state instruction set,1189.83,Housing,savings,25372.35,False,HOA Fees,priya_singh,Priya Singh
2e08ce97-6c9,2024-02-29,HOA Fees - Cross-platform homogeneous info-mediaries,1894.46,Housing,savings,-20378.91,False,HOA Fees,amit_kumar,Amit Kumar
91f631a0-d95,2024-02-29,Trader Joe's - Up-sized solution-oriented synergy,183.43,Groceries,savings,-17262.62,False,Trader Joe's,tanishka_dhanwan,Tanishka Dhanwan
1a179efa-ca7,2024-02-29,Payroll - Berg-Miller,3520.98,Income,checking,-56936.41,True,Berg-Miller,tanishka_dhanwan,Tanishka Dhanwan
219bc5f2-452,2024-02-29,Water Dept - Quality-focused dedicated groupware,459.9,Utilities,checking,-6623.61,False,Water Dept,amit_kumar,Amit Kumar
2060d52c-573,2024-02-29,Gym Membership - Down-sized scalable workforce,419.24,Subscriptions,credit,-48174.66,False,Gym Membership,priya_singh,Priya Singh
a0f6f697-42b,2024-02-29,Whole Foods - Polarized bi-directional encoding,460.67,Groceries,checking,-9711.77,False,Whole Foods,rajesh_sharma,Rajesh Sharma
7ce43a00-3e8,2024-02-29,Shell Gas - Self-enabling value-added collaboration,239.62,Transportation,checking,-48911.3,False,Shell Gas,rajesh_sharma,Rajesh Sharma
68240728-b2a,2024-02-29,Health Ins Co - Cross-group optimal access,186.91,Insurance,checking,-56209.67,False,Health Ins Co,priya_singh,Priya Singh
f170bfd6-90a,2024-02-29,Costco - Re-contextualized eco-centric help-desk,449.14,Groceries,credit,-18757.4,False,Costco,amit_kumar,Amit Kumar
4f8e3f73-3b7,2024-02-29,"Payroll - Sawyer, Barnes and Smith",1819.52,Income,savings,-32598.79,True,"Sawyer, Barnes and Smith",tanishka_dhanwan,Tanishka Dhanwan
c2bd1c39-728,2024-02-29,Whole Foods - Versatile object-oriented capacity,236.51,Groceries,credit,-43043.41,False,Whole Foods,priya_singh,Priya Singh
7730d1a1-570,2024-02-29,Local Bistro - Decentralized multi-state ability,127.46,Dining,savings,28254.08,False,Local Bistro,priya_singh,Priya Singh
b542d82b-6db,2024-02-29,Student Loan - Configurable methodical budgetary management,421.55,Debt Payment,checking,-3702.17,False,Student Loan,priya_singh,Priya Singh
cd3eb31e-92e,2024-02-29,Rent Payment - Total regional flexibility,898.73,Housing,credit,-64561.11,False,Rent Payment,priya_singh,Priya Singh
98aac1f6-430,2024-02-29,Rent Payment - Distributed motivating definition,1011.3,Housing,credit,-6740.86,False,Rent Payment,amit_kumar,Amit Kumar
535f088f-3e9,2024-02-29,Metro Transit - Focused homogeneous software,292.19,Transportation,credit,-66111.01,False,Metro Transit,priya_singh,Priya Singh
9185b3c8-efa,2024-03-01,Costco - Object-based attitude-oriented hub,361.9,Groceries,checking,-28701.16,False,Costco,rajesh_sharma,Rajesh Sharma
6de91b7b-8ab,2024-03-01,McDonald's - Customizable bandwidth-monitored moratorium,9.91,Dining,credit,-35067.25,False,McDonald's,amit_kumar,Amit Kumar
7032e16d-93a,2024-03-01,Local Bistro - Profit-focused responsive algorithm,73.2,Dining,checking,-3920.08,False,Local Bistro,priya_singh,Priya Singh
d675aa5b-fdf,2024-03-01,Marriott - Fundamental exuding definition,211.53,Travel,checking,-48368.36,False,Marriott,amit_kumar,Amit Kumar
6c31fc99-dbc,2024-03-01,Rent Payment - Pre-emptive well-modulated model,1051.49,Housing,checking,-4514.36,False,Rent Payment,priya_singh,Priya Singh
03087ee8-cd9,2024-03-01,Rent Payment - Configurable explicit middleware,1145.99,Housing,credit,-57553.85,False,Rent Payment,amit_kumar,Amit Kumar
8283db82-fae,2024-03-01,AMC Theaters - User-centric national open system,60.51,Entertainment,credit,-42545.35,False,AMC Theaters,amit_kumar,Amit Kumar
becb5173-8e0,2024-03-01,Electric Co - Cross-group impactful extranet,45.17,Utilities,savings,17156.2,False,Electric Co,amit_kumar,Amit Kumar
6f8afd2c-3c0,2024-03-01,Parking Co - Robust bandwidth-monitored application,76.48,Transportation,checking,-44079.25,False,Parking Co,amit_kumar,Amit Kumar
854eff30-603,2024-03-01,AMC Theaters - Polarized composite definition,124.51,Entertainment,savings,29955.07,False,AMC Theaters,priya_singh,Priya Singh
05ba966a-aec,2024-03-01,Starbucks - Balanced bifurcated application,178.76,Dining,credit,-24665.34,False,Starbucks,tanishka_dhanwan,Tanishka Dhanwan
0d1fe13d-b35,2024-03-01,State Farm - Integrated logistical forecast,287.65,Insurance,checking,-23830.27,False,State Farm,amit_kumar,Amit Kumar
944eab57-2f2,2024-03-01,CVS Pharmacy - Synchronized secondary framework,155.4,Healthcare,checking,-5523.73,False,CVS Pharmacy,rajesh_sharma,Rajesh Sharma
e3e8574f-90c,2024-03-02,Uber - Polarized logistical solution,424.11,Transportation,savings,13860.05,False,Uber,amit_kumar,Amit Kumar
e07a68de-37f,2024-03-02,Parking Co - Diverse executive software,495.18,Transportation,checking,-6737.7,False,Parking Co,priya_singh,Priya Singh
0bb1da8f-668,2024-03-02,ATM Withdrawal - Phased analyzing productivity,340.81,Other,savings,-30931.02,False,ATM Withdrawal,rajesh_sharma,Rajesh Sharma
79f88520-bbb,2024-03-02,McDonald's - Streamlined client-server functionalities,273.08,Dining,checking,3571.2,False,McDonald's,tanishka_dhanwan,Tanishka Dhanwan
cfbe4dc3-59a,2024-03-02,Property Mgmt - Focused local toolset,1144.44,Housing,credit,-46711.47,False,Property Mgmt,tanishka_dhanwan,Tanishka Dhanwan
f166addc-342,2024-03-02,Student Loan - Proactive contextually-based pricing structure,491.73,Debt Payment,savings,-1132.49,False,Student Loan,priya_singh,Priya Singh
1a3cfbfa-bdc,2024-03-02,Water Dept - Synergized foreground neural-net,73.19,Utilities,savings,17713.38,False,Water Dept,priya_singh,Priya Singh
cb7a7d17-9a2,2024-03-02,Water Dept - Streamlined solution-oriented throughput,157.61,Utilities,savings,-14727.27,False,Water Dept,rajesh_sharma,Rajesh Sharma
5f5232bb-b7f,2024-03-02,Delta Airlines - Decentralized homogeneous algorithm,277.06,Travel,credit,-52533.32,False,Delta Airlines,tanishka_dhanwan,Tanishka Dhanwan
693f70c9-fc2,2024-03-02,State Farm - Managed zero-defect circuit,32.24,Insurance,savings,-8509.89,False,State Farm,rajesh_sharma,Rajesh Sharma
fe274d0c-618,2024-03-02,City Hospital - Fully-configurable systemic portal,62.42,Healthcare,checking,-56796.52,False,City Hospital,tanishka_dhanwan,Tanishka Dhanwan
62f17d24-bc5,2024-03-02,Parking Co - Enhanced tertiary throughput,379.91,Transportation,credit,-1104.52,False,Parking Co,tanishka_dhanwan,Tanishka Dhanwan
05caa86d-c1d,2024-03-02,Dental Care - Pre-emptive bi-directional circuit,408.15,Healthcare,savings,-8519.8,False,Dental Care,priya_singh,Priya Singh
a4d5a888-8df,2024-03-02,Internet Provider - Optimized content-based architecture,297.21,Utilities,checking,12415.17,False,Internet Provider,amit_kumar,Amit Kumar
ad7e73e6-667,2024-03-02,Uber - Persistent 6thgeneration benchmark,125.4,Transportation,savings,-8806.51,False,Uber,priya_singh,Priya Singh
19701048-6ad,2024-03-03,State Farm - Expanded impactful contingency,6.66,Insurance,checking,-635.96,False,State Farm,amit_kumar,Amit Kumar
4fef716a-301,2024-03-03,McDonald's - Managed zero tolerance Graphic Interface,64.13,Dining,checking,-50518.84,False,McDonald's,priya_singh,Priya Singh
1b443da9-2bc,2024-03-03,State Farm - Balanced bandwidth-monitored monitoring,42.73,Insurance,credit,-66535.73,False,State Farm,priya_singh,Priya Singh
56fd35fc-238,2024-03-03,Internet Provider - Intuitive maximized neural-net,189.32,Utilities,checking,11096.52,False,Internet Provider,amit_kumar,Amit Kumar
ccc17ebe-7ab,2024-03-03,"Payroll - Johnson, Lee and Whitaker",1849.88,Income,savings,7573.91,True,"Johnson, Lee and Whitaker",priya_singh,Priya Singh
aaf51f5d-443,2024-03-03,"Payroll - Nelson, Cole and Allen",3905.98,Income,checking,-65222.56,True,"Nelson, Cole and Allen",priya_singh,Priya Singh
e825810a-5aa,2024-03-03,Costco - Open-architected responsive contingency,299.51,Groceries,savings,-51872.13,False,Costco,rajesh_sharma,Rajesh Sharma
2e3ced07-065,2024-03-03,Parking Co - Networked executive database,35.27,Transportation,savings,1360.6,False,Parking Co,amit_kumar,Amit Kumar
86cf6290-a61,2024-03-03,Starbucks - Switchable user-facing open system,374.33,Dining,checking,1403.07,False,Starbucks,amit_kumar,Amit Kumar
f9cde8cc-bc9,2024-03-03,Expedia - Upgradable heuristic concept,475.49,Travel,credit,-63664.15,False,Expedia,rajesh_sharma,Rajesh Sharma
b7e485dc-581,2024-03-03,Property Mgmt - Organized tangible firmware,1842.48,Housing,savings,-24000.17,False,Property Mgmt,tanishka_dhanwan,Tanishka Dhanwan
c4abe0a8-ebc,2024-03-03,HOA Fees - Switchable transitional extranet,1391.07,Housing,checking,-61344.92,False,HOA Fees,tanishka_dhanwan,Tanishka Dhanwan
49265cf2-85a,2024-03-03,Property Mgmt - Phased asymmetric array,1961.1,Housing,credit,-52349.06,False,Property Mgmt,rajesh_sharma,Rajesh Sharma
f3f4e0cd-e06,2024-03-03,Water Dept - Innovative zero tolerance encryption,13.25,Utilities,credit,-35434.44,False,Water Dept,tanishka_dhanwan,Tanishka Dhanwan
2fabd79e-7b7,2024-03-03,State Farm - Enterprise-wide mobile data-warehouse,397.88,Insurance,credit,-32898.67,False,State Farm,rajesh_sharma,Rajesh Sharma
892fe089-976,2024-03-03,Trader Joe's - Virtual next generation hardware,107.96,Groceries,checking,-49019.46,False,Trader Joe's,amit_kumar,Amit Kumar
4a5cf1da-e14,2024-03-03,Payroll - Garrett-Rodriguez,3985.64,Income,checking,-59584.24,True,Garrett-Rodriguez,tanishka_dhanwan,Tanishka Dhanwan
efff8718-2e7,2024-03-03,"Payroll - Wilson, Walker and Ferguson",2375.93,Income,credit,-75324.7,True,"Wilson, Walker and Ferguson",amit_kumar,Amit Kumar
4c98cd4a-f8a,2024-03-04,Netflix - Balanced 6thgeneration projection,386.92,Entertainment,credit,-36568.32,False,Netflix,priya_singh,Priya Singh
3ce7e8e6-3bb,2024-03-04,Misc Purchase - Distributed actuating hierarchy,40.26,Other,savings,8935.34,False,Misc Purchase,priya_singh,Priya Singh
f9cfaa74-b8b,2024-03-04,Rent Payment - Managed attitude-oriented paradigm,1625.57,Housing,checking,-28419.78,False,Rent Payment,rajesh_sharma,Rajesh Sharma
8fa8a754-3ce,2024-03-04,Payroll - Kane-Bennett,3311.07,Income,checking,-63906.42,True,Kane-Bennett,priya_singh,Priya Singh
8c686f8b-36e,2024-03-04,Payroll - Parker Ltd,3452.89,Income,checking,-51575.8,True,Parker Ltd,rajesh_sharma,Rajesh Sharma
2c08b137-659,2024-03-04,Uber - Pre-emptive zero tolerance Graphical User Interface,60.68,Transportation,credit,-70507.77,False,Uber,rajesh_sharma,Rajesh Sharma
876c4cb7-eaf,2024-03-04,Spotify - Universal encompassing circuit,71.33,Entertainment,credit,-35202.37,False,Spotify,tanishka_dhanwan,Tanishka Dhanwan
6a90a649-f0c,2024-03-04,Health Ins Co - Open-architected transitional utilization,487.17,Insurance,checking,-51603.63,False,Health Ins Co,priya_singh,Priya Singh
494097ca-b5e,2024-03-04,Water Dept - Reverse-engineered discrete neural-net,150.1,Utilities,checking,-2642.19,False,Water Dept,priya_singh,Priya Singh
752d1e48-1d9,2024-03-04,Rent Payment - Face-to-face secondary architecture,1971.38,Housing,credit,-56795.95,False,Rent Payment,rajesh_sharma,Rajesh Sharma
1245691a-c20,2024-03-04,Whole Foods - Fundamental value-added solution,377.77,Groceries,checking,-2115.72,False,Whole Foods,priya_singh,Priya Singh
c6fd6e9e-3d2,2024-03-04,Tuition - Front-line bi-directional circuit,255.04,Education,checking,-26020.95,False,Tuition,rajesh_sharma,Rajesh Sharma
b2366def-836,2024-03-04,Starbucks - Universal even-keeled array,92.71,Dining,savings,-61792.16,False,Starbucks,rajesh_sharma,Rajesh Sharma
8cd7ddef-9b4,2024-03-04,Gym Membership - Self-enabling full-range extranet,72.21,Subscriptions,savings,5624.23,False,Gym Membership,amit_kumar,Amit Kumar
78be779d-c28,2024-03-04,Chipotle - Total local functionalities,381.9,Dining,checking,-34674.22,False,Chipotle,rajesh_sharma,Rajesh Sharma
a0dc41c6-2f5,2024-03-04,Student Loan - Inverse empowering service-desk,140.37,Debt Payment,checking,-36410.32,False,Student Loan,tanishka_dhanwan,Tanishka Dhanwan
d8cb233d-755,2024-03-04,Rent Payment - Visionary systematic parallelism,814.38,Housing,checking,-33667.71,False,Rent Payment,rajesh_sharma,Rajesh Sharma
8d21329b-65a,2024-03-04,Property Mgmt - Pre-emptive even-keeled artificial intelligence,1133.71,Housing,credit,-39324.56,False,Property Mgmt,tanishka_dhanwan,Tanishka Dhanwan
d551bbdf-20d,2024-03-04,State Farm - Object-based mobile framework,39.37,Insurance,savings,-13603.77,False,State Farm,amit_kumar,Amit Kumar
10dfd848-c14,2024-03-04,Bookstore - Upgradable disintermediate benchmark,126.55,Education,credit,-35656.15,False,Bookstore,tanishka_dhanwan,Tanishka Dhanwan
1a40a01f-c78,2024-03-05,Bookstore - Persistent intermediate artificial intelligence,218.3,Education,credit,-18308.26,False,Bookstore,amit_kumar,Amit Kumar
b882d3ef-c44,2024-03-05,Target - Visionary upward-trending matrices,392.8,Shopping,checking,869.48,False,Target,tanishka_dhanwan,Tanishka Dhanwan
6f7bdedc-150,2024-03-05,Payroll - Rowe-James,2954.28,Income,credit,-66394.48,True,Rowe-James,rajesh_sharma,Rajesh Sharma
22ac2394-100,2024-03-05,Student Loan - Multi-lateral multi-tasking core,292.41,Debt Payment,savings,-24941.2,False,Student Loan,tanishka_dhanwan,Tanishka Dhanwan
ca32666a-bb2,2024-03-05,Costco - Cross-group holistic Graphical User Interface,50.51,Groceries,savings,16658.01,False,Costco,priya_singh,Priya Singh
48dcd131-f20,2024-03-05,Credit Card Payment - Self-enabling modular attitude,8.79,Debt Payment,savings,7282.42,False,Credit Card Payment,tanishka_dhanwan,Tanishka Dhanwan
2ed7781a-2b2,2024-03-05,Student Loan - De-engineered demand-driven circuit,428.8,Debt Payment,credit,-68759.32,False,Student Loan,priya_singh,Priya Singh
d3ca1cca-3d9,2024-03-05,"Payroll - Potter, Gordon and Smith",2765.1,Income,credit,4745.47,True,"Potter, Gordon and Smith",tanishka_dhanwan,Tanishka Dhanwan
abff7285-029,2024-03-05,Uber - Cloned stable monitoring,375.62,Transportation,credit,-60791.71,False,Uber,priya_singh,Priya Singh
5acc40da-fd8,2024-03-05,Tuition - Face-to-face upward-trending archive,403.1,Education,checking,-28053.56,False,Tuition,tanishka_dhanwan,Tanishka Dhanwan
afe49ba2-ee8,2024-03-05,Misc Purchase - Up-sized zero tolerance matrices,7.45,Other,checking,3563.75,False,Misc Purchase,tanishka_dhanwan,Tanishka Dhanwan
7b23201b-edf,2024-03-05,Local Bistro - Optional transitional hardware,254.06,Dining,savings,-4856.22,False,Local Bistro,priya_singh,Priya Singh
2783a078-8f6,2024-03-05,Shell Gas - Ergonomic well-modulated complexity,87.82,Transportation,credit,-51752.44,False,Shell Gas,rajesh_sharma,Rajesh Sharma
e3375e0a-d08,2024-03-05,McDonald's - Synergistic heuristic moratorium,348.79,Dining,savings,-32545.71,False,McDonald's,tanishka_dhanwan,Tanishka Dhanwan
d4859874-bed,2024-03-05,HOA Fees - Robust coherent conglomeration,912.02,Housing,checking,-60374.79,False,HOA Fees,amit_kumar,Amit Kumar
13683c79-468,2024-03-05,City Hospital - Organic optimal functionalities,14.29,Healthcare,checking,-26761.88,False,City Hospital,tanishka_dhanwan,Tanishka Dhanwan
b88a184f-2c3,2024-03-05,Starbucks - Streamlined national conglomeration,91.74,Dining,checking,-13852.55,False,Starbucks,priya_singh,Priya Singh
be3605ac-b9d,2024-03-05,Walmart - Reverse-engineered intermediate collaboration,138.02,Groceries,savings,-17842.34,False,Walmart,amit_kumar,Amit Kumar
c3bda457-7d6,2024-03-05,"Payroll - Lawson, Morris and Ramos",2296.1,Income,savings,11119.96,True,"Lawson, Morris and Ramos",rajesh_sharma,Rajesh Sharma
c33ad4c0-be6,2024-03-05,CVS Pharmacy - Synchronized tangible moderator,13.0,Healthcare,credit,-79408.84,False,CVS Pharmacy,priya_singh,Priya Singh
c16e6713-909,2024-03-06,Property Mgmt - Balanced motivating benchmark,1259.46,Housing,credit,-26730.51,False,Property Mgmt,amit_kumar,Amit Kumar
d33ab250-282,2024-03-06,Local Bistro - Fundamental eco-centric adapter,117.89,Dining,checking,-26879.77,False,Local Bistro,tanishka_dhanwan,Tanishka Dhanwan
969d1b74-57a,2024-03-06,Payroll - Young LLC,1916.85,Income,credit,-82709.58,True,Young LLC,rajesh_sharma,Rajesh Sharma
d85562c5-9b7,2024-03-06,Metro Transit - Re-contextualized background open architecture,486.34,Transportation,savings,-28654.0,False,Metro Transit,tanishka_dhanwan,Tanishka Dhanwan
3c5a77d1-bd0,2024-03-06,Health Ins Co - Versatile national leverage,307.69,Insurance,savings,-33684.16,False,Health Ins Co,rajesh_sharma,Rajesh Sharma
a92e9c34-c18,2024-03-06,Target - Multi-tiered high-level parallelism,133.47,Shopping,checking,-6061.73,False,Target,priya_singh,Priya Singh
3024e88a-c2f,2024-03-06,AMC Theaters - Robust holistic encoding,351.36,Entertainment,checking,-47559.09,False,AMC Theaters,amit_kumar,Amit Kumar
88459ea1-d3d,2024-03-06,Bookstore - Programmable national success,11.05,Education,credit,-47444.9,False,Bookstore,priya_singh,Priya Singh
5ab45168-4d8,2024-03-06,Starbucks - Switchable fault-tolerant solution,40.08,Dining,savings,13814.55,False,Starbucks,priya_singh,Priya Singh
369dce91-f70,2024-03-06,CVS Pharmacy - Up-sized non-volatile task-force,131.69,Healthcare,credit,-42807.74,False,CVS Pharmacy,tanishka_dhanwan,Tanishka Dhanwan
36e0de07-c02,2024-03-06,Whole Foods - Robust explicit info-mediaries,202.32,Groceries,credit,-49459.13,False,Whole Foods,tanishka_dhanwan,Tanishka Dhanwan
d7762771-a10,2024-03-07,AMC Theaters - Quality-focused needs-based leverage,125.9,Entertainment,savings,21129.88,False,AMC Theaters,priya_singh,Priya Singh
9a8a53c2-d09,2024-03-07,Health Ins Co - Stand-alone multimedia circuit,94.29,Insurance,savings,14227.0,False,Health Ins Co,priya_singh,Priya Singh
a84e472a-ad7,2024-03-07,Payroll - Harris and Sons,3631.66,Income,savings,-27964.85,True,Harris and Sons,tanishka_dhanwan,Tanishka Dhanwan
718d3794-c59,2024-03-07,Property Mgmt - Ameliorated neutral infrastructure,1600.91,Housing,checking,-40827.89,False,Property Mgmt,amit_kumar,Amit Kumar
20b5473c-231,2024-03-07,Adobe - Organized coherent alliance,37.36,Subscriptions,credit,-79278.77,False,Adobe,rajesh_sharma,Rajesh Sharma
6cc6f284-951,2024-03-07,Student Loan - Inverse high-level pricing structure,103.24,Debt Payment,credit,-43764.42,False,Student Loan,priya_singh,Priya Singh
8a62bb50-fac,2024-03-07,State Farm - Optional user-facing workforce,87.8,Insurance,checking,-1385.61,False,State Farm,amit_kumar,Amit Kumar
2f7ec95f-d1f,2024-03-07,Payroll - Murphy and Sons,1569.4,Income,checking,13851.11,True,Murphy and Sons,tanishka_dhanwan,Tanishka Dhanwan
9d436ec7-4b2,2024-03-07,Chipotle - Seamless heuristic encoding,217.11,Dining,credit,-47049.74,False,Chipotle,rajesh_sharma,Rajesh Sharma
7a107af8-c9b,2024-03-07,State Farm - Optimized impactful interface,48.18,Insurance,credit,1640.12,False,State Farm,priya_singh,Priya Singh
014823fe-3ae,2024-03-07,ATM Withdrawal - Upgradable explicit strategy,498.86,Other,checking,-3259.77,False,ATM Withdrawal,amit_kumar,Amit Kumar
008ca245-cb5,2024-03-07,Netflix - Enhanced systemic archive,424.66,Entertainment,savings,16618.14,False,Netflix,priya_singh,Priya Singh
90c6ccc6-28c,2024-03-07,Parking Co - Multi-channeled bifurcated forecast,441.78,Transportation,savings,-6991.84,False,Parking Co,priya_singh,Priya Singh
54344426-028,2024-03-07,Rent Payment - Cross-platform foreground interface,1962.52,Housing,checking,-23465.12,False,Rent Payment,rajesh_sharma,Rajesh Sharma
0593c60d-9b7,2024-03-07,Misc Purchase - Exclusive mobile contingency,206.84,Other,credit,-70829.24,False,Misc Purchase,amit_kumar,Amit Kumar
1b4bb869-4e4,2024-03-08,Whole Foods - Stand-alone eco-centric structure,390.66,Groceries,credit,-59461.63,False,Whole Foods,rajesh_sharma,Rajesh Sharma
f6b6e68d-139,2024-03-08,Chipotle - Persevering mobile Graphic Interface,488.87,Dining,savings,-54856.52,False,Chipotle,rajesh_sharma,Rajesh Sharma
daebf694-25a,2024-03-08,Credit Card Payment - Secured asynchronous leverage,422.32,Debt Payment,savings,16146.75,False,Credit Card Payment,priya_singh,Priya Singh
d521f423-694,2024-03-08,Whole Foods - User-friendly national workforce,372.84,Groceries,credit,-53990.06,False,Whole Foods,priya_singh,Priya Singh
4b573e50-056,2024-03-08,"Payroll - Kramer, Pearson and Terry",2312.56,Income,checking,3311.36,True,"Kramer, Pearson and Terry",amit_kumar,Amit Kumar
b7796b73-4ef,2024-03-08,Credit Card Payment - De-engineered national encryption,219.12,Debt Payment,credit,-46972.43,False,Credit Card Payment,tanishka_dhanwan,Tanishka Dhanwan
c97edd64-cd3,2024-03-08,Trader Joe's - Implemented uniform structure,399.96,Groceries,savings,11837.7,False,Trader Joe's,amit_kumar,Amit Kumar
9d6c0f6c-3ce,2024-03-08,HOA Fees - Focused needs-based data-warehouse,1870.2,Housing,credit,-69685.43,False,HOA Fees,rajesh_sharma,Rajesh Sharma
ae46adfc-771,2024-03-08,Internet Provider - Virtual secondary analyzer,323.35,Utilities,savings,-20702.26,False,Internet Provider,amit_kumar,Amit Kumar
97c55106-c65,2024-03-08,HOA Fees - Sharable maximized standardization,1083.25,Housing,checking,-18905.18,False,HOA Fees,rajesh_sharma,Rajesh Sharma
ea025544-120,2024-03-08,Gym Membership - Open-source asymmetric matrices,154.99,Subscriptions,checking,10941.53,False,Gym Membership,amit_kumar,Amit Kumar
ee8b2e4b-13b,2024-03-08,Rent Payment - Adaptive coherent time-frame,1019.76,Housing,checking,3844.28,False,Rent Payment,tanishka_dhanwan,Tanishka Dhanwan
559488d2-de1,2024-03-08,Marriott - Down-sized client-server frame,218.72,Travel,credit,-43617.66,False,Marriott,tanishka_dhanwan,Tanishka Dhanwan
b3128f85-faa,2024-03-08,Rent Payment - Configurable logistical strategy,1774.23,Housing,credit,-14320.03,False,Rent Payment,amit_kumar,Amit Kumar
c5915e91-2a6,2024-03-08,Walmart - Synergistic explicit throughput,84.42,Groceries,credit,-36518.69,False,Walmart,tanishka_dhanwan,Tanishka Dhanwan
d5ef9faf-f45,2024-03-08,Costco - Up-sized maximized function,209.98,Groceries,savings,-7479.88,False,Costco,amit_kumar,Amit Kumar
2948d964-23c,2024-03-08,Rent Payment - Ameliorated secondary portal,977.11,Housing,savings,6450.52,False,Rent Payment,amit_kumar,Amit Kumar
52d3fc02-0e4,2024-03-08,Chipotle - Reduced tangible database,413.46,Dining,checking,-69686.29,False,Chipotle,priya_singh,Priya Singh
abd8bfe0-639,2024-03-09,McDonald's - Programmable value-added capability,350.57,Dining,checking,-45788.45,False,McDonald's,tanishka_dhanwan,Tanishka Dhanwan
550d4e41-5f6,2024-03-09,State Farm - Mandatory interactive policy,161.82,Insurance,credit,-72091.71,False,State Farm,amit_kumar,Amit Kumar
2a8aa186-ead,2024-03-09,Misc Purchase - Open-source bandwidth-monitored moderator,431.69,Other,credit,-66967.42,False,Misc Purchase,priya_singh,Priya Singh
7a74c6ac-73a,2024-03-09,Chipotle - Cross-platform disintermediate support,306.82,Dining,credit,-73287.36,False,Chipotle,priya_singh,Priya Singh
4ee000ca-d14,2024-03-09,Whole Foods - Synergized transitional focus group,180.42,Groceries,checking,11385.81,False,Whole Foods,tanishka_dhanwan,Tanishka Dhanwan
fe840aa9-5d3,2024-03-09,Target - Reverse-engineered system-worthy product,368.92,Shopping,credit,-30996.17,False,Target,rajesh_sharma,Rajesh Sharma
74595c42-927,2024-03-09,Adobe - Devolved value-added archive,163.48,Subscriptions,credit,-46518.79,False,Adobe,tanishka_dhanwan,Tanishka Dhanwan
017a1f5e-46e,2024-03-09,Whole Foods - Enterprise-wide national workforce,406.6,Groceries,savings,-26908.21,False,Whole Foods,amit_kumar,Amit Kumar
3c319a93-dfd,2024-03-09,Spotify - Reduced neutral structure,292.48,Entertainment,savings,-12276.35,False,Spotify,rajesh_sharma,Rajesh Sharma
e3b98e7b-d92,2024-03-09,Spotify - Compatible asynchronous methodology,92.41,Entertainment,checking,-760.46,False,Spotify,tanishka_dhanwan,Tanishka Dhanwan
a4ab22b5-685,2024-03-09,Payroll - Rowe Inc,2618.59,Income,credit,-29750.73,True,Rowe Inc,tanishka_dhanwan,Tanishka Dhanwan
edd1da14-030,2024-03-09,Internet Provider - Fundamental directional flexibility,190.45,Utilities,savings,7899.69,False,Internet Provider,priya_singh,Priya Singh
278cc7c6-aae,2024-03-10,Internet Provider - Advanced bifurcated archive,301.69,Utilities,credit,-15826.4,False,Internet Provider,rajesh_sharma,Rajesh Sharma
87ecf16d-d24,2024-03-10,Property Mgmt - Team-oriented client-driven project,1093.86,Housing,savings,183.23,False,Property Mgmt,amit_kumar,Amit Kumar
6dd2e296-00c,2024-03-10,Whole Foods - User-centric upward-trending functionalities,162.41,Groceries,savings,6103.85,False,Whole Foods,tanishka_dhanwan,Tanishka Dhanwan
c51341ec-253,2024-03-10,Rent Payment - Inverse attitude-oriented strategy,2096.71,Housing,checking,-51626.94,False,Rent Payment,amit_kumar,Amit Kumar
22b7a2b8-399,2024-03-10,McDonald's - Digitized multi-state forecast,465.7,Dining,credit,-47727.77,False,McDonald's,tanishka_dhanwan,Tanishka Dhanwan
f50f6588-6e3,2024-03-10,Property Mgmt - Monitored logistical infrastructure,1576.14,Housing,checking,-61385.95,False,Property Mgmt,tanishka_dhanwan,Tanishka Dhanwan
149719dc-ac7,2024-03-10,Trader Joe's - Operative neutral methodology,402.88,Groceries,savings,13488.0,False,Trader Joe's,tanishka_dhanwan,Tanishka Dhanwan
031d5bc6-d9a,2024-03-10,Gym Membership - Digitized national database,448.19,Subscriptions,savings,-19859.83,False,Gym Membership,amit_kumar,Amit Kumar
b14c9680-d65,2024-03-10,Adobe - Virtual reciprocal pricing structure,53.05,Subscriptions,credit,-56134.82,False,Adobe,priya_singh,Priya Singh
e779870c-49e,2024-03-10,Cloud Storage - Enhanced responsive application,292.43,Subscriptions,credit,-66559.99,False,Cloud Storage,priya_singh,Priya Singh
e03b7052-028,2024-03-10,Payroll - Tanner-Sanford,4254.2,Income,savings,-14042.79,True,Tanner-Sanford,tanishka_dhanwan,Tanishka Dhanwan
3b311837-ef7,2024-03-10,Property Mgmt - Persevering solution-oriented collaboration,1624.18,Housing,credit,-28237.7,False,Property Mgmt,tanishka_dhanwan,Tanishka Dhanwan
d9fe49fc-119,2024-03-10,Health Ins Co - Networked reciprocal orchestration,25.93,Insurance,checking,-55775.23,False,Health Ins Co,priya_singh,Priya Singh
1e516d92-605,2024-03-10,Tuition - Automated radical budgetary management,24.98,Education,savings,-14567.07,False,Tuition,tanishka_dhanwan,Tanishka Dhanwan
a29f8858-aab,2024-03-10,State Farm - Synergistic bandwidth-monitored groupware,270.64,Insurance,checking,746.76,False,State Farm,amit_kumar,Amit Kumar
19dc5aa4-ca3,2024-03-10,AMC Theaters - Ergonomic national knowledge user,46.55,Entertainment,savings,17739.69,False,AMC Theaters,rajesh_sharma,Rajesh Sharma
3643e251-b55,2024-03-11,Chipotle - Horizontal impactful installation,84.93,Dining,checking,12884.41,False,Chipotle,tanishka_dhanwan,Tanishka Dhanwan
b1b788dd-baf,2024-03-11,Misc Purchase - Digitized client-driven alliance,229.16,Other,savings,-6280.25,False,Misc Purchase,rajesh_sharma,Rajesh Sharma
b3114673-6a3,2024-03-11,Whole Foods - Phased bi-directional groupware,373.51,Groceries,savings,1940.59,False,Whole Foods,amit_kumar,Amit Kumar
f2927cd9-2f2,2024-03-11,Tuition - Profound user-facing standardization,204.44,Education,savings,-18560.12,False,Tuition,tanishka_dhanwan,Tanishka Dhanwan
1bc70549-958,2024-03-11,Payroll - Fisher-Yu,3338.21,Income,credit,-60849.74,True,Fisher-Yu,priya_singh,Priya Singh
453464af-630,2024-03-11,Costco - Front-line leadingedge info-mediaries,306.23,Groceries,credit,-9780.89,False,Costco,amit_kumar,Amit Kumar
d30966a5-9c1,2024-03-11,Best Buy - User-centric motivating capability,428.83,Shopping,savings,6987.79,False,Best Buy,amit_kumar,Amit Kumar
95462b66-22c,2024-03-11,Spotify - Streamlined zero tolerance budgetary management,52.27,Entertainment,savings,3755.04,False,Spotify,amit_kumar,Amit Kumar
5e0581ac-6b1,2024-03-11,Payroll - Santiago-Jenkins,2339.33,Income,savings,-11207.27,True,Santiago-Jenkins,rajesh_sharma,Rajesh Sharma
0fa5f64b-0c8,2024-03-11,Netflix - Realigned next generation migration,282.58,Entertainment,checking,-28619.44,False,Netflix,rajesh_sharma,Rajesh Sharma
4181c4cc-d4d,2024-03-11,Gym Membership - Synchronized asymmetric definition,451.68,Subscriptions,checking,-14829.18,False,Gym Membership,amit_kumar,Amit Kumar
bc4238c4-363,2024-03-11,Payroll - Pratt Ltd,1702.09,Income,checking,8156.27,True,Pratt Ltd,tanishka_dhanwan,Tanishka Dhanwan
2cdf531f-bf0,2024-03-11,Walmart - Grass-roots national functionalities,267.61,Groceries,checking,-47299.37,False,Walmart,priya_singh,Priya Singh
874f6cf6-217,2024-03-11,Amazon - Self-enabling transitional middleware,267.18,Shopping,credit,-73590.37,False,Amazon,rajesh_sharma,Rajesh Sharma
1c205884-282,2024-03-11,Adobe - Distributed tangible monitoring,387.31,Subscriptions,savings,19479.91,False,Adobe,priya_singh,Priya Singh
2ffe6b72-af1,2024-03-11,Delta Airlines - Profound hybrid core,177.42,Travel,credit,-2958.84,False,Delta Airlines,amit_kumar,Amit Kumar
54c4620b-746,2024-03-11,Student Loan - Operative incremental Local Area Network,211.26,Debt Payment,checking,329.79,False,Student Loan,tanishka_dhanwan,Tanishka Dhanwan
9b617517-cd1,2024-03-11,Payroll - Pratt LLC,4409.53,Income,savings,34536.83,True,Pratt LLC,priya_singh,Priya Singh
39309ebc-b1f,2024-03-11,Credit Card Payment - Expanded composite toolset,420.46,Debt Payment,savings,-8789.89,False,Credit Card Payment,tanishka_dhanwan,Tanishka Dhanwan
c9e2d53d-bfe,2024-03-11,Electric Co - Diverse executive success,241.19,Utilities,savings,10132.3,False,Electric Co,amit_kumar,Amit Kumar
fd3bb15b-205,2024-03-12,Spotify - Synergistic mission-critical leverage,426.29,Entertainment,credit,-57968.52,False,Spotify,priya_singh,Priya Singh
f0906679-101,2024-03-12,Bookstore - Universal demand-driven superstructure,55.76,Education,checking,-39226.98,False,Bookstore,amit_kumar,Amit Kumar
a406d861-74a,2024-03-12,ATM Withdrawal - Enterprise-wide systemic throughput,214.8,Other,checking,-29267.81,False,ATM Withdrawal,rajesh_sharma,Rajesh Sharma
58ec8410-1cb,2024-03-12,City Hospital - Upgradable zero tolerance focus group,106.79,Healthcare,credit,-38436.82,False,City Hospital,amit_kumar,Amit Kumar
bce25561-48c,2024-03-12,Payroll - Cantu-Cochran,1560.77,Income,checking,4864.04,True,Cantu-Cochran,tanishka_dhanwan,Tanishka Dhanwan
b912c343-1cc,2024-03-12,Target - Function-based logistical extranet,207.53,Shopping,checking,-7809.67,False,Target,rajesh_sharma,Rajesh Sharma
980578da-b87,2024-03-12,Payroll - Stephens LLC,3055.87,Income,credit,-58664.51,True,Stephens LLC,priya_singh,Priya Singh
252355cb-c46,2024-03-12,Walmart - Centralized mission-critical flexibility,342.23,Groceries,checking,6595.66,False,Walmart,amit_kumar,Amit Kumar
c67613d8-54b,2024-03-12,Whole Foods - Decentralized eco-centric matrices,303.79,Groceries,credit,-58464.22,False,Whole Foods,priya_singh,Priya Singh
30063561-ab7,2024-03-12,Whole Foods - Triple-buffered full-range help-desk,386.8,Groceries,credit,-37805.67,False,Whole Foods,tanishka_dhanwan,Tanishka Dhanwan
1dba3f9f-984,2024-03-12,Electric Co - Proactive radical website,216.72,Utilities,credit,-66828.01,False,Electric Co,priya_singh,Priya Singh
9f63a2e0-e08,2024-03-12,"Payroll - Walsh, Henderson and Rasmussen",3206.11,Income,checking,3019.63,True,"Walsh, Henderson and Rasmussen",tanishka_dhanwan,Tanishka Dhanwan
dfbe95c7-5a3,2024-03-12,Parking Co - Right-sized multimedia model,314.95,Transportation,checking,-11100.47,False,Parking Co,priya_singh,Priya Singh
331293a0-2bf,2024-03-12,Chipotle - Seamless incremental focus group,481.81,Dining,checking,-20421.99,False,Chipotle,rajesh_sharma,Rajesh Sharma
a1b1f128-109,2024-03-12,McDonald's - Face-to-face value-added function,420.48,Dining,savings,16032.15,False,McDonald's,priya_singh,Priya Singh
b553a345-b12,2024-03-12,Chipotle - User-friendly full-range alliance,183.45,Dining,savings,-28524.94,False,Chipotle,amit_kumar,Amit Kumar
45174caa-b2b,2024-03-12,Rent Payment - Vision-oriented optimal standardization,1387.44,Housing,savings,1147.52,False,Rent Payment,priya_singh,Priya Singh
e1a97116-fc8,2024-03-12,Electric Co - Devolved systematic superstructure,444.57,Utilities,savings,17484.4,False,Electric Co,priya_singh,Priya Singh
39841db2-7e5,2024-03-12,Adobe - Progressive coherent encoding,221.8,Subscriptions,savings,-30553.97,False,Adobe,rajesh_sharma,Rajesh Sharma
3bc5207e-f7e,2024-03-12,Payroll - Garcia-Perry,1649.82,Income,savings,12863.91,True,Garcia-Perry,amit_kumar,Amit Kumar
2a5c33a6-b28,2024-03-12,Rent Payment - Streamlined disintermediate attitude,934.69,Housing,checking,-3614.19,False,Rent Payment,priya_singh,Priya Singh
4e47b598-7c2,2024-03-12,Credit Card Payment - Optimized global system engine,304.31,Debt Payment,credit,-3414.25,False,Credit Card Payment,tanishka_dhanwan,Tanishka Dhanwan
a42efa73-f99,2024-03-12,AMC Theaters - Mandatory interactive matrices,28.36,Entertainment,credit,-75053.53,False,AMC Theaters,amit_kumar,Amit Kumar
09fdc024-77a,2024-03-12,Electric Co - Profound 24hour protocol,432.55,Utilities,savings,-10147.08,False,Electric Co,rajesh_sharma,Rajesh Sharma
012126db-8ab,2024-03-13,Water Dept - Adaptive 5thgeneration secured line,59.66,Utilities,savings,-8655.93,False,Water Dept,priya_singh,Priya Singh
27e6529a-d62,2024-03-13,Online Course - Re-engineered content-based extranet,236.82,Education,credit,-17001.19,False,Online Course,rajesh_sharma,Rajesh Sharma
05f0b464-9a7,2024-03-13,CVS Pharmacy - Enhanced zero tolerance contingency,181.35,Healthcare,checking,3156.58,False,CVS Pharmacy,amit_kumar,Amit Kumar
3295e2c1-c03,2024-03-13,McDonald's - Innovative user-facing process improvement,46.53,Dining,checking,-54502.88,False,McDonald's,rajesh_sharma,Rajesh Sharma
ed7e144e-cc1,2024-03-13,Trader Joe's - Enhanced solution-oriented collaboration,208.21,Groceries,credit,-35217.57,False,Trader Joe's,tanishka_dhanwan,Tanishka Dhanwan
71fdaba0-62f,2024-03-13,Local Bistro - Reactive homogeneous budgetary management,457.77,Dining,checking,12417.01,False,Local Bistro,tanishka_dhanwan,Tanishka Dhanwan
ac2ca349-093,2024-03-13,Marriott - Assimilated 24hour collaboration,471.36,Travel,checking,1181.47,False,Marriott,amit_kumar,Amit Kumar
aa2c205b-969,2024-03-13,Cloud Storage - User-friendly modular database,457.1,Subscriptions,checking,-56032.73,False,Cloud Storage,tanishka_dhanwan,Tanishka Dhanwan
bd583f26-17f,2024-03-13,Trader Joe's - Compatible modular knowledgebase,245.53,Groceries,savings,-64628.41,False,Trader Joe's,rajesh_sharma,Rajesh Sharma
166fd159-69f,2024-03-13,Payroll - Cooper-Rios,2238.67,Income,credit,-65684.51,True,Cooper-Rios,priya_singh,Priya Singh
88a6368a-33c,2024-03-13,Property Mgmt - Upgradable responsive methodology,2057.93,Housing,savings,-640.76,False,Property Mgmt,priya_singh,Priya Singh
3d07c0c2-96d,2024-03-13,Whole Foods - Digitized asymmetric capacity,248.55,Groceries,checking,-20849.67,False,Whole Foods,rajesh_sharma,Rajesh Sharma
21477252-4f2,2024-03-13,Gym Membership - Multi-channeled intangible matrices,329.27,Subscriptions,credit,-43922.15,False,Gym Membership,amit_kumar,Amit Kumar
e65e7981-adb,2024-03-13,McDonald's - Diverse national definition,319.92,Dining,credit,-25083.31,False,McDonald's,priya_singh,Priya Singh
448e05e1-9f5,2024-03-13,Dental Care - Object-based high-level middleware,65.76,Healthcare,checking,-4103.27,False,Dental Care,priya_singh,Priya Singh
7dc501f2-94a,2024-03-13,Misc Purchase - Implemented disintermediate project,444.2,Other,checking,-70735.9,False,Misc Purchase,priya_singh,Priya Singh
1950c9c1-294,2024-03-14,Internet Provider - Proactive multi-state info-mediaries,416.03,Utilities,savings,-13354.09,False,Internet Provider,rajesh_sharma,Rajesh Sharma
20c1ac3b-043,2024-03-14,Netflix - Virtual uniform intranet,468.07,Entertainment,savings,-51001.11,False,Netflix,rajesh_sharma,Rajesh Sharma
874c8ad0-a65,2024-03-14,State Farm - Customer-focused systematic approach,53.9,Insurance,credit,-41335.61,False,State Farm,amit_kumar,Amit Kumar
a13150f1-799,2024-03-14,Shell Gas - Diverse full-range open architecture,339.88,Transportation,checking,-31687.09,False,Shell Gas,rajesh_sharma,Rajesh Sharma
9f5d322e-244,2024-03-14,HOA Fees - Synergized exuding process improvement,1098.05,Housing,checking,3709.43,False,HOA Fees,tanishka_dhanwan,Tanishka Dhanwan
65b98076-8c7,2024-03-14,Rent Payment - Robust executive framework,1017.69,Housing,credit,-284.71,False,Rent Payment,priya_singh,Priya Singh
15c67089-44e,2024-03-14,Trader Joe's - Total bi-directional protocol,350.16,Groceries,credit,-363.0,False,Trader Joe's,tanishka_dhanwan,Tanishka Dhanwan
c362b156-54d,2024-03-14,Expedia - Future-proofed neutral capacity,153.86,Travel,credit,-41788.28,False,Expedia,rajesh_sharma,Rajesh Sharma
deaceef3-6a1,2024-03-14,CVS Pharmacy - Centralized secondary alliance,170.23,Healthcare,savings,11986.96,False,CVS Pharmacy,tanishka_dhanwan,Tanishka Dhanwan
eaa61032-fd9,2024-03-14,Amazon - Cross-platform multi-state protocol,489.87,Shopping,savings,16950.6,False,Amazon,priya_singh,Priya Singh
8024cce6-789,2024-03-14,Costco - Organized web-enabled policy,287.08,Groceries,credit,-66777.8,False,Costco,priya_singh,Priya Singh
b35baadf-96d,2024-03-14,Property Mgmt - Customer-focused actuating hardware,1597.3,Housing,credit,-38190.85,False,Property Mgmt,tanishka_dhanwan,Tanishka Dhanwan
6d5dd6c0-ca2,2024-03-14,"Payroll - Salazar, Garrett and Perez",3916.35,Income,credit,-54775.4,True,"Salazar, Garrett and Perez",priya_singh,Priya Singh
c748f5f6-a74,2024-03-14,Local Bistro - Cross-group client-server database,295.28,Dining,credit,-3818.56,False,Local Bistro,amit_kumar,Amit Kumar
0424d5fc-e22,2024-03-14,Misc Purchase - Networked web-enabled project,156.2,Other,savings,5963.63,False,Misc Purchase,amit_kumar,Amit Kumar
f3357246-ea3,2024-03-14,HOA Fees - Implemented empowering Local Area Network,2146.87,Housing,checking,-4809.1,False,HOA Fees,priya_singh,Priya Singh
326257dd-7f1,2024-03-14,Amazon - Fully-configurable logistical project,84.86,Shopping,checking,-53556.35,False,Amazon,amit_kumar,Amit Kumar
ea86ec4c-7ef,2024-03-14,Spotify - Vision-oriented bifurcated monitoring,253.62,Entertainment,savings,-28907.62,False,Spotify,tanishka_dhanwan,Tanishka Dhanwan
78ec4403-fdc,2024-03-14,Amazon - Devolved motivating frame,237.92,Shopping,credit,-69923.35,False,Amazon,rajesh_sharma,Rajesh Sharma
a23a910b-1b9,2024-03-14,Rent Payment - Networked demand-driven capacity,1328.15,Housing,savings,-901.16,False,Rent Payment,amit_kumar,Amit Kumar
05bea5c4-a34,2024-03-14,Health Ins Co - Networked system-worthy strategy,140.72,Insurance,savings,-26823.81,False,Health Ins Co,tanishka_dhanwan,Tanishka Dhanwan
54e3205d-7f2,2024-03-15,Property Mgmt - Stand-alone homogeneous initiative,1563.11,Housing,credit,-11795.64,False,Property Mgmt,priya_singh,Priya Singh
bb2a7b6e-78c,2024-03-15,Health Ins Co - Organic hybrid approach,90.41,Insurance,credit,-35251.32,False,Health Ins Co,tanishka_dhanwan,Tanishka Dhanwan
2eaa7dd9-883,2024-03-15,Local Bistro - Face-to-face 5thgeneration leverage,311.05,Dining,checking,64.32,False,Local Bistro,tanishka_dhanwan,Tanishka Dhanwan
9b536ceb-737,2024-03-15,Uber - Grass-roots mobile intranet,400.23,Transportation,checking,-24377.41,False,Uber,tanishka_dhanwan,Tanishka Dhanwan
2ff57c02-3a7,2024-03-15,McDonald's - Intuitive bandwidth-monitored moratorium,433.62,Dining,checking,-52266.26,False,McDonald's,tanishka_dhanwan,Tanishka Dhanwan
1275e36f-361,2024-03-15,HOA Fees - Object-based 4thgeneration budgetary management,2165.74,Housing,checking,10835.44,False,HOA Fees,tanishka_dhanwan,Tanishka Dhanwan
6516877e-2b4,2024-03-15,Shell Gas - Enhanced methodical challenge,10.47,Transportation,checking,-56914.78,False,Shell Gas,priya_singh,Priya Singh
01c3f997-429,2024-03-15,Water Dept - Vision-oriented executive encoding,146.87,Utilities,savings,-7003.84,False,Water Dept,rajesh_sharma,Rajesh Sharma
bd80615a-a13,2024-03-15,Electric Co - Polarized context-sensitive matrix,325.71,Utilities,checking,-25671.33,False,Electric Co,priya_singh,Priya Singh
6ffd9fc9-cfc,2024-03-16,Credit Card Payment - User-centric reciprocal customer loyalty,493.82,Debt Payment,savings,-52365.95,False,Credit Card Payment,rajesh_sharma,Rajesh Sharma
4df0d740-fc8,2024-03-16,Property Mgmt - Grass-roots multi-tasking portal,2088.92,Housing,credit,-29987.15,False,Property Mgmt,tanishka_dhanwan,Tanishka Dhanwan
7d671d4c-02b,2024-03-16,AMC Theaters - Managed regional implementation,334.45,Entertainment,checking,-26643.44,False,AMC Theaters,rajesh_sharma,Rajesh Sharma
e36f22be-c0a,2024-03-16,Trader Joe's - Visionary intermediate website,373.15,Groceries,credit,-52256.58,False,Trader Joe's,priya_singh,Priya Singh
f110d64b-68a,2024-03-16,Trader Joe's - Phased national access,22.69,Groceries,credit,-51694.86,False,Trader Joe's,priya_singh,Priya Singh
77926473-e6d,2024-03-16,Health Ins Co - Up-sized zero-defect workforce,163.74,Insurance,savings,-3751.44,False,Health Ins Co,tanishka_dhanwan,Tanishka Dhanwan
3b532575-3b6,2024-03-16,Expedia - Robust dedicated time-frame,489.13,Travel,checking,-1618.63,False,Expedia,priya_singh,Priya Singh
357cf600-c63,2024-03-16,Rent Payment - Balanced explicit hierarchy,2018.67,Housing,checking,-6827.77,False,Rent Payment,priya_singh,Priya Singh
81973665-03c,2024-03-16,"Payroll - Stein, Perez and Hall",4346.82,Income,credit,-53933.17,True,"Stein, Perez and Hall",rajesh_sharma,Rajesh Sharma
13d4a76c-9cb,2024-03-16,Property Mgmt - Fundamental solution-oriented algorithm,2141.85,Housing,savings,-28808.24,False,Property Mgmt,tanishka_dhanwan,Tanishka Dhanwan
dccf7abe-8b1,2024-03-16,AMC Theaters - Innovative multimedia open architecture,12.02,Entertainment,credit,-12676.45,False,AMC Theaters,priya_singh,Priya Singh
b9fa38bb-a12,2024-03-16,Payroll - Berry Ltd,4125.42,Income,checking,-53032.56,True,Berry Ltd,priya_singh,Priya Singh
6af070ea-040,2024-03-16,Property Mgmt - Centralized encompassing system engine,1777.75,Housing,checking,-31563.68,False,Property Mgmt,amit_kumar,Amit Kumar
554f567d-46c,2024-03-17,State Farm - Assimilated well-modulated definition,205.9,Insurance,checking,-38795.88,False,State Farm,rajesh_sharma,Rajesh Sharma
20046ec2-062,2024-03-17,Property Mgmt - Innovative national Local Area Network,1797.4,Housing,savings,-4228.31,False,Property Mgmt,priya_singh,Priya Singh
b5b8b758-6a0,2024-03-17,Costco - Automated holistic paradigm,295.53,Groceries,checking,-9558.99,False,Costco,rajesh_sharma,Rajesh Sharma
59826f3a-235,2024-03-17,Costco - Synergistic foreground interface,11.18,Groceries,savings,16708.52,False,Costco,priya_singh,Priya Singh
f47cf3eb-e19,2024-03-17,Water Dept - Distributed holistic model,233.06,Utilities,checking,12047.86,False,Water Dept,tanishka_dhanwan,Tanishka Dhanwan
1a532d97-d0c,2024-03-17,HOA Fees - De-engineered logistical frame,1163.33,Housing,savings,-38848.46,False,HOA Fees,tanishka_dhanwan,Tanishka Dhanwan
477b0679-da0,2024-03-17,Uber - Multi-channeled static infrastructure,162.26,Transportation,credit,-37142.69,False,Uber,priya_singh,Priya Singh
3e3f1c64-045,2024-03-17,Expedia - Advanced composite capability,367.68,Travel,savings,-39910.46,False,Expedia,tanishka_dhanwan,Tanishka Dhanwan
01fb88e0-0ac,2024-03-17,State Farm - Multi-layered stable concept,384.69,Insurance,checking,-3213.96,False,State Farm,amit_kumar,Amit Kumar
3e67ce99-801,2024-03-17,Internet Provider - Team-oriented dynamic alliance,174.93,Utilities,credit,-41030.74,False,Internet Provider,tanishka_dhanwan,Tanishka Dhanwan
cc89b929-a23,2024-03-17,Payroll - Robinson-Clark,1805.03,Income,checking,10460.19,True,Robinson-Clark,tanishka_dhanwan,Tanishka Dhanwan
01593565-ccf,2024-03-17,Uber - Persistent intangible monitoring,88.27,Transportation,savings,-25810.73,False,Uber,tanishka_dhanwan,Tanishka Dhanwan
2e31fba7-512,2024-03-17,Water Dept - Implemented tertiary implementation,398.13,Utilities,savings,-14031.78,False,Water Dept,amit_kumar,Amit Kumar
c83f9e73-264,2024-03-17,Shell Gas - Organic discrete middleware,72.3,Transportation,credit,-22339.7,False,Shell Gas,amit_kumar,Amit Kumar
7ba4e970-148,2024-03-17,AMC Theaters - Managed asymmetric parallelism,149.87,Entertainment,credit,-3968.43,False,AMC Theaters,amit_kumar,Amit Kumar
77d854e9-410,2024-03-17,Starbucks - Secured regional attitude,29.88,Dining,savings,9738.15,False,Starbucks,amit_kumar,Amit Kumar
db5e1ba5-feb,2024-03-17,Water Dept - Decentralized local framework,15.62,Utilities,checking,-5117.47,False,Water Dept,amit_kumar,Amit Kumar
92cd68dc-e2d,2024-03-18,HOA Fees - Object-based content-based portal,1607.98,Housing,savings,-32300.55,False,HOA Fees,tanishka_dhanwan,Tanishka Dhanwan
9c1297c2-8f7,2024-03-18,ATM Withdrawal - Managed needs-based Local Area Network,164.99,Other,credit,-22315.7,False,ATM Withdrawal,rajesh_sharma,Rajesh Sharma
cebd1c84-21c,2024-03-18,Costco - Down-sized context-sensitive hub,357.59,Groceries,checking,-29329.77,False,Costco,amit_kumar,Amit Kumar
7bcb7ecd-5fc,2024-03-18,Shell Gas - Down-sized tangible hub,248.11,Transportation,credit,-67687.2,False,Shell Gas,priya_singh,Priya Singh
b512ba18-bad,2024-03-18,Trader Joe's - User-centric even-keeled collaboration,55.24,Groceries,savings,4975.41,False,Trader Joe's,priya_singh,Priya Singh
7b94d298-ea5,2024-03-18,Student Loan - Vision-oriented user-facing initiative,323.55,Debt Payment,checking,-53781.68,False,Student Loan,tanishka_dhanwan,Tanishka Dhanwan
4c22cc53-9c8,2024-03-18,Whole Foods - Up-sized attitude-oriented Graphical User Interface,68.57,Groceries,checking,-59202.68,False,Whole Foods,tanishka_dhanwan,Tanishka Dhanwan
3e128cc7-77d,2024-03-18,Parking Co - Realigned actuating frame,295.75,Transportation,savings,5770.88,False,Parking Co,amit_kumar,Amit Kumar
383e3d8e-f4b,2024-03-18,McDonald's - Upgradable dedicated Internet solution,254.21,Dining,savings,-10188.04,False,McDonald's,tanishka_dhanwan,Tanishka Dhanwan
6b092bf0-2ee,2024-03-18,State Farm - Cloned next generation monitoring,289.66,Insurance,credit,-55568.58,False,State Farm,priya_singh,Priya Singh
c00fb68c-02c,2024-03-18,Expedia - Profit-focused encompassing ability,119.56,Travel,checking,-9811.96,False,Expedia,rajesh_sharma,Rajesh Sharma
94d0a187-6a8,2024-03-19,AMC Theaters - Automated hybrid groupware,191.47,Entertainment,checking,-2605.99,False,AMC Theaters,priya_singh,Priya Singh
5272ad94-ffb,2024-03-19,Health Ins Co - Adaptive interactive customer loyalty,475.85,Insurance,checking,-43531.3,False,Health Ins Co,rajesh_sharma,Rajesh Sharma
d4e9241c-c7b,2024-03-19,Gym Membership - Secured interactive archive,152.66,Subscriptions,savings,-19411.64,False,Gym Membership,amit_kumar,Amit Kumar
5922bec9-7d6,2024-03-19,HOA Fees - Face-to-face tangible support,1428.47,Housing,savings,-15460.25,False,HOA Fees,amit_kumar,Amit Kumar
ce559247-50d,2024-03-19,Starbucks - Compatible 3rdgeneration parallelism,255.42,Dining,credit,-73257.31,False,Starbucks,rajesh_sharma,Rajesh Sharma
0091faa7-3ad,2024-03-19,Shell Gas - Devolved 24/7 archive,334.83,Transportation,savings,-4508.44,False,Shell Gas,priya_singh,Priya Singh
f863b86d-aea,2024-03-19,HOA Fees - Assimilated maximized product,888.6,Housing,credit,-54617.75,False,HOA Fees,priya_singh,Priya Singh
11da23f9-6af,2024-03-19,McDonald's - Upgradable intangible monitoring,55.23,Dining,checking,-24429.29,False,McDonald's,tanishka_dhanwan,Tanishka Dhanwan
504e0ef2-ec6,2024-03-19,Whole Foods - Re-engineered holistic capability,95.42,Groceries,checking,-54032.75,False,Whole Foods,rajesh_sharma,Rajesh Sharma
7a406ec7-979,2024-03-19,Costco - Synergistic optimizing matrix,29.57,Groceries,credit,-55877.15,False,Costco,rajesh_sharma,Rajesh Sharma
38728669-e96,2024-03-19,Starbucks - Triple-buffered systematic moderator,108.37,Dining,credit,-11755.47,False,Starbucks,priya_singh,Priya Singh
79bae4f0-362,2024-03-19,HOA Fees - Realigned well-modulated contingency,918.64,Housing,savings,16751.7,False,HOA Fees,priya_singh,Priya Singh
3c889547-e37,2024-03-19,Amazon - Cross-platform explicit open system,59.84,Shopping,credit,-37744.79,False,Amazon,tanishka_dhanwan,Tanishka Dhanwan
2d3f4c2a-a1f,2024-03-19,Payroll - Gonzalez-Perry,2496.87,Income,checking,3437.58,True,Gonzalez-Perry,amit_kumar,Amit Kumar
45dedf3e-5b4,2024-03-19,HOA Fees - Reactive uniform superstructure,1220.32,Housing,savings,9630.94,False,HOA Fees,priya_singh,Priya Singh
834e949d-9fe,2024-03-19,Dental Care - Configurable intermediate budgetary management,297.09,Healthcare,credit,-37833.13,False,Dental Care,tanishka_dhanwan,Tanishka Dhanwan
d42ea87b-e3b,2024-03-19,Netflix - Intuitive mobile policy,26.66,Entertainment,checking,-35852.73,False,Netflix,priya_singh,Priya Singh
6849f1e5-4d4,2024-03-19,Expedia - Implemented global orchestration,171.11,Travel,checking,-27421.69,False,Expedia,tanishka_dhanwan,Tanishka Dhanwan
4730d71b-7bb,2024-03-19,Netflix - Proactive client-driven productivity,116.14,Entertainment,savings,-45106.71,False,Netflix,rajesh_sharma,Rajesh Sharma
10bb26aa-9fe,2024-03-19,CVS Pharmacy - Centralized background data-warehouse,187.62,Healthcare,checking,-55624.55,False,CVS Pharmacy,priya_singh,Priya Singh
edfe1aa9-5eb,2024-03-19,Cloud Storage - Diverse modular array,358.88,Subscriptions,credit,-60234.56,False,Cloud Storage,priya_singh,Priya Singh
2287c337-169,2024-03-19,Netflix - Synergistic coherent Graphic Interface,302.08,Entertainment,savings,-29548.93,False,Netflix,tanishka_dhanwan,Tanishka Dhanwan
203fc126-da4,2024-03-19,Internet Provider - Persevering bi-directional challenge,355.52,Utilities,savings,-39889.1,False,Internet Provider,rajesh_sharma,Rajesh Sharma
1a3e6e37-674,2024-03-20,Water Dept - Ameliorated optimizing middleware,316.75,Utilities,checking,1701.09,False,Water Dept,priya_singh,Priya Singh
b1a4ffef-c17,2024-03-20,Target - Optional solution-oriented policy,474.16,Shopping,savings,-40632.41,False,Target,rajesh_sharma,Rajesh Sharma
3789fe80-c53,2024-03-20,Gym Membership - Digitized upward-trending flexibility,475.65,Subscriptions,checking,-52907.36,False,Gym Membership,tanishka_dhanwan,Tanishka Dhanwan
f4430697-a7b,2024-03-20,Payroll - Anderson-Terry,2937.5,Income,credit,-37434.62,True,Anderson-Terry,tanishka_dhanwan,Tanishka Dhanwan
2194b735-560,2024-03-20,ATM Withdrawal - Up-sized systematic functionalities,116.78,Other,savings,-3532.42,False,ATM Withdrawal,priya_singh,Priya Singh
b0c2b608-37b,2024-03-20,Target - Multi-layered national ability,278.61,Shopping,savings,-10228.86,False,Target,tanishka_dhanwan,Tanishka Dhanwan
f0572007-ff5,2024-03-20,Property Mgmt - Function-based exuding synergy,2038.48,Housing,credit,-59995.1,False,Property Mgmt,amit_kumar,Amit Kumar
79445715-ee1,2024-03-20,Student Loan - Decentralized well-modulated focus group,166.28,Debt Payment,checking,4577.64,False,Student Loan,amit_kumar,Amit Kumar
7748f06f-5b3,2024-03-20,Dental Care - Up-sized exuding middleware,295.73,Healthcare,credit,-15232.4,False,Dental Care,rajesh_sharma,Rajesh Sharma
fe10c883-f3e,2024-03-21,Best Buy - Enhanced neutral archive,7.56,Shopping,savings,-3261.69,False,Best Buy,rajesh_sharma,Rajesh Sharma
5d1f69c0-cb1,2024-03-21,Whole Foods - Programmable methodical info-mediaries,90.43,Groceries,checking,-57017.97,False,Whole Foods,tanishka_dhanwan,Tanishka Dhanwan
43e4e3db-0b1,2024-03-21,Electric Co - Operative fault-tolerant toolset,384.37,Utilities,credit,-55932.38,False,Electric Co,priya_singh,Priya Singh
b4f49e44-521,2024-03-21,HOA Fees - Managed interactive flexibility,1462.7,Housing,credit,-76372.89,False,HOA Fees,rajesh_sharma,Rajesh Sharma
ef8ea1b2-8c9,2024-03-21,Payroll - Collins Group,3430.2,Income,credit,-48466.33,True,Collins Group,rajesh_sharma,Rajesh Sharma
cd6e0fae-9ec,2024-03-21,Health Ins Co - Virtual methodical throughput,436.08,Insurance,credit,-73001.89,False,Health Ins Co,rajesh_sharma,Rajesh Sharma
66dcfcbc-ba0,2024-03-21,Costco - Cross-platform static access,383.2,Groceries,credit,-72323.43,False,Costco,amit_kumar,Amit Kumar
92148380-829,2024-03-21,McDonald's - Automated stable instruction set,63.24,Dining,credit,-67580.5,False,McDonald's,rajesh_sharma,Rajesh Sharma
4d6d15ba-b7c,2024-03-21,Whole Foods - Pre-emptive modular emulation,204.6,Groceries,savings,15349.37,False,Whole Foods,amit_kumar,Amit Kumar
f452dbda-969,2024-03-22,Adobe - Total bi-directional Local Area Network,276.77,Subscriptions,savings,-20570.25,False,Adobe,tanishka_dhanwan,Tanishka Dhanwan
338a24c8-649,2024-03-22,HOA Fees - Managed zero administration capacity,1919.04,Housing,credit,-15034.49,False,HOA Fees,rajesh_sharma,Rajesh Sharma
b51a193b-0cc,2024-03-22,HOA Fees - Realigned intermediate workforce,1918.21,Housing,credit,-70149.35,False,HOA Fees,amit_kumar,Amit Kumar
268e5057-0bd,2024-03-22,"Payroll - Martinez, Wilson and Cole",2424.02,Income,savings,1016.47,True,"Martinez, Wilson and Cole",priya_singh,Priya Singh
f6a6cf6e-f59,2024-03-22,Costco - Total bifurcated functionalities,74.71,Groceries,savings,7878.67,False,Costco,amit_kumar,Amit Kumar
a8e240d4-db4,2024-03-22,Parking Co - Grass-roots reciprocal neural-net,122.92,Transportation,savings,-30617.53,False,Parking Co,tanishka_dhanwan,Tanishka Dhanwan
def964a7-f0d,2024-03-22,Health Ins Co - Persevering background extranet,252.07,Insurance,checking,-49757.33,False,Health Ins Co,priya_singh,Priya Singh
a5e45e02-2d9,2024-03-22,Marriott - Fundamental real-time knowledgebase,430.21,Travel,credit,-68158.23,False,Marriott,amit_kumar,Amit Kumar
258618a4-72c,2024-03-22,Chipotle - Mandatory grid-enabled matrices,54.77,Dining,checking,11418.08,False,Chipotle,tanishka_dhanwan,Tanishka Dhanwan
0e02cd29-4c8,2024-03-22,Whole Foods - Object-based global frame,176.66,Groceries,checking,-9593.73,False,Whole Foods,priya_singh,Priya Singh
476b1f47-569,2024-03-22,Health Ins Co - Innovative interactive firmware,470.31,Insurance,checking,-60397.63,False,Health Ins Co,tanishka_dhanwan,Tanishka Dhanwan
5facc08a-559,2024-03-22,Netflix - Automated explicit complexity,104.97,Entertainment,savings,7685.4,False,Netflix,tanishka_dhanwan,Tanishka Dhanwan
54df81b4-e98,2024-03-22,Target - Visionary transitional complexity,257.04,Shopping,credit,-1853.9,False,Target,tanishka_dhanwan,Tanishka Dhanwan
05fb7de2-ab3,2024-03-22,Metro Transit - Balanced user-facing array,172.81,Transportation,credit,-56726.68,False,Metro Transit,amit_kumar,Amit Kumar
29a8e610-f9e,2024-03-22,Marriott - Adaptive radical Graphic Interface,406.32,Travel,savings,17357.43,False,Marriott,rajesh_sharma,Rajesh Sharma
415fed06-74f,2024-03-23,Best Buy - Upgradable non-volatile capacity,343.47,Shopping,credit,-14663.5,False,Best Buy,amit_kumar,Amit Kumar
17f0e878-41e,2024-03-23,Online Course - Multi-lateral maximized process improvement,461.8,Education,savings,-17359.55,False,Online Course,priya_singh,Priya Singh
54e5baff-89d,2024-03-23,"Payroll - Daugherty, Davis and Jackson",3545.64,Income,credit,-41762.98,True,"Daugherty, Davis and Jackson",tanishka_dhanwan,Tanishka Dhanwan
3adb13e1-8d4,2024-03-23,Payroll - Williams and Sons,3884.32,Income,credit,-57845.29,True,Williams and Sons,priya_singh,Priya Singh
7b181e3a-526,2024-03-23,Student Loan - Profound secondary focus group,150.56,Debt Payment,credit,-38154.08,False,Student Loan,priya_singh,Priya Singh
014d6665-8d7,2024-03-23,Student Loan - De-engineered needs-based hardware,109.27,Debt Payment,credit,-52256.26,False,Student Loan,tanishka_dhanwan,Tanishka Dhanwan
1d3787bd-c6a,2024-03-23,Uber - Cross-platform cohesive standardization,472.93,Transportation,checking,-301.11,False,Uber,amit_kumar,Amit Kumar
12e9ee5b-f11,2024-03-23,Delta Airlines - Decentralized zero administration structure,57.88,Travel,credit,-56520.94,False,Delta Airlines,priya_singh,Priya Singh
ae5d8061-084,2024-03-23,AMC Theaters - Organized homogeneous service-desk,337.55,Entertainment,credit,-66493.0,False,AMC Theaters,priya_singh,Priya Singh
3bc8eb85-473,2024-03-23,Misc Purchase - De-engineered multimedia benchmark,194.72,Other,checking,-51116.46,False,Misc Purchase,priya_singh,Priya Singh
e8491890-f46,2024-03-23,Shell Gas - Reactive object-oriented hub,394.11,Transportation,checking,-34459.87,False,Shell Gas,rajesh_sharma,Rajesh Sharma
9eb424c6-e81,2024-03-23,Adobe - Open-architected heuristic leverage,155.54,Subscriptions,credit,-2079.61,False,Adobe,amit_kumar,Amit Kumar
649b4160-6f3,2024-03-23,ATM Withdrawal - Optimized bifurcated conglomeration,463.18,Other,credit,-35745.02,False,ATM Withdrawal,tanishka_dhanwan,Tanishka Dhanwan
c7b73c44-69f,2024-03-23,Whole Foods - Seamless client-driven toolset,214.07,Groceries,savings,-52349.73,False,Whole Foods,rajesh_sharma,Rajesh Sharma
3890b90f-46c,2024-03-23,Gym Membership - Operative real-time solution,318.61,Subscriptions,credit,-18128.12,False,Gym Membership,priya_singh,Priya Singh
53987337-a9f,2024-03-23,Tuition - Customizable incremental intranet,328.84,Education,checking,-9830.28,False,Tuition,priya_singh,Priya Singh
af70c11c-a68,2024-03-23,Property Mgmt - Adaptive uniform success,983.15,Housing,savings,14054.06,False,Property Mgmt,rajesh_sharma,Rajesh Sharma
7b952034-e3f,2024-03-23,Online Course - User-centric optimizing solution,121.55,Education,savings,-51280.57,False,Online Course,rajesh_sharma,Rajesh Sharma
9732d22c-e66,2024-03-24,Parking Co - Total coherent database,283.61,Transportation,checking,-239.82,False,Parking Co,priya_singh,Priya Singh
1bae1081-7c2,2024-03-24,State Farm - Pre-emptive mission-critical data-warehouse,375.22,Insurance,savings,16820.19,False,State Farm,rajesh_sharma,Rajesh Sharma
c6f23b9b-bea,2024-03-24,Credit Card Payment - Cloned empowering hub,234.43,Debt Payment,savings,22941.64,False,Credit Card Payment,priya_singh,Priya Singh
e98d03ea-850,2024-03-24,Water Dept - Horizontal global neural-net,22.75,Utilities,checking,-42844.32,False,Water Dept,rajesh_sharma,Rajesh Sharma
83b17b76-7f1,2024-03-24,Netflix - Focused fault-tolerant support,88.12,Entertainment,credit,-39412.68,False,Netflix,tanishka_dhanwan,Tanishka Dhanwan
c2a281ee-dcf,2024-03-24,Water Dept - Automated homogeneous productivity,144.61,Utilities,savings,9504.35,False,Water Dept,priya_singh,Priya Singh
e154c5ef-150,2024-03-24,McDonald's - Business-focused coherent complexity,415.26,Dining,savings,-15300.65,False,McDonald's,rajesh_sharma,Rajesh Sharma
b2598a52-afd,2024-03-24,CVS Pharmacy - Polarized coherent knowledgebase,331.47,Healthcare,checking,-34322.09,False,CVS Pharmacy,rajesh_sharma,Rajesh Sharma
317ead1b-903,2024-03-24,HOA Fees - Reverse-engineered object-oriented solution,1264.64,Housing,savings,-17269.65,False,HOA Fees,tanishka_dhanwan,Tanishka Dhanwan
13bf8567-998,2024-03-24,AMC Theaters - Reduced impactful monitoring,13.68,Entertainment,checking,-30205.8,False,AMC Theaters,rajesh_sharma,Rajesh Sharma
bf1f5131-ef9,2024-03-24,Chipotle - Intuitive grid-enabled portal,428.94,Dining,checking,-19542.96,False,Chipotle,tanishka_dhanwan,Tanishka Dhanwan
c57947e4-6fc,2024-03-24,CVS Pharmacy - Multi-layered bifurcated paradigm,153.05,Healthcare,credit,-68271.38,False,CVS Pharmacy,priya_singh,Priya Singh
fac50409-0be,2024-03-24,Spotify - Innovative tertiary concept,493.63,Entertainment,credit,-1622.99,False,Spotify,amit_kumar,Amit Kumar
95316874-fd2,2024-03-24,Water Dept - Reverse-engineered stable leverage,305.24,Utilities,savings,51.69,False,Water Dept,priya_singh,Priya Singh
3bec1af4-8de,2024-03-25,Best Buy - Reduced human-resource collaboration,132.67,Shopping,credit,-35320.07,False,Best Buy,tanishka_dhanwan,Tanishka Dhanwan
fca5c529-c87,2024-03-25,Health Ins Co - Mandatory bifurcated Local Area Network,178.56,Insurance,checking,-15726.37,False,Health Ins Co,rajesh_sharma,Rajesh Sharma
d441f2ec-0e2,2024-03-25,Starbucks - Progressive methodical interface,77.9,Dining,checking,8987.33,False,Starbucks,amit_kumar,Amit Kumar
5354c814-642,2024-03-25,Dental Care - Operative optimizing synergy,9.19,Healthcare,credit,-58212.88,False,Dental Care,rajesh_sharma,Rajesh Sharma
75c781b2-d21,2024-03-25,Spotify - Progressive scalable functionalities,390.79,Entertainment,checking,-32912.25,False,Spotify,rajesh_sharma,Rajesh Sharma
bfc9ac0c-fd6,2024-03-25,HOA Fees - Advanced regional open architecture,2182.31,Housing,checking,-49481.68,False,HOA Fees,priya_singh,Priya Singh
34fce951-3e2,2024-03-25,HOA Fees - Advanced upward-trending interface,2188.65,Housing,credit,-80791.83,False,HOA Fees,priya_singh,Priya Singh
7e6fcccb-443,2024-03-25,Chipotle - Multi-tiered bi-directional toolset,276.57,Dining,checking,-44002.77,False,Chipotle,amit_kumar,Amit Kumar
22c8d5a7-f53,2024-03-25,Shell Gas - Monitored fault-tolerant capacity,268.57,Transportation,credit,-974.61,False,Shell Gas,priya_singh,Priya Singh
51d7f98b-473,2024-03-25,Amazon - Universal multimedia product,469.91,Shopping,credit,-44021.76,False,Amazon,tanishka_dhanwan,Tanishka Dhanwan
c845e228-bab,2024-03-25,Delta Airlines - Total didactic leverage,44.55,Travel,savings,-15430.21,False,Delta Airlines,tanishka_dhanwan,Tanishka Dhanwan
19a79ef7-c7a,2024-03-25,HOA Fees - Implemented 3rdgeneration protocol,1707.16,Housing,checking,-11418.93,False,HOA Fees,rajesh_sharma,Rajesh Sharma
293a7285-e9f,2024-03-25,Uber - Mandatory leadingedge toolset,296.4,Transportation,savings,13891.32,False,Uber,tanishka_dhanwan,Tanishka Dhanwan
a8857364-524,2024-03-25,Student Loan - Grass-roots zero-defect initiative,361.46,Debt Payment,checking,-11461.93,False,Student Loan,priya_singh,Priya Singh
79fa0258-5ca,2024-03-25,Chipotle - Universal explicit software,293.91,Dining,credit,-20104.09,False,Chipotle,priya_singh,Priya Singh
2b34e56a-776,2024-03-25,Health Ins Co - Multi-tiered solution-oriented initiative,304.48,Insurance,credit,-41791.42,False,Health Ins Co,tanishka_dhanwan,Tanishka Dhanwan
63da6a0e-0d9,2024-03-25,CVS Pharmacy - Synergized tangible success,227.07,Healthcare,credit,-61875.0,False,CVS Pharmacy,amit_kumar,Amit Kumar
b334b882-b83,2024-03-26,Uber - Reverse-engineered zero administration core,406.85,Transportation,savings,-4626.6,False,Uber,priya_singh,Priya Singh
8dee4ff8-c78,2024-03-26,Health Ins Co - Function-based bifurcated strategy,412.91,Insurance,savings,-829.94,False,Health Ins Co,amit_kumar,Amit Kumar
9e2fc3cd-bf7,2024-03-26,Rent Payment - Polarized analyzing array,1728.9,Housing,savings,-64799.47,False,Rent Payment,rajesh_sharma,Rajesh Sharma
12f17c30-a43,2024-03-26,Rent Payment - Cross-platform actuating frame,1449.25,Housing,credit,-51347.14,False,Rent Payment,rajesh_sharma,Rajesh Sharma
f1c354dd-831,2024-03-26,Trader Joe's - Multi-layered methodical frame,299.59,Groceries,checking,-23664.05,False,Trader Joe's,tanishka_dhanwan,Tanishka Dhanwan
ced9c6cd-e12,2024-03-26,Internet Provider - User-friendly asynchronous encoding,441.73,Utilities,credit,-426.28,False,Internet Provider,priya_singh,Priya Singh
a8423951-aa9,2024-03-26,Metro Transit - Business-focused maximized projection,95.76,Transportation,checking,-33275.13,False,Metro Transit,priya_singh,Priya Singh
411653ed-8ee,2024-03-26,City Hospital - User-friendly multimedia flexibility,234.56,Healthcare,credit,-10854.31,False,City Hospital,amit_kumar,Amit Kumar
9e0cd54e-3d0,2024-03-26,Shell Gas - Enterprise-wide demand-driven open architecture,23.97,Transportation,credit,-81202.87,False,Shell Gas,priya_singh,Priya Singh
3091bd74-183,2024-03-26,Online Course - Proactive content-based database,337.75,Education,credit,-31438.21,False,Online Course,tanishka_dhanwan,Tanishka Dhanwan
cb9c62c8-44f,2024-03-26,Property Mgmt - Polarized bifurcated flexibility,1836.91,Housing,credit,-33105.35,False,Property Mgmt,tanishka_dhanwan,Tanishka Dhanwan
93e64f6d-7a9,2024-03-26,Netflix - Team-oriented discrete Local Area Network,9.82,Entertainment,savings,7382.02,False,Netflix,amit_kumar,Amit Kumar
1da4e6b6-342,2024-03-26,Trader Joe's - Re-contextualized mission-critical throughput,43.71,Groceries,savings,34493.12,False,Trader Joe's,priya_singh,Priya Singh
b41410e3-15e,2024-03-26,HOA Fees - Horizontal systematic superstructure,1108.31,Housing,checking,-61313.35,False,HOA Fees,tanishka_dhanwan,Tanishka Dhanwan
8c180e13-f39,2024-03-26,Water Dept - Realigned bottom-line firmware,331.53,Utilities,credit,-50695.71,False,Water Dept,rajesh_sharma,Rajesh Sharma
57d575ea-e17,2024-03-26,Health Ins Co - Seamless user-facing adapter,165.45,Insurance,checking,-52431.71,False,Health Ins Co,tanishka_dhanwan,Tanishka Dhanwan
891b3d52-93a,2024-03-26,Costco - Future-proofed actuating success,257.41,Groceries,checking,-46380.53,False,Costco,amit_kumar,Amit Kumar
0f87bc8b-797,2024-03-26,Rent Payment - Sharable 24hour system engine,879.59,Housing,savings,-4182.53,False,Rent Payment,priya_singh,Priya Singh
3d8e2714-b9d,2024-03-27,"Payroll - Smith, Schroeder and Oconnor",2038.12,Income,credit,-67855.68,True,"Smith, Schroeder and Oconnor",rajesh_sharma,Rajesh Sharma
f86d2943-906,2024-03-27,"Payroll - Key, Mendoza and Sanchez",2919.48,Income,savings,-32460.33,True,"Key, Mendoza and Sanchez",rajesh_sharma,Rajesh Sharma
1a4fa1e3-16c,2024-03-27,Delta Airlines - Fully-configurable context-sensitive artificial intelligence,90.29,Travel,credit,-37244.86,False,Delta Airlines,tanishka_dhanwan,Tanishka Dhanwan
8e136137-ffb,2024-03-27,Expedia - Persistent encompassing productivity,271.75,Travel,checking,7466.33,False,Expedia,amit_kumar,Amit Kumar
c72e0f0f-878,2024-03-27,Credit Card Payment - Seamless client-server Graphic Interface,494.81,Debt Payment,credit,-4645.63,False,Credit Card Payment,tanishka_dhanwan,Tanishka Dhanwan
ad4be743-6d3,2024-03-27,Starbucks - Phased exuding hub,247.74,Dining,savings,-31870.95,False,Starbucks,tanishka_dhanwan,Tanishka Dhanwan
301068eb-597,2024-03-27,Local Bistro - Expanded system-worthy parallelism,353.21,Dining,savings,-1779.98,False,Local Bistro,priya_singh,Priya Singh
e22640d5-f2b,2024-03-27,McDonald's - Re-engineered coherent attitude,183.92,Dining,savings,7844.15,False,McDonald's,priya_singh,Priya Singh
cc0c3400-617,2024-03-27,Costco - Implemented clear-thinking conglomeration,269.65,Groceries,credit,-2088.1,False,Costco,priya_singh,Priya Singh
5c144eb4-b77,2024-03-27,Health Ins Co - Extended stable synergy,372.42,Insurance,credit,-2376.54,False,Health Ins Co,amit_kumar,Amit Kumar
5ab2623c-c48,2024-03-27,Parking Co - Devolved motivating portal,312.82,Transportation,credit,-56659.26,False,Parking Co,priya_singh,Priya Singh
ae1d4a5d-e4a,2024-03-27,Marriott - Streamlined context-sensitive software,69.56,Travel,credit,-42296.45,False,Marriott,tanishka_dhanwan,Tanishka Dhanwan
193f91b7-661,2024-03-28,CVS Pharmacy - Organized directional orchestration,258.08,Healthcare,savings,-35323.21,False,CVS Pharmacy,tanishka_dhanwan,Tanishka Dhanwan
4ea79e46-80a,2024-03-28,Costco - Synchronized interactive customer loyalty,219.4,Groceries,checking,-43697.4,False,Costco,amit_kumar,Amit Kumar
73a992c1-537,2024-03-28,AMC Theaters - Streamlined composite ability,164.01,Entertainment,savings,5101.96,False,AMC Theaters,amit_kumar,Amit Kumar
183a086e-235,2024-03-28,City Hospital - Stand-alone demand-driven moratorium,132.87,Healthcare,checking,998.8,False,City Hospital,amit_kumar,Amit Kumar
185edf2d-143,2024-03-28,Student Loan - Monitored dedicated customer loyalty,270.83,Debt Payment,credit,-46633.89,False,Student Loan,amit_kumar,Amit Kumar
2a1b32fd-f46,2024-03-28,Gym Membership - Proactive asymmetric policy,110.98,Subscriptions,credit,-3798.38,False,Gym Membership,amit_kumar,Amit Kumar
d8b56932-c51,2024-03-28,CVS Pharmacy - Profound stable hub,305.7,Healthcare,credit,732.98,False,CVS Pharmacy,priya_singh,Priya Singh
7b890225-2ec,2024-03-28,Uber - Configurable analyzing knowledge user,361.31,Transportation,savings,-29712.54,False,Uber,tanishka_dhanwan,Tanishka Dhanwan
75b656d4-c57,2024-03-28,Best Buy - Team-oriented asymmetric hardware,461.5,Shopping,checking,-780.55,False,Best Buy,priya_singh,Priya Singh
d3efe355-e3e,2024-03-28,Marriott - Devolved scalable infrastructure,286.71,Travel,credit,-76375.88,False,Marriott,rajesh_sharma,Rajesh Sharma
ef992f79-8ae,2024-03-28,Local Bistro - Configurable zero-defect matrix,475.57,Dining,credit,-11213.47,False,Local Bistro,amit_kumar,Amit Kumar
3e000bfa-879,2024-03-28,Payroll - Harrison PLC,4267.65,Income,credit,-64187.95,True,Harrison PLC,priya_singh,Priya Singh
a4d4112e-53f,2024-03-28,Dental Care - Mandatory foreground hardware,313.41,Healthcare,credit,-39153.51,False,Dental Care,tanishka_dhanwan,Tanishka Dhanwan
00ebfbba-1a4,2024-03-28,Rent Payment - Total bi-directional implementation,1592.3,Housing,savings,12440.04,False,Rent Payment,rajesh_sharma,Rajesh Sharma
07bdfa6f-f95,2024-03-28,Student Loan - Down-sized foreground system engine,18.35,Debt Payment,savings,-23798.84,False,Student Loan,amit_kumar,Amit Kumar
18f90e88-78f,2024-03-29,Internet Provider - Programmable tangible Graphical User Interface,67.93,Utilities,savings,-10444.01,False,Internet Provider,tanishka_dhanwan,Tanishka Dhanwan
f6862227-96c,2024-03-29,City Hospital - Programmable fresh-thinking contingency,144.03,Healthcare,checking,-20532.23,False,City Hospital,amit_kumar,Amit Kumar
0fb90806-037,2024-03-29,Payroll - Garner LLC,3549.64,Income,savings,-13403.07,True,Garner LLC,rajesh_sharma,Rajesh Sharma
892961a7-704,2024-03-29,Chipotle - Cross-platform empowering definition,493.85,Dining,savings,-47899.07,False,Chipotle,rajesh_sharma,Rajesh Sharma
d733bd26-09a,2024-03-29,AMC Theaters - Right-sized user-facing function,355.33,Entertainment,checking,12736.14,False,AMC Theaters,amit_kumar,Amit Kumar
f1ea363f-d3d,2024-03-29,Health Ins Co - Progressive zero administration orchestration,81.51,Insurance,credit,-11196.62,False,Health Ins Co,amit_kumar,Amit Kumar
b0cdfd2a-a29,2024-03-29,Target - Cross-platform radical Graphic Interface,494.48,Shopping,credit,-59923.35,False,Target,amit_kumar,Amit Kumar
f62bfbc5-1ae,2024-03-29,State Farm - Universal national utilization,88.54,Insurance,savings,-3396.04,False,State Farm,amit_kumar,Amit Kumar
9b167978-e45,2024-03-29,Shell Gas - Inverse composite website,306.44,Transportation,savings,-12445.19,False,Shell Gas,rajesh_sharma,Rajesh Sharma
52cab7c7-189,2024-03-29,Payroll - Graves Group,4324.69,Income,checking,1131.67,True,Graves Group,amit_kumar,Amit Kumar
66b9b801-e59,2024-03-29,Adobe - Streamlined mission-critical portal,199.2,Subscriptions,savings,-39214.98,False,Adobe,tanishka_dhanwan,Tanishka Dhanwan
d29127a5-c7b,2024-03-29,Electric Co - Implemented interactive ability,342.92,Utilities,checking,-30692.05,False,Electric Co,rajesh_sharma,Rajesh Sharma
7b3c91a2-06e,2024-03-29,Trader Joe's - Cross-platform context-sensitive frame,100.25,Groceries,checking,-14068.68,False,Trader Joe's,amit_kumar,Amit Kumar
bb3f91e3-5f0,2024-03-29,Netflix - Ergonomic value-added infrastructure,335.19,Entertainment,checking,-50426.11,False,Netflix,rajesh_sharma,Rajesh Sharma
d5ad390a-f79,2024-03-29,Marriott - Innovative 24/7 conglomeration,334.19,Travel,checking,7721.82,False,Marriott,tanishka_dhanwan,Tanishka Dhanwan
9c4a7da5-234,2024-03-29,Starbucks - Cross-group 4thgeneration Internet solution,339.97,Dining,credit,-12891.95,False,Starbucks,tanishka_dhanwan,Tanishka Dhanwan
02ba3922-a38,2024-03-29,McDonald's - Customer-focused fresh-thinking open architecture,124.8,Dining,checking,-51728.43,False,McDonald's,priya_singh,Priya Singh
b1e2b706-0f8,2024-03-30,McDonald's - Team-oriented bandwidth-monitored protocol,165.92,Dining,checking,-44093.88,False,McDonald's,amit_kumar,Amit Kumar
374e17d5-6f2,2024-03-30,Starbucks - Multi-lateral intermediate customer loyalty,428.51,Dining,credit,2655.27,False,Starbucks,amit_kumar,Amit Kumar
7e27de87-f26,2024-03-30,Internet Provider - Synergized client-server extranet,473.21,Utilities,savings,-15192.13,False,Internet Provider,amit_kumar,Amit Kumar
b15f2b3f-e9f,2024-03-30,State Farm - Intuitive optimizing product,99.5,Insurance,checking,-53373.87,False,State Farm,tanishka_dhanwan,Tanishka Dhanwan
03afa1b4-e6b,2024-03-30,Credit Card Payment - Optional hybrid encryption,325.95,Debt Payment,savings,27858.73,False,Credit Card Payment,priya_singh,Priya Singh
1c060e3d-a7d,2024-03-30,McDonald's - Right-sized neutral complexity,82.95,Dining,savings,17925.53,False,McDonald's,priya_singh,Priya Singh
a68e8bc7-f82,2024-03-30,AMC Theaters - Up-sized methodical task-force,331.28,Entertainment,checking,-32089.68,False,AMC Theaters,rajesh_sharma,Rajesh Sharma
8b77c286-c46,2024-03-30,Electric Co - Innovative hybrid pricing structure,34.52,Utilities,checking,-13720.19,False,Electric Co,amit_kumar,Amit Kumar
8ac566e8-38d,2024-03-30,Dental Care - Profit-focused bifurcated knowledge user,244.88,Healthcare,savings,-14344.04,False,Dental Care,amit_kumar,Amit Kumar
875f131e-842,2024-03-30,Netflix - Phased explicit alliance,425.91,Entertainment,credit,-37640.59,False,Netflix,rajesh_sharma,Rajesh Sharma
576896c3-e1e,2024-03-30,AMC Theaters - Focused tertiary frame,20.03,Entertainment,credit,-53729.15,False,AMC Theaters,priya_singh,Priya Singh
c1826362-7e8,2024-03-30,Water Dept - Multi-lateral attitude-oriented analyzer,373.25,Utilities,credit,-82589.17,False,Water Dept,amit_kumar,Amit Kumar
e57a8367-74f,2024-03-30,Property Mgmt - Monitored upward-trending toolset,1257.41,Housing,credit,-16764.37,False,Property Mgmt,rajesh_sharma,Rajesh Sharma
911f9cd2-a85,2024-03-30,ATM Withdrawal - Adaptive exuding forecast,493.83,Other,checking,-6455.42,False,ATM Withdrawal,rajesh_sharma,Rajesh Sharma
a46837d9-e7b,2024-03-30,Electric Co - Polarized explicit firmware,411.71,Utilities,credit,-77771.38,False,Electric Co,amit_kumar,Amit Kumar
ff2b357e-41f,2024-03-30,Whole Foods - Horizontal incremental contingency,201.04,Groceries,checking,-31882.63,False,Whole Foods,rajesh_sharma,Rajesh Sharma
fe04b079-6dd,2024-03-30,Health Ins Co - Distributed homogeneous task-force,95.7,Insurance,credit,-42394.26,False,Health Ins Co,tanishka_dhanwan,Tanishka Dhanwan
0f937aa2-399,2024-03-30,Local Bistro - Proactive disintermediate artificial intelligence,446.35,Dining,checking,-69961.36,False,Local Bistro,priya_singh,Priya Singh
592b25cd-1b2,2024-03-30,CVS Pharmacy - Upgradable zero administration middleware,397.19,Healthcare,credit,-82188.83,False,CVS Pharmacy,priya_singh,Priya Singh
d0fe9af3-2e9,2024-03-30,Amazon - Enterprise-wide needs-based frame,246.05,Shopping,savings,-11865.78,False,Amazon,rajesh_sharma,Rajesh Sharma
d47cc6b5-0d8,2024-03-31,Best Buy - Customer-focused systemic policy,436.55,Shopping,checking,-54260.27,False,Best Buy,priya_singh,Priya Singh
3260636c-987,2024-03-31,City Hospital - Cross-platform intermediate contingency,320.3,Healthcare,checking,-47019.15,False,City Hospital,amit_kumar,Amit Kumar
3be16c0f-af9,2024-03-31,Uber - Distributed exuding process improvement,278.16,Transportation,savings,14605.75,False,Uber,amit_kumar,Amit Kumar
c4adeb63-6b2,2024-03-31,Misc Purchase - Monitored next generation hub,197.27,Other,checking,-25568.57,False,Misc Purchase,rajesh_sharma,Rajesh Sharma
a7541b9b-c7f,2024-03-31,Spotify - Right-sized interactive productivity,469.44,Entertainment,checking,-2461.5,False,Spotify,amit_kumar,Amit Kumar
f03334a3-f2e,2024-03-31,City Hospital - Progressive human-resource interface,84.35,Healthcare,savings,-40605.6,False,City Hospital,tanishka_dhanwan,Tanishka Dhanwan
a791d072-dab,2024-03-31,HOA Fees - Persevering non-volatile synergy,1188.88,Housing,checking,-36093.63,False,HOA Fees,rajesh_sharma,Rajesh Sharma
26176601-b06,2024-03-31,Adobe - Pre-emptive content-based open system,27.46,Subscriptions,savings,18008.48,False,Adobe,priya_singh,Priya Singh
dc61c201-8a7,2024-03-31,Netflix - Persistent demand-driven Graphical User Interface,239.13,Entertainment,checking,-35560.47,False,Netflix,rajesh_sharma,Rajesh Sharma
b6139375-71f,2024-03-31,Gym Membership - Secured static process improvement,376.27,Subscriptions,credit,-31801.08,False,Gym Membership,amit_kumar,Amit Kumar
c402c7e0-0e0,2024-03-31,Student Loan - Distributed holistic task-force,122.18,Debt Payment,credit,-5967.09,False,Student Loan,rajesh_sharma,Rajesh Sharma
eed0653b-6ef,2024-03-31,Property Mgmt - Reactive impactful firmware,934.21,Housing,savings,9391.1,False,Property Mgmt,priya_singh,Priya Singh
1fc739a1-9a1,2024-04-01,Dental Care - Devolved empowering hierarchy,379.6,Healthcare,credit,-62577.45,False,Dental Care,priya_singh,Priya Singh
95d66419-ff9,2024-04-01,Uber - Secured zero-defect implementation,38.01,Transportation,savings,-23762.85,False,Uber,rajesh_sharma,Rajesh Sharma
29d10438-ac5,2024-04-01,Walmart - Reactive attitude-oriented help-desk,72.18,Groceries,checking,-1344.36,False,Walmart,tanishka_dhanwan,Tanishka Dhanwan
6aaed15e-ba1,2024-04-01,Property Mgmt - Sharable heuristic Internet solution,1861.83,Housing,checking,-52523.94,False,Property Mgmt,priya_singh,Priya Singh
1238027c-c0d,2024-04-01,"Payroll - Davis, Hale and Williams",3253.54,Income,credit,-55443.42,True,"Davis, Hale and Williams",amit_kumar,Amit Kumar
d24e1fef-fc7,2024-04-01,AMC Theaters - Sharable coherent emulation,189.28,Entertainment,checking,-43886.68,False,AMC Theaters,amit_kumar,Amit Kumar
727e219a-313,2024-04-01,Delta Airlines - Networked 24hour strategy,251.58,Travel,checking,-32081.54,False,Delta Airlines,rajesh_sharma,Rajesh Sharma
6bc8f556-b77,2024-04-01,Walmart - Business-focused well-modulated ability,34.73,Groceries,checking,-33494.93,False,Walmart,rajesh_sharma,Rajesh Sharma
5e7b6c68-53d,2024-04-01,Rent Payment - Face-to-face reciprocal analyzer,1502.86,Housing,savings,-11281.77,False,Rent Payment,rajesh_sharma,Rajesh Sharma
1025ddaa-59e,2024-04-02,Student Loan - Cross-platform dynamic task-force,385.22,Debt Payment,savings,5642.51,False,Student Loan,amit_kumar,Amit Kumar
ddff6eb0-8bd,2024-04-02,"Payroll - Taylor, Richardson and Edwards",2274.78,Income,checking,-33446.77,True,"Taylor, Richardson and Edwards",rajesh_sharma,Rajesh Sharma
a47faf50-de6,2024-04-02,Starbucks - Ergonomic 24hour matrix,356.27,Dining,checking,-26869.17,False,Starbucks,tanishka_dhanwan,Tanishka Dhanwan
83a7af28-440,2024-04-02,Whole Foods - Integrated multi-state Graphical User Interface,436.74,Groceries,savings,16723.07,False,Whole Foods,amit_kumar,Amit Kumar
d85624da-798,2024-04-02,CVS Pharmacy - Programmable impactful policy,318.15,Healthcare,credit,-39706.14,False,CVS Pharmacy,priya_singh,Priya Singh
62484d00-537,2024-04-02,Parking Co - Enterprise-wide system-worthy throughput,286.63,Transportation,savings,-8268.88,False,Parking Co,rajesh_sharma,Rajesh Sharma
a3bf6d21-e1a,2024-04-02,Trader Joe's - Cloned leadingedge interface,457.78,Groceries,savings,-28414.43,False,Trader Joe's,tanishka_dhanwan,Tanishka Dhanwan
845ab91e-590,2024-04-02,AMC Theaters - Profit-focused systematic application,34.16,Entertainment,savings,-67612.73,False,AMC Theaters,rajesh_sharma,Rajesh Sharma
4b4e6d2c-92e,2024-04-02,Netflix - Total clear-thinking frame,496.77,Entertainment,savings,-25648.6,False,Netflix,amit_kumar,Amit Kumar
cfefad21-83f,2024-04-02,Expedia - Reactive user-facing analyzer,421.12,Travel,savings,-10849.83,False,Expedia,rajesh_sharma,Rajesh Sharma
92762c74-153,2024-04-02,Spotify - Visionary neutral synergy,17.69,Entertainment,credit,-61851.02,False,Spotify,priya_singh,Priya Singh
ba49c9b7-417,2024-04-02,"Payroll - Krause, Rice and Miller",1537.08,Income,credit,-53709.12,True,"Krause, Rice and Miller",priya_singh,Priya Singh
a3eceedc-c31,2024-04-02,Spotify - Persevering actuating hierarchy,51.8,Entertainment,credit,4093.27,False,Spotify,priya_singh,Priya Singh
b5e82d51-c8d,2024-04-02,Costco - Digitized methodical function,412.53,Groceries,checking,851.89,False,Costco,amit_kumar,Amit Kumar
77f948ee-ef6,2024-04-03,Gym Membership - Assimilated reciprocal structure,456.62,Subscriptions,savings,-25406.1,False,Gym Membership,tanishka_dhanwan,Tanishka Dhanwan
3398bbbf-115,2024-04-03,Payroll - Patton-Mcfarland,2084.09,Income,savings,-25624.91,True,Patton-Mcfarland,tanishka_dhanwan,Tanishka Dhanwan
acec20a9-86b,2024-04-03,Credit Card Payment - Realigned reciprocal support,98.3,Debt Payment,savings,12690.63,False,Credit Card Payment,priya_singh,Priya Singh
fd9618f8-78c,2024-04-03,CVS Pharmacy - Programmable optimizing toolset,57.49,Healthcare,savings,6306.76,False,CVS Pharmacy,amit_kumar,Amit Kumar
86be548d-365,2024-04-03,HOA Fees - Front-line uniform installation,1571.82,Housing,credit,-34748.56,False,HOA Fees,rajesh_sharma,Rajesh Sharma
b6b08b6a-2e2,2024-04-03,Whole Foods - Visionary stable software,123.09,Groceries,checking,-12599.25,False,Whole Foods,rajesh_sharma,Rajesh Sharma
722a1768-f92,2024-04-03,Misc Purchase - Synergistic content-based instruction set,447.02,Other,checking,-988.95,False,Misc Purchase,amit_kumar,Amit Kumar
d71ab05e-761,2024-04-03,Spotify - Enterprise-wide hybrid implementation,204.62,Entertainment,savings,12208.82,False,Spotify,amit_kumar,Amit Kumar
2bd5e468-9d2,2024-04-03,Chipotle - Down-sized optimizing paradigm,447.69,Dining,checking,-34897.72,False,Chipotle,rajesh_sharma,Rajesh Sharma
cc3dc496-a8e,2024-04-03,Spotify - Optimized global hub,79.91,Entertainment,savings,-9698.59,False,Spotify,amit_kumar,Amit Kumar
1c461d74-474,2024-04-03,Marriott - Centralized optimal artificial intelligence,497.48,Travel,savings,-30494.61,False,Marriott,tanishka_dhanwan,Tanishka Dhanwan
02447ca3-c0c,2024-04-03,Adobe - Profit-focused reciprocal support,64.52,Subscriptions,savings,-7761.47,False,Adobe,amit_kumar,Amit Kumar
f81e0ffd-930,2024-04-03,Local Bistro - User-friendly client-driven synergy,403.71,Dining,checking,7938.18,False,Local Bistro,tanishka_dhanwan,Tanishka Dhanwan
b7822071-411,2024-04-03,Walmart - Reduced user-facing moratorium,249.68,Groceries,credit,-6493.81,False,Walmart,rajesh_sharma,Rajesh Sharma
a4250fce-ed4,2024-04-04,Credit Card Payment - Organic homogeneous infrastructure,153.46,Debt Payment,savings,10859.52,False,Credit Card Payment,priya_singh,Priya Singh
b0ad9137-6d5,2024-04-04,Spotify - Open-source fresh-thinking knowledge user,90.53,Entertainment,savings,978.04,False,Spotify,priya_singh,Priya Singh
633bbbab-f39,2024-04-04,Parking Co - Intuitive systemic Graphical User Interface,9.77,Transportation,checking,5816.6,False,Parking Co,amit_kumar,Amit Kumar
5ca4fabe-451,2024-04-04,Adobe - Intuitive holistic framework,405.95,Subscriptions,savings,-58239.18,False,Adobe,rajesh_sharma,Rajesh Sharma
d1d3edf0-784,2024-04-04,Trader Joe's - Proactive interactive matrices,54.23,Groceries,credit,-2040.78,False,Trader Joe's,tanishka_dhanwan,Tanishka Dhanwan
3d78008d-172,2024-04-04,Credit Card Payment - Re-contextualized didactic contingency,97.07,Debt Payment,checking,-29450.87,False,Credit Card Payment,amit_kumar,Amit Kumar
54b828de-83a,2024-04-04,HOA Fees - Up-sized value-added solution,1406.68,Housing,savings,-23521.24,False,HOA Fees,amit_kumar,Amit Kumar
b42efaf1-1bf,2024-04-04,Rent Payment - Enhanced asymmetric task-force,2037.99,Housing,checking,-61622.23,False,Rent Payment,tanishka_dhanwan,Tanishka Dhanwan
d81e568c-413,2024-04-04,Best Buy - Vision-oriented optimal orchestration,255.45,Shopping,savings,-23579.69,False,Best Buy,rajesh_sharma,Rajesh Sharma
0aef499f-ae9,2024-04-04,Metro Transit - Fully-configurable systemic initiative,308.48,Transportation,savings,-21929.83,False,Metro Transit,rajesh_sharma,Rajesh Sharma
3eca72de-2dd,2024-04-04,State Farm - Networked heuristic functionalities,6.02,Insurance,credit,-1986.55,False,State Farm,tanishka_dhanwan,Tanishka Dhanwan
f525b97d-c52,2024-04-04,Property Mgmt - Reduced non-volatile model,1470.2,Housing,savings,9925.83,False,Property Mgmt,rajesh_sharma,Rajesh Sharma
4a4b3b15-442,2024-04-04,Rent Payment - Decentralized clear-thinking initiative,1058.56,Housing,credit,-73847.59,False,Rent Payment,amit_kumar,Amit Kumar
17b73d28-986,2024-04-04,Local Bistro - Fundamental bifurcated functionalities,131.28,Dining,savings,22228.41,False,Local Bistro,amit_kumar,Amit Kumar
4311e960-659,2024-04-04,Payroll - Sanders-Forbes,4340.84,Income,credit,-38282.03,True,Sanders-Forbes,tanishka_dhanwan,Tanishka Dhanwan
c8552528-1f4,2024-04-04,Rent Payment - Secured web-enabled installation,1217.97,Housing,checking,-1776.98,False,Rent Payment,amit_kumar,Amit Kumar
a19a1c29-27a,2024-04-04,Shell Gas - Customer-focused discrete secured line,424.76,Transportation,savings,-40292.02,False,Shell Gas,tanishka_dhanwan,Tanishka Dhanwan
760a3eb1-99c,2024-04-04,Cloud Storage - Reverse-engineered user-facing collaboration,285.45,Subscriptions,credit,-62143.15,False,Cloud Storage,priya_singh,Priya Singh
f8bdbb25-6e3,2024-04-04,Cloud Storage - Operative 3rdgeneration knowledge user,307.08,Subscriptions,credit,-37154.57,False,Cloud Storage,tanishka_dhanwan,Tanishka Dhanwan
640b6aa2-f23,2024-04-04,Payroll - Moore-Knight,2117.19,Income,savings,23176.07,True,Moore-Knight,priya_singh,Priya Singh
b0b87b47-fbc,2024-04-05,Uber - Re-contextualized analyzing collaboration,59.57,Transportation,checking,-4332.93,False,Uber,priya_singh,Priya Singh
13c144c8-178,2024-04-05,Adobe - Fully-configurable regional help-desk,95.34,Subscriptions,savings,29973.26,False,Adobe,priya_singh,Priya Singh
3e108d16-ad1,2024-04-05,Whole Foods - Streamlined object-oriented emulation,434.05,Groceries,credit,-55938.73,False,Whole Foods,rajesh_sharma,Rajesh Sharma
c3126292-8c2,2024-04-05,Spotify - Front-line bifurcated analyzer,5.32,Entertainment,credit,-80650.96,False,Spotify,priya_singh,Priya Singh
0d1d0c1a-004,2024-04-05,Target - Implemented bi-directional migration,274.64,Shopping,credit,-79863.37,False,Target,amit_kumar,Amit Kumar
d1caa758-73a,2024-04-05,Electric Co - Quality-focused optimizing firmware,288.83,Utilities,savings,16303.15,False,Electric Co,amit_kumar,Amit Kumar
5b2cbc82-730,2024-04-05,Target - Configurable foreground core,110.58,Shopping,savings,5824.31,False,Target,amit_kumar,Amit Kumar
f44366c6-878,2024-04-05,Credit Card Payment - Reverse-engineered 4thgeneration definition,352.7,Debt Payment,savings,-15782.91,False,Credit Card Payment,tanishka_dhanwan,Tanishka Dhanwan
7e3ca972-6ab,2024-04-05,Walmart - Proactive zero administration circuit,343.81,Groceries,savings,14423.15,False,Walmart,amit_kumar,Amit Kumar
3a72eee1-87d,2024-04-05,Amazon - Triple-buffered discrete interface,188.77,Shopping,savings,11410.2,False,Amazon,tanishka_dhanwan,Tanishka Dhanwan
b5f5cebd-13a,2024-04-05,Walmart - Organic context-sensitive function,429.96,Groceries,savings,-2854.95,False,Walmart,priya_singh,Priya Singh
3bfe1970-599,2024-04-05,Rent Payment - Up-sized foreground infrastructure,2085.2,Housing,checking,-47145.13,False,Rent Payment,priya_singh,Priya Singh
1264f74d-cb9,2024-04-05,Delta Airlines - Universal leadingedge challenge,299.54,Travel,credit,-53813.73,False,Delta Airlines,amit_kumar,Amit Kumar
1d11f752-998,2024-04-05,Payroll - Figueroa Ltd,4170.59,Income,checking,6401.96,True,Figueroa Ltd,priya_singh,Priya Singh
f3bdc943-168,2024-04-05,ATM Withdrawal - Multi-layered reciprocal contingency,144.46,Other,checking,-2639.36,False,ATM Withdrawal,amit_kumar,Amit Kumar
0082ec5c-833,2024-04-05,Health Ins Co - Organic coherent Local Area Network,7.58,Insurance,checking,-55575.63,False,Health Ins Co,tanishka_dhanwan,Tanishka Dhanwan
0a894066-1bb,2024-04-05,Local Bistro - Realigned value-added neural-net,363.69,Dining,credit,-79122.52,False,Local Bistro,rajesh_sharma,Rajesh Sharma
eb46b326-62a,2024-04-05,Online Course - Organized optimal capability,437.31,Education,savings,4536.54,False,Online Course,amit_kumar,Amit Kumar
7e28edb0-e45,2024-04-06,Parking Co - De-engineered bandwidth-monitored infrastructure,351.73,Transportation,credit,-53095.4,False,Parking Co,rajesh_sharma,Rajesh Sharma
5d55bc31-aba,2024-04-06,Local Bistro - Self-enabling 24/7 help-desk,193.38,Dining,savings,-21967.86,False,Local Bistro,amit_kumar,Amit Kumar
52c254ca-199,2024-04-06,Health Ins Co - Upgradable eco-centric time-frame,107.36,Insurance,credit,-67664.79,False,Health Ins Co,priya_singh,Priya Singh
eec58134-736,2024-04-06,Walmart - Team-oriented modular forecast,176.35,Groceries,savings,-9714.53,False,Walmart,rajesh_sharma,Rajesh Sharma
18d00e73-745,2024-04-06,City Hospital - Enhanced 5thgeneration customer loyalty,244.5,Healthcare,savings,16706.1,False,City Hospital,priya_singh,Priya Singh
7bc1c193-b88,2024-04-06,Netflix - Configurable bifurcated support,266.14,Entertainment,savings,11464.21,False,Netflix,priya_singh,Priya Singh
9380c76f-400,2024-04-06,Netflix - Customer-focused bottom-line extranet,415.26,Entertainment,savings,15553.97,False,Netflix,amit_kumar,Amit Kumar
e9ade13f-003,2024-04-06,Netflix - Implemented incremental info-mediaries,348.15,Entertainment,credit,-63295.68,False,Netflix,rajesh_sharma,Rajesh Sharma
4d2c3550-cfa,2024-04-06,Water Dept - Reactive 24/7 service-desk,25.77,Utilities,savings,-4652.37,False,Water Dept,priya_singh,Priya Singh
fa40935c-8c5,2024-04-06,Health Ins Co - Expanded executive solution,194.2,Insurance,checking,701.25,False,Health Ins Co,amit_kumar,Amit Kumar
cad600cb-fc3,2024-04-06,Misc Purchase - Reactive dynamic conglomeration,157.98,Other,checking,-2829.27,False,Misc Purchase,amit_kumar,Amit Kumar
0740881c-6d6,2024-04-06,Property Mgmt - Configurable value-added portal,1754.76,Housing,savings,14284.16,False,Property Mgmt,amit_kumar,Amit Kumar
295c9dec-148,2024-04-06,Electric Co - Open-source intangible open architecture,90.84,Utilities,savings,-29571.77,False,Electric Co,rajesh_sharma,Rajesh Sharma
e6173dda-2de,2024-04-06,Amazon - Public-key user-facing infrastructure,75.04,Shopping,checking,-57989.07,False,Amazon,tanishka_dhanwan,Tanishka Dhanwan
68299cf7-fc3,2024-04-06,Cloud Storage - Multi-tiered human-resource groupware,290.46,Subscriptions,checking,-59923.66,False,Cloud Storage,priya_singh,Priya Singh
498aa3b5-fe7,2024-04-06,Best Buy - Enhanced 5thgeneration neural-net,478.86,Shopping,credit,-75305.28,False,Best Buy,rajesh_sharma,Rajesh Sharma
06424d21-519,2024-04-06,Delta Airlines - Synergized multi-state superstructure,414.67,Travel,savings,-7150.29,False,Delta Airlines,tanishka_dhanwan,Tanishka Dhanwan
5bca6150-d16,2024-04-06,Cloud Storage - User-centric tangible Internet solution,42.8,Subscriptions,checking,-2612.09,False,Cloud Storage,tanishka_dhanwan,Tanishka Dhanwan
22c79868-5ee,2024-04-07,CVS Pharmacy - Versatile value-added task-force,175.76,Healthcare,savings,-17670.4,False,CVS Pharmacy,priya_singh,Priya Singh
f02807d4-115,2024-04-07,Credit Card Payment - Cross-group directional knowledge user,199.48,Debt Payment,checking,-26755.82,False,Credit Card Payment,rajesh_sharma,Rajesh Sharma
066abc00-59e,2024-04-07,Adobe - Fully-configurable coherent system engine,151.83,Subscriptions,credit,-29558.98,False,Adobe,amit_kumar,Amit Kumar
dc647f32-5cd,2024-04-07,HOA Fees - Monitored uniform data-warehouse,1978.93,Housing,checking,-48671.68,False,HOA Fees,rajesh_sharma,Rajesh Sharma
24a7b700-c38,2024-04-07,Local Bistro - Up-sized system-worthy product,150.88,Dining,checking,-39952.49,False,Local Bistro,rajesh_sharma,Rajesh Sharma
40386504-4a6,2024-04-07,Spotify - Devolved uniform algorithm,205.71,Entertainment,credit,2750.79,False,Spotify,priya_singh,Priya Singh
c0d4590b-6b0,2024-04-07,Costco - Face-to-face systemic Graphic Interface,239.12,Groceries,credit,-6844.52,False,Costco,rajesh_sharma,Rajesh Sharma
9d7af188-9b3,2024-04-07,HOA Fees - Polarized human-resource ability,2077.05,Housing,credit,-436.93,False,HOA Fees,priya_singh,Priya Singh
64ebb49c-491,2024-04-07,Delta Airlines - Re-engineered analyzing artificial intelligence,392.56,Travel,credit,-74715.02,False,Delta Airlines,amit_kumar,Amit Kumar
30e2b916-df8,2024-04-07,Health Ins Co - Virtual maximized open system,394.51,Insurance,credit,-59409.45,False,Health Ins Co,priya_singh,Priya Singh
5be8ce75-a67,2024-04-07,Metro Transit - Universal object-oriented service-desk,177.93,Transportation,credit,-26195.5,False,Metro Transit,amit_kumar,Amit Kumar
2e88e164-c13,2024-04-07,Rent Payment - Operative zero tolerance groupware,1792.91,Housing,savings,14239.24,False,Rent Payment,priya_singh,Priya Singh
2d8a9b1d-72f,2024-04-07,HOA Fees - Fully-configurable directional solution,1592.64,Housing,savings,12421.17,False,HOA Fees,priya_singh,Priya Singh
f266d8c2-8aa,2024-04-07,Rent Payment - Distributed value-added workforce,815.6,Housing,savings,-25850.08,False,Rent Payment,tanishka_dhanwan,Tanishka Dhanwan
4b0c2fef-ee3,2024-04-07,Spotify - Seamless radical middleware,293.6,Entertainment,savings,-10159.07,False,Spotify,rajesh_sharma,Rajesh Sharma
0271d7e0-9d0,2024-04-07,Credit Card Payment - Ergonomic foreground matrix,365.5,Debt Payment,checking,-4255.25,False,Credit Card Payment,priya_singh,Priya Singh
3973db33-d04,2024-04-07,Property Mgmt - Future-proofed next generation standardization,1392.96,Housing,credit,-57966.51,False,Property Mgmt,rajesh_sharma,Rajesh Sharma
3a309f04-732,2024-04-07,Credit Card Payment - Polarized zero administration implementation,219.52,Debt Payment,credit,-38713.29,False,Credit Card Payment,priya_singh,Priya Singh
fc1da7bf-a12,2024-04-07,Walmart - Phased multi-tasking help-desk,408.7,Groceries,credit,-80405.4,False,Walmart,rajesh_sharma,Rajesh Sharma
582e58d1-c4e,2024-04-07,Cloud Storage - Right-sized actuating utilization,379.64,Subscriptions,savings,-10658.51,False,Cloud Storage,rajesh_sharma,Rajesh Sharma
2003c7fd-e7f,2024-04-07,Credit Card Payment - Upgradable bottom-line moderator,15.71,Debt Payment,savings,-36987.3,False,Credit Card Payment,tanishka_dhanwan,Tanishka Dhanwan
a36579f7-c9b,2024-04-07,State Farm - Managed next generation throughput,111.99,Insurance,credit,-13278.06,False,State Farm,priya_singh,Priya Singh
b9de675b-5f7,2024-04-07,HOA Fees - De-engineered demand-driven projection,1144.41,Housing,savings,6535.21,False,HOA Fees,priya_singh,Priya Singh
91807f72-5a1,2024-04-08,Walmart - Total tertiary circuit,80.35,Groceries,savings,15980.65,False,Walmart,tanishka_dhanwan,Tanishka Dhanwan
feeae484-54d,2024-04-08,Water Dept - Assimilated attitude-oriented project,474.1,Utilities,savings,3180.56,False,Water Dept,rajesh_sharma,Rajesh Sharma
78497dcb-f14,2024-04-08,City Hospital - Universal well-modulated secured line,177.51,Healthcare,savings,-3494.75,False,City Hospital,priya_singh,Priya Singh
3391db16-f8d,2024-04-08,Starbucks - Multi-tiered encompassing standardization,312.39,Dining,checking,3721.06,False,Starbucks,tanishka_dhanwan,Tanishka Dhanwan
8343f525-8cf,2024-04-08,Health Ins Co - Pre-emptive human-resource architecture,15.57,Insurance,credit,-64823.74,False,Health Ins Co,priya_singh,Priya Singh
827308dd-fd1,2024-04-08,State Farm - Multi-lateral human-resource collaboration,323.74,Insurance,credit,-74826.42,False,State Farm,rajesh_sharma,Rajesh Sharma
712a4437-767,2024-04-08,Local Bistro - Multi-tiered background time-frame,210.56,Dining,checking,-36996.92,False,Local Bistro,tanishka_dhanwan,Tanishka Dhanwan
e0a6609a-fa0,2024-04-08,Expedia - Decentralized global Graphical User Interface,226.48,Travel,credit,-38024.48,False,Expedia,tanishka_dhanwan,Tanishka Dhanwan
d5b8f50a-f6c,2024-04-08,HOA Fees - Multi-layered holistic circuit,1471.74,Housing,credit,-20019.58,False,HOA Fees,tanishka_dhanwan,Tanishka Dhanwan
8e4b2e0f-e09,2024-04-08,Starbucks - Balanced multi-state collaboration,76.69,Dining,checking,1828.09,False,Starbucks,amit_kumar,Amit Kumar
ae7d4f6d-82c,2024-04-08,Chipotle - Proactive client-server groupware,494.7,Dining,checking,539.62,False,Chipotle,priya_singh,Priya Singh
c7fed691-471,2024-04-08,Trader Joe's - Front-line impactful capability,372.73,Groceries,checking,-4505.17,False,Trader Joe's,rajesh_sharma,Rajesh Sharma
4cbbef9d-163,2024-04-08,Uber - Vision-oriented grid-enabled hardware,286.49,Transportation,checking,-25534.97,False,Uber,rajesh_sharma,Rajesh Sharma
fad59efc-e83,2024-04-09,Chipotle - Intuitive secondary archive,104.85,Dining,checking,-32399.41,False,Chipotle,rajesh_sharma,Rajesh Sharma
7a9fc644-3cf,2024-04-09,"Payroll - House, Smith and Wright",2051.89,Income,credit,-60778.8,True,"House, Smith and Wright",priya_singh,Priya Singh
e9d00b33-408,2024-04-09,Property Mgmt - Optimized composite interface,1045.32,Housing,credit,-69733.69,False,Property Mgmt,amit_kumar,Amit Kumar
8c44db75-997,2024-04-09,Gym Membership - Expanded intermediate extranet,108.42,Subscriptions,savings,-5540.33,False,Gym Membership,priya_singh,Priya Singh
0cd7feff-5f4,2024-04-09,Internet Provider - Visionary systematic synergy,408.53,Utilities,checking,-54063.88,False,Internet Provider,priya_singh,Priya Singh
4e330c70-f0c,2024-04-09,Payroll - Buchanan Inc,2043.68,Income,checking,-53585.32,True,Buchanan Inc,tanishka_dhanwan,Tanishka Dhanwan
a213cc60-c13,2024-04-09,Health Ins Co - Mandatory neutral pricing structure,80.16,Insurance,credit,-36451.16,False,Health Ins Co,priya_singh,Priya Singh
fca7f049-4ba,2024-04-09,Netflix - Versatile multi-tasking instruction set,72.19,Entertainment,savings,16633.48,False,Netflix,amit_kumar,Amit Kumar
52e89c88-69f,2024-04-09,Payroll - Green and Sons,2787.8,Income,savings,14871.85,True,Green and Sons,amit_kumar,Amit Kumar
6cd0fa9f-016,2024-04-09,City Hospital - Persistent actuating concept,75.49,Healthcare,checking,-62007.08,False,City Hospital,rajesh_sharma,Rajesh Sharma
7e31bd20-7ea,2024-04-09,Property Mgmt - Inverse radical application,1824.8,Housing,savings,14519.55,False,Property Mgmt,priya_singh,Priya Singh
931c62a5-4c9,2024-04-09,Payroll - Johnson-Olsen,3969.71,Income,checking,8390.27,True,Johnson-Olsen,amit_kumar,Amit Kumar
12eb4e4f-3e5,2024-04-10,CVS Pharmacy - Diverse executive archive,456.15,Healthcare,checking,-17646.0,False,CVS Pharmacy,tanishka_dhanwan,Tanishka Dhanwan
140233fd-b0b,2024-04-10,Bookstore - Organic intangible matrices,279.89,Education,checking,-35321.34,False,Bookstore,rajesh_sharma,Rajesh Sharma
146ca313-5e8,2024-04-10,Payroll - Vance and Sons,3845.47,Income,checking,-3846.88,True,Vance and Sons,priya_singh,Priya Singh
d4a345a2-55a,2024-04-10,Chipotle - Vision-oriented even-keeled approach,275.28,Dining,checking,-67721.98,False,Chipotle,rajesh_sharma,Rajesh Sharma
97338992-caf,2024-04-10,Walmart - Persistent systemic collaboration,322.35,Groceries,checking,-1165.47,False,Walmart,tanishka_dhanwan,Tanishka Dhanwan
9f498e97-334,2024-04-10,Trader Joe's - Quality-focused secondary function,27.38,Groceries,checking,-64429.77,False,Trader Joe's,priya_singh,Priya Singh
cc37d2be-ac1,2024-04-10,McDonald's - Exclusive encompassing system engine,407.63,Dining,savings,17499.45,False,McDonald's,priya_singh,Priya Singh
43f8b828-9b8,2024-04-10,Walmart - Business-focused static encryption,217.06,Groceries,savings,-5697.92,False,Walmart,amit_kumar,Amit Kumar
88a6f11a-c67,2024-04-10,Tuition - Up-sized bandwidth-monitored data-warehouse,91.62,Education,savings,17100.83,False,Tuition,amit_kumar,Amit Kumar
41db3a04-b39,2024-04-10,"Payroll - Zhang, Cunningham and Kline",3118.74,Income,credit,-25715.96,True,"Zhang, Cunningham and Kline",amit_kumar,Amit Kumar
8cb30ed9-9aa,2024-04-10,Gym Membership - Re-engineered attitude-oriented product,276.16,Subscriptions,savings,-18889.15,False,Gym Membership,tanishka_dhanwan,Tanishka Dhanwan
d7f73f18-25a,2024-04-10,Parking Co - Intuitive grid-enabled circuit,233.04,Transportation,savings,14766.96,False,Parking Co,amit_kumar,Amit Kumar
b83502bd-969,2024-04-10,Payroll - Jones-Williams,2543.51,Income,checking,7557.77,True,Jones-Williams,amit_kumar,Amit Kumar
8e156609-b06,2024-04-10,Netflix - Reduced bandwidth-monitored middleware,304.98,Entertainment,savings,-62696.73,False,Netflix,rajesh_sharma,Rajesh Sharma
473e8a8c-a80,2024-04-10,McDonald's - Down-sized local Local Area Network,41.85,Dining,checking,-55930.35,False,McDonald's,rajesh_sharma,Rajesh Sharma
114a0929-63e,2024-04-10,Water Dept - Stand-alone asynchronous help-desk,439.69,Utilities,checking,-3195.45,False,Water Dept,amit_kumar,Amit Kumar
abbfc986-325,2024-04-10,Electric Co - Ameliorated methodical process improvement,368.04,Utilities,savings,-10232.03,False,Electric Co,priya_singh,Priya Singh
9e77dec2-b9a,2024-04-10,Gym Membership - Switchable 24hour groupware,206.54,Subscriptions,checking,-710.83,False,Gym Membership,amit_kumar,Amit Kumar
bb70f4b3-764,2024-04-10,City Hospital - Multi-tiered upward-trending interface,30.63,Healthcare,credit,-27898.23,False,City Hospital,tanishka_dhanwan,Tanishka Dhanwan
f9a60d4a-feb,2024-04-10,Parking Co - Horizontal exuding encoding,169.95,Transportation,savings,9460.99,False,Parking Co,priya_singh,Priya Singh
0ddada73-531,2024-04-10,Misc Purchase - Synergized leadingedge protocol,140.92,Other,credit,-35929.47,False,Misc Purchase,tanishka_dhanwan,Tanishka Dhanwan
359c35d4-ca2,2024-04-11,Payroll - White-Knox,3562.45,Income,checking,4743.92,True,White-Knox,amit_kumar,Amit Kumar
b6c08730-512,2024-04-11,Shell Gas - Innovative regional pricing structure,86.42,Transportation,credit,-20187.56,False,Shell Gas,amit_kumar,Amit Kumar
cd459deb-459,2024-04-11,Metro Transit - User-friendly neutral model,233.1,Transportation,checking,-20697.25,False,Metro Transit,priya_singh,Priya Singh
5f26910a-439,2024-04-11,ATM Withdrawal - Mandatory incremental open system,127.44,Other,checking,5866.33,False,ATM Withdrawal,priya_singh,Priya Singh
9cefcf89-f7d,2024-04-11,Chipotle - Assimilated context-sensitive knowledgebase,79.2,Dining,checking,-49089.52,False,Chipotle,priya_singh,Priya Singh
bd1ac7e2-79a,2024-04-11,Walmart - De-engineered discrete product,99.68,Groceries,checking,-26747.59,False,Walmart,tanishka_dhanwan,Tanishka Dhanwan
c4ef4dba-999,2024-04-11,Gym Membership - Virtual solution-oriented software,391.87,Subscriptions,savings,-60946.86,False,Gym Membership,rajesh_sharma,Rajesh Sharma
23e75dad-8a6,2024-04-11,Netflix - Enhanced secondary open architecture,135.09,Entertainment,savings,-17494.64,False,Netflix,priya_singh,Priya Singh
71bdf262-6ad,2024-04-11,Trader Joe's - Organized leadingedge initiative,396.27,Groceries,savings,-26251.04,False,Trader Joe's,tanishka_dhanwan,Tanishka Dhanwan
6b49138c-e5d,2024-04-11,Delta Airlines - Advanced demand-driven projection,114.82,Travel,credit,-58922.49,False,Delta Airlines,priya_singh,Priya Singh
8257ee64-17e,2024-04-11,Whole Foods - User-friendly leadingedge info-mediaries,38.34,Groceries,credit,-48144.07,False,Whole Foods,rajesh_sharma,Rajesh Sharma
a0a14db4-d2e,2024-04-11,Parking Co - Persevering foreground concept,254.46,Transportation,checking,14163.88,False,Parking Co,tanishka_dhanwan,Tanishka Dhanwan
aa2c960e-73d,2024-04-11,Walmart - Centralized didactic extranet,467.42,Groceries,checking,-13760.81,False,Walmart,priya_singh,Priya Singh
a43fa367-67f,2024-04-11,Amazon - Re-engineered intermediate success,26.73,Shopping,credit,-79149.25,False,Amazon,rajesh_sharma,Rajesh Sharma
b4b6a24e-525,2024-04-11,Property Mgmt - Secured composite hardware,1003.66,Housing,checking,-61211.5,False,Property Mgmt,tanishka_dhanwan,Tanishka Dhanwan
e3b366d3-e35,2024-04-11,Online Course - Multi-layered coherent software,15.79,Education,credit,-50387.96,False,Online Course,rajesh_sharma,Rajesh Sharma
cc5a3559-e73,2024-04-11,McDonald's - Optimized static leverage,82.58,Dining,credit,-40257.46,False,McDonald's,tanishka_dhanwan,Tanishka Dhanwan
baec8acb-272,2024-04-11,Amazon - Automated stable project,366.27,Shopping,savings,18269.63,False,Amazon,amit_kumar,Amit Kumar
f1c22442-e30,2024-04-11,Dental Care - Robust encompassing neural-net,287.65,Healthcare,savings,-30000.19,False,Dental Care,tanishka_dhanwan,Tanishka Dhanwan
270401c5-1d1,2024-04-11,HOA Fees - Ergonomic optimizing product,1950.76,Housing,credit,-72789.03,False,HOA Fees,amit_kumar,Amit Kumar
ceb0d9dc-56a,2024-04-11,Electric Co - Self-enabling user-facing migration,43.85,Utilities,checking,-28097.41,False,Electric Co,tanishka_dhanwan,Tanishka Dhanwan
15f3fc8b-9f4,2024-04-11,Tuition - Adaptive background utilization,282.65,Education,credit,-12664.43,False,Tuition,priya_singh,Priya Singh
2defcd7b-4b4,2024-04-11,Adobe - Implemented intangible initiative,118.71,Subscriptions,checking,-3016.07,False,Adobe,amit_kumar,Amit Kumar
b77b16e4-740,2024-04-12,Cloud Storage - Diverse 24hour installation,240.47,Subscriptions,savings,-3502.16,False,Cloud Storage,rajesh_sharma,Rajesh Sharma
bfeb9fc7-725,2024-04-12,Property Mgmt - Managed even-keeled application,1355.72,Housing,checking,-11766.03,False,Property Mgmt,priya_singh,Priya Singh
6febffec-a8c,2024-04-12,Marriott - Extended multi-tasking data-warehouse,51.88,Travel,credit,-20071.46,False,Marriott,tanishka_dhanwan,Tanishka Dhanwan
43ca8f5d-a4d,2024-04-12,Adobe - Pre-emptive 3rdgeneration budgetary management,430.0,Subscriptions,credit,-6397.09,False,Adobe,rajesh_sharma,Rajesh Sharma
8e6023c5-eec,2024-04-12,AMC Theaters - Cloned exuding array,490.09,Entertainment,savings,3306.84,False,AMC Theaters,amit_kumar,Amit Kumar
ff1b6d28-fee,2024-04-12,Internet Provider - Managed 5thgeneration array,72.17,Utilities,checking,-2408.09,False,Internet Provider,priya_singh,Priya Singh
97a6d317-af6,2024-04-12,McDonald's - Organic explicit solution,280.13,Dining,credit,-64320.94,False,McDonald's,rajesh_sharma,Rajesh Sharma
8df77fd2-e23,2024-04-12,Local Bistro - Progressive static function,150.8,Dining,checking,-26883.45,False,Local Bistro,rajesh_sharma,Rajesh Sharma
43694c0c-cc8,2024-04-12,Uber - Business-focused responsive utilization,19.66,Transportation,checking,792.07,False,Uber,amit_kumar,Amit Kumar
9f20456d-bb5,2024-04-12,Internet Provider - Devolved value-added infrastructure,372.12,Utilities,credit,-25455.43,False,Internet Provider,priya_singh,Priya Singh
7409c1d6-6af,2024-04-12,Starbucks - Progressive interactive budgetary management,31.27,Dining,credit,-48552.16,False,Starbucks,rajesh_sharma,Rajesh Sharma
2380505d-e12,2024-04-12,Spotify - Versatile discrete interface,416.87,Entertainment,credit,-72152.08,False,Spotify,rajesh_sharma,Rajesh Sharma
a0d15b20-5e4,2024-04-12,Payroll - Taylor-Mccoy,4438.27,Income,savings,-30027.92,True,Taylor-Mccoy,rajesh_sharma,Rajesh Sharma
6fc66df9-904,2024-04-12,Netflix - Right-sized object-oriented toolset,277.27,Entertainment,checking,-49982.74,False,Netflix,priya_singh,Priya Singh
4b84ccf9-3a5,2024-04-12,Costco - Public-key background contingency,91.89,Groceries,savings,10389.96,False,Costco,priya_singh,Priya Singh
cd029ccd-277,2024-04-12,HOA Fees - Implemented directional methodology,1274.55,Housing,checking,-37180.6,False,HOA Fees,amit_kumar,Amit Kumar
50fe994d-8a5,2024-04-12,Amazon - Upgradable secondary Graphic Interface,428.21,Shopping,savings,-21418.49,False,Amazon,tanishka_dhanwan,Tanishka Dhanwan
5fe55bed-f6d,2024-04-12,"Payroll - Taylor, Morales and Fuller",3208.54,Income,savings,12524.04,True,"Taylor, Morales and Fuller",amit_kumar,Amit Kumar
4205aff2-e0c,2024-04-13,Dental Care - Right-sized fault-tolerant conglomeration,230.65,Healthcare,checking,2788.98,False,Dental Care,tanishka_dhanwan,Tanishka Dhanwan
2cdd3c0c-257,2024-04-13,Trader Joe's - Multi-channeled needs-based matrices,454.19,Groceries,checking,-32691.14,False,Trader Joe's,tanishka_dhanwan,Tanishka Dhanwan
94c0c691-0ba,2024-04-13,Misc Purchase - Horizontal composite time-frame,213.9,Other,savings,-50533.04,False,Misc Purchase,rajesh_sharma,Rajesh Sharma
2faa4640-fb6,2024-04-13,Health Ins Co - Re-engineered human-resource interface,184.85,Insurance,credit,-59266.98,False,Health Ins Co,rajesh_sharma,Rajesh Sharma
176e0b4d-60e,2024-04-13,Netflix - Visionary explicit structure,138.73,Entertainment,credit,-25337.48,False,Netflix,tanishka_dhanwan,Tanishka Dhanwan
09aa7617-474,2024-04-13,City Hospital - Right-sized national adapter,11.42,Healthcare,credit,-46312.06,False,City Hospital,rajesh_sharma,Rajesh Sharma
a1aca3e7-b4b,2024-04-13,Student Loan - Programmable 6thgeneration initiative,450.25,Debt Payment,savings,-68062.98,False,Student Loan,rajesh_sharma,Rajesh Sharma
8f5f5b7a-171,2024-04-13,Local Bistro - User-centric 6thgeneration Internet solution,494.2,Dining,checking,-28225.37,False,Local Bistro,rajesh_sharma,Rajesh Sharma
a63b52b0-509,2024-04-13,Internet Provider - Multi-channeled contextually-based encoding,47.12,Utilities,savings,-3587.7,False,Internet Provider,tanishka_dhanwan,Tanishka Dhanwan
6fb2a212-611,2024-04-13,Parking Co - Versatile tertiary workforce,248.63,Transportation,checking,-32330.17,False,Parking Co,rajesh_sharma,Rajesh Sharma
58e0cfdd-353,2024-04-13,Water Dept - Focused asynchronous Graphical User Interface,182.5,Utilities,checking,-25169.25,False,Water Dept,rajesh_sharma,Rajesh Sharma
8ceaac7d-003,2024-04-13,Health Ins Co - Phased cohesive process improvement,107.96,Insurance,savings,11710.72,False,Health Ins Co,amit_kumar,Amit Kumar
96308094-925,2024-04-13,Electric Co - Adaptive fault-tolerant standardization,62.56,Utilities,credit,-44245.7,False,Electric Co,tanishka_dhanwan,Tanishka Dhanwan
36c3c8f7-a67,2024-04-13,Target - Multi-channeled upward-trending alliance,441.45,Shopping,savings,-15008.52,False,Target,tanishka_dhanwan,Tanishka Dhanwan
2b7dd952-4fc,2024-04-13,Spotify - Persevering secondary moratorium,292.61,Entertainment,credit,-57039.48,False,Spotify,rajesh_sharma,Rajesh Sharma
4425eba8-d8e,2024-04-13,Trader Joe's - Advanced even-keeled website,368.8,Groceries,credit,-43035.2,False,Trader Joe's,tanishka_dhanwan,Tanishka Dhanwan
d54c588b-8b9,2024-04-13,Misc Purchase - Multi-lateral full-range time-frame,344.93,Other,savings,-21058.65,False,Misc Purchase,amit_kumar,Amit Kumar
61d8e55c-492,2024-04-14,Costco - Cloned methodical budgetary management,393.02,Groceries,checking,-50911.86,False,Costco,priya_singh,Priya Singh
e2aa6f28-3cb,2024-04-14,Credit Card Payment - Upgradable client-server solution,341.8,Debt Payment,credit,-66893.26,False,Credit Card Payment,priya_singh,Priya Singh
0c7d8326-993,2024-04-14,Rent Payment - Polarized real-time ability,1515.45,Housing,checking,-8669.54,False,Rent Payment,priya_singh,Priya Singh
7b0ded07-df4,2024-04-14,Rent Payment - Balanced asynchronous Graphic Interface,921.74,Housing,savings,-16439.71,False,Rent Payment,tanishka_dhanwan,Tanishka Dhanwan
db1bbd60-f71,2024-04-14,CVS Pharmacy - Ameliorated logistical contingency,362.99,Healthcare,credit,-26165.87,False,CVS Pharmacy,tanishka_dhanwan,Tanishka Dhanwan
2394fdae-2ef,2024-04-14,Property Mgmt - Right-sized national collaboration,1087.34,Housing,credit,-62878.4,False,Property Mgmt,amit_kumar,Amit Kumar
db557ef4-582,2024-04-14,Misc Purchase - Optimized user-facing policy,387.57,Other,credit,-8486.12,False,Misc Purchase,amit_kumar,Amit Kumar
9def3c04-47b,2024-04-14,Costco - Multi-tiered impactful attitude,466.98,Groceries,credit,-41802.59,False,Costco,amit_kumar,Amit Kumar
f35f9c43-586,2024-04-14,Payroll - Martin-Jones,4476.04,Income,checking,-225.41,True,Martin-Jones,priya_singh,Priya Singh
5bb03116-b9e,2024-04-14,Spotify - Open-architected heuristic access,131.3,Entertainment,credit,-78116.4,False,Spotify,amit_kumar,Amit Kumar
edcf2cf7-b6f,2024-04-14,Health Ins Co - Synergized interactive policy,263.78,Insurance,checking,9444.11,False,Health Ins Co,rajesh_sharma,Rajesh Sharma
59ee634b-930,2024-04-14,Internet Provider - Multi-lateral disintermediate projection,148.65,Utilities,savings,26010.5,False,Internet Provider,priya_singh,Priya Singh
42d99760-c3c,2024-04-14,Marriott - Exclusive 3rdgeneration conglomeration,10.96,Travel,credit,-53788.5,False,Marriott,amit_kumar,Amit Kumar
ae6e725c-b4b,2024-04-14,Water Dept - Persevering encompassing function,210.73,Utilities,checking,-18795.18,False,Water Dept,rajesh_sharma,Rajesh Sharma
a8185877-472,2024-04-14,Delta Airlines - Assimilated dynamic orchestration,242.14,Travel,savings,-7405.69,False,Delta Airlines,tanishka_dhanwan,Tanishka Dhanwan
49ccce5b-e44,2024-04-14,Adobe - Self-enabling real-time hub,396.4,Subscriptions,checking,-49530.23,False,Adobe,amit_kumar,Amit Kumar
55b6d4fa-554,2024-04-15,Property Mgmt - Diverse transitional support,1279.31,Housing,savings,26579.42,False,Property Mgmt,priya_singh,Priya Singh
9434f15d-298,2024-04-15,Student Loan - Devolved web-enabled structure,316.2,Debt Payment,savings,3465.25,False,Student Loan,amit_kumar,Amit Kumar
3adc88af-b0b,2024-04-15,Expedia - Grass-roots value-added solution,60.45,Travel,checking,-58472.01,False,Expedia,tanishka_dhanwan,Tanishka Dhanwan
f2306c95-2cc,2024-04-15,Student Loan - Seamless zero administration adapter,282.01,Debt Payment,savings,-28293.0,False,Student Loan,rajesh_sharma,Rajesh Sharma
3cf7a4d7-fbd,2024-04-15,Rent Payment - Total maximized attitude,1208.05,Housing,credit,-60896.19,False,Rent Payment,priya_singh,Priya Singh
d9935e8a-6af,2024-04-15,Expedia - Persevering well-modulated knowledge user,92.77,Travel,savings,11247.55,False,Expedia,amit_kumar,Amit Kumar
50f63d34-95b,2024-04-15,Metro Transit - User-centric scalable budgetary management,16.89,Transportation,savings,-15180.1,False,Metro Transit,tanishka_dhanwan,Tanishka Dhanwan
272686e4-2f7,2024-04-15,HOA Fees - Pre-emptive empowering Graphical User Interface,1447.74,Housing,checking,-2760.91,False,HOA Fees,amit_kumar,Amit Kumar
3db4cc77-2ec,2024-04-15,Walmart - Optional contextually-based instruction set,231.88,Groceries,savings,8644.38,False,Walmart,amit_kumar,Amit Kumar
c98ba834-3cd,2024-04-15,Chipotle - Customizable grid-enabled Internet solution,31.51,Dining,checking,-26269.49,False,Chipotle,rajesh_sharma,Rajesh Sharma
c12ea0d7-8e1,2024-04-15,Water Dept - Reduced uniform model,328.45,Utilities,checking,-53790.56,False,Water Dept,tanishka_dhanwan,Tanishka Dhanwan
071285de-1ed,2024-04-15,Starbucks - Networked mobile function,149.51,Dining,credit,-64014.42,False,Starbucks,amit_kumar,Amit Kumar
6b0ea669-00c,2024-04-16,State Farm - Multi-channeled fresh-thinking conglomeration,415.61,Insurance,checking,-15517.59,False,State Farm,amit_kumar,Amit Kumar
0fa6fab3-ba6,2024-04-16,AMC Theaters - Mandatory discrete functionalities,139.98,Entertainment,savings,35336.85,False,AMC Theaters,priya_singh,Priya Singh
68f1a6ba-831,2024-04-16,Local Bistro - Stand-alone static interface,84.38,Dining,checking,-26963.25,False,Local Bistro,rajesh_sharma,Rajesh Sharma
6ebd843b-39f,2024-04-16,"Payroll - Franco, Martin and Gomez",4198.93,Income,credit,-70405.09,True,"Franco, Martin and Gomez",amit_kumar,Amit Kumar
bad4fd46-5a5,2024-04-16,Marriott - Expanded fault-tolerant Internet solution,354.67,Travel,savings,-1255.83,False,Marriott,amit_kumar,Amit Kumar
df50b166-204,2024-04-16,Payroll - Shaw-Mclean,3666.02,Income,savings,-24782.3,True,Shaw-Mclean,amit_kumar,Amit Kumar
06a9edcf-238,2024-04-16,HOA Fees - Organic systematic frame,1237.07,Housing,credit,-49256.81,False,HOA Fees,tanishka_dhanwan,Tanishka Dhanwan
7623870c-242,2024-04-16,Best Buy - Stand-alone zero tolerance task-force,213.88,Shopping,savings,-4993.39,False,Best Buy,amit_kumar,Amit Kumar
85cc9baa-45f,2024-04-16,Payroll - Kent Inc,3173.21,Income,savings,28381.54,True,Kent Inc,priya_singh,Priya Singh
50d8e286-81e,2024-04-16,Electric Co - Progressive logistical access,425.96,Utilities,credit,-46970.34,False,Electric Co,rajesh_sharma,Rajesh Sharma
b1384a72-dea,2024-04-16,Chipotle - Enterprise-wide well-modulated migration,324.77,Dining,checking,-13702.48,False,Chipotle,priya_singh,Priya Singh
ab7a6efb-5d5,2024-04-16,Health Ins Co - Multi-layered responsive architecture,495.22,Insurance,credit,-18209.01,False,Health Ins Co,tanishka_dhanwan,Tanishka Dhanwan
1498e05e-a3d,2024-04-16,Internet Provider - Enhanced reciprocal open system,415.76,Utilities,checking,-5961.59,False,Internet Provider,rajesh_sharma,Rajesh Sharma
614bcf44-b8e,2024-04-16,Internet Provider - Expanded 3rdgeneration toolset,413.63,Utilities,credit,-40188.61,False,Internet Provider,tanishka_dhanwan,Tanishka Dhanwan
bd8e62ad-a95,2024-04-16,Dental Care - Up-sized disintermediate conglomeration,279.62,Healthcare,savings,-21195.18,False,Dental Care,tanishka_dhanwan,Tanishka Dhanwan
1411831c-706,2024-04-16,Walmart - Decentralized reciprocal hub,319.12,Groceries,savings,-30482.23,False,Walmart,tanishka_dhanwan,Tanishka Dhanwan
b48e8462-6d2,2024-04-16,State Farm - Progressive dynamic product,320.86,Insurance,savings,-65120.33,False,State Farm,rajesh_sharma,Rajesh Sharma
33205470-493,2024-04-17,City Hospital - Reverse-engineered 5thgeneration Graphic Interface,290.89,Healthcare,savings,-15624.5,False,City Hospital,tanishka_dhanwan,Tanishka Dhanwan
12ca9c71-d3b,2024-04-17,City Hospital - Organic multi-state knowledge user,5.2,Healthcare,credit,-8164.28,False,City Hospital,rajesh_sharma,Rajesh Sharma
218d754f-b56,2024-04-17,Payroll - Sanchez Inc,4456.3,Income,credit,3714.59,True,Sanchez Inc,tanishka_dhanwan,Tanishka Dhanwan
1661cf0c-96c,2024-04-17,City Hospital - Ergonomic executive help-desk,473.75,Healthcare,credit,-47995.92,False,City Hospital,rajesh_sharma,Rajesh Sharma
9ddb39f0-81b,2024-04-17,City Hospital - Horizontal client-driven contingency,267.88,Healthcare,savings,-49414.55,False,City Hospital,rajesh_sharma,Rajesh Sharma
65071d32-8f2,2024-04-17,Property Mgmt - Enhanced heuristic data-warehouse,2039.02,Housing,checking,-64180.79,False,Property Mgmt,rajesh_sharma,Rajesh Sharma
c1faffe2-048,2024-04-17,Target - Devolved systematic neural-net,47.58,Shopping,credit,-2476.91,False,Target,amit_kumar,Amit Kumar
ec3a8b2a-2aa,2024-04-17,"Payroll - Palmer, Moore and Martinez",2857.3,Income,credit,-73319.54,True,"Palmer, Moore and Martinez",amit_kumar,Amit Kumar
a3134e37-b09,2024-04-17,Rent Payment - Realigned zero-defect hub,982.08,Housing,savings,-15385.66,False,Rent Payment,tanishka_dhanwan,Tanishka Dhanwan
5c57d5dc-fbb,2024-04-17,Student Loan - Devolved well-modulated strategy,318.13,Debt Payment,savings,-6856.97,False,Student Loan,rajesh_sharma,Rajesh Sharma
c93c07b5-552,2024-04-17,Spotify - Seamless client-server circuit,246.96,Entertainment,checking,-51162.66,False,Spotify,tanishka_dhanwan,Tanishka Dhanwan
a60f1b7a-3a8,2024-04-17,State Farm - Right-sized 3rdgeneration model,385.46,Insurance,savings,9126.02,False,State Farm,priya_singh,Priya Singh
5e0e3ba7-b75,2024-04-17,Trader Joe's - Re-contextualized directional support,222.89,Groceries,savings,-32777.72,False,Trader Joe's,rajesh_sharma,Rajesh Sharma
46783820-921,2024-04-17,Rent Payment - Inverse motivating info-mediaries,2142.9,Housing,checking,-9085.54,False,Rent Payment,priya_singh,Priya Singh
f1856db8-914,2024-04-17,Spotify - Monitored tertiary moderator,135.35,Entertainment,savings,-22001.99,False,Spotify,tanishka_dhanwan,Tanishka Dhanwan
7a5f9fb7-365,2024-04-17,Whole Foods - Proactive multimedia Local Area Network,373.22,Groceries,credit,-52125.66,False,Whole Foods,rajesh_sharma,Rajesh Sharma
50edf643-832,2024-04-17,Dental Care - Configurable clear-thinking middleware,295.9,Healthcare,credit,-61857.7,False,Dental Care,priya_singh,Priya Singh
25c26c83-e37,2024-04-18,McDonald's - Team-oriented well-modulated toolset,382.47,Dining,savings,21722.16,False,McDonald's,amit_kumar,Amit Kumar
e4bc7b27-d2d,2024-04-18,HOA Fees - Ergonomic intangible secured line,1436.6,Housing,savings,8823.86,False,HOA Fees,rajesh_sharma,Rajesh Sharma
dcca8203-3a3,2024-04-18,Tuition - Integrated local portal,291.56,Education,credit,-49310.86,False,Tuition,rajesh_sharma,Rajesh Sharma
d66455ed-7fd,2024-04-18,Adobe - Synchronized multi-state knowledgebase,58.72,Subscriptions,checking,-64523.82,False,Adobe,priya_singh,Priya Singh
e6ada1fb-b28,2024-04-18,Target - Stand-alone bifurcated website,437.22,Shopping,savings,-22047.23,False,Target,tanishka_dhanwan,Tanishka Dhanwan
af52ab23-b47,2024-04-18,Gym Membership - User-centric optimal policy,496.49,Subscriptions,savings,12029.1,False,Gym Membership,amit_kumar,Amit Kumar
78ac1469-c61,2024-04-18,Costco - Profit-focused directional neural-net,498.24,Groceries,savings,20796.89,False,Costco,priya_singh,Priya Singh
236887b8-47c,2024-04-18,Student Loan - Monitored responsive access,456.62,Debt Payment,savings,-30583.47,False,Student Loan,tanishka_dhanwan,Tanishka Dhanwan
a65925d2-d06,2024-04-18,Chipotle - Automated stable success,14.52,Dining,checking,-24374.06,False,Chipotle,tanishka_dhanwan,Tanishka Dhanwan
15cc5872-02a,2024-04-18,Amazon - Multi-channeled asynchronous infrastructure,90.58,Shopping,checking,-27731.17,False,Amazon,rajesh_sharma,Rajesh Sharma
364be69b-493,2024-04-18,Trader Joe's - Object-based homogeneous concept,215.28,Groceries,credit,-64143.56,False,Trader Joe's,amit_kumar,Amit Kumar
54b7f334-1ce,2024-04-18,Starbucks - Implemented radical emulation,320.2,Dining,credit,-52576.78,False,Starbucks,priya_singh,Priya Singh
346d7181-bcb,2024-04-18,Chipotle - Diverse tangible interface,37.76,Dining,checking,4010.63,False,Chipotle,rajesh_sharma,Rajesh Sharma
a05ed472-035,2024-04-18,Adobe - Cross-group solution-oriented hierarchy,399.53,Subscriptions,credit,-71240.55,False,Adobe,rajesh_sharma,Rajesh Sharma
788e65c4-3ac,2024-04-18,Spotify - Fully-configurable coherent ability,499.62,Entertainment,credit,-75959.1,False,Spotify,rajesh_sharma,Rajesh Sharma
06a7c53f-f90,2024-04-19,Rent Payment - Vision-oriented stable policy,1431.49,Housing,credit,-31268.44,False,Rent Payment,tanishka_dhanwan,Tanishka Dhanwan
0303634d-d5a,2024-04-19,Rent Payment - Synergistic executive definition,1178.13,Housing,checking,-10652.46,False,Rent Payment,tanishka_dhanwan,Tanishka Dhanwan
14bdccf3-ad1,2024-04-19,Shell Gas - Monitored transitional instruction set,477.9,Transportation,checking,-46527.76,False,Shell Gas,amit_kumar,Amit Kumar
0f86cb81-fba,2024-04-19,McDonald's - Multi-channeled fault-tolerant paradigm,76.32,Dining,checking,1264.42,False,McDonald's,amit_kumar,Amit Kumar
c91ef062-b6f,2024-04-19,Costco - Progressive empowering capacity,326.11,Groceries,checking,-6817.3,False,Costco,tanishka_dhanwan,Tanishka Dhanwan
1748659f-249,2024-04-19,Payroll - Bishop and Sons,4476.08,Income,credit,-46266.17,True,Bishop and Sons,tanishka_dhanwan,Tanishka Dhanwan
4e29840a-105,2024-04-19,Cloud Storage - Re-contextualized multi-state encryption,228.75,Subscriptions,credit,-50816.05,False,Cloud Storage,tanishka_dhanwan,Tanishka Dhanwan
aa5258cf-33c,2024-04-19,Property Mgmt - Public-key executive interface,815.26,Housing,checking,-6242.52,False,Property Mgmt,priya_singh,Priya Singh
60e99f68-1e2,2024-04-19,Rent Payment - Function-based asynchronous attitude,976.48,Housing,credit,-9462.6,False,Rent Payment,amit_kumar,Amit Kumar
3bf86949-c76,2024-04-19,Marriott - Reduced mission-critical Local Area Network,131.2,Travel,savings,-30653.13,False,Marriott,tanishka_dhanwan,Tanishka Dhanwan
3bd90670-d18,2024-04-19,AMC Theaters - Ergonomic bottom-line moderator,423.29,Entertainment,credit,-69809.38,False,AMC Theaters,priya_singh,Priya Singh
8d799022-2ba,2024-04-19,Internet Provider - Persevering asynchronous budgetary management,313.37,Utilities,savings,22355.43,False,Internet Provider,amit_kumar,Amit Kumar
043149c1-e21,2024-04-19,Whole Foods - Cross-platform mobile utilization,249.71,Groceries,credit,-14143.59,False,Whole Foods,tanishka_dhanwan,Tanishka Dhanwan
e99f3907-5a7,2024-04-19,McDonald's - Synchronized local collaboration,395.85,Dining,credit,-31424.81,False,McDonald's,amit_kumar,Amit Kumar
0c848253-c5f,2024-04-19,Payroll - Gibson-Clark,3676.05,Income,credit,-57736.32,True,Gibson-Clark,rajesh_sharma,Rajesh Sharma
bc4a579e-ad9,2024-04-19,Adobe - Open-source incremental framework,105.49,Subscriptions,checking,-40000.24,False,Adobe,priya_singh,Priya Singh
86331d00-f0d,2024-04-20,HOA Fees - Vision-oriented system-worthy support,1090.65,Housing,credit,-49075.43,False,HOA Fees,tanishka_dhanwan,Tanishka Dhanwan
d4e5751b-9fe,2024-04-20,Credit Card Payment - Profound high-level approach,156.06,Debt Payment,credit,-76831.74,False,Credit Card Payment,rajesh_sharma,Rajesh Sharma
f156d4ac-12c,2024-04-20,McDonald's - Function-based homogeneous access,281.24,Dining,savings,24596.08,False,McDonald's,priya_singh,Priya Singh
302b7254-feb,2024-04-20,Student Loan - Reactive demand-driven capability,124.72,Debt Payment,checking,-22337.06,False,Student Loan,tanishka_dhanwan,Tanishka Dhanwan
2d311c26-be8,2024-04-20,Uber - Stand-alone bottom-line hub,37.94,Transportation,checking,5110.16,False,Uber,tanishka_dhanwan,Tanishka Dhanwan
111c7d22-1b4,2024-04-20,"Payroll - Myers, Gamble and Sanford",3525.13,Income,credit,1437.03,True,"Myers, Gamble and Sanford",priya_singh,Priya Singh
30b3b5a8-c14,2024-04-20,Rent Payment - Upgradable 24hour standardization,1416.92,Housing,checking,1499.09,False,Rent Payment,priya_singh,Priya Singh
b8a9e2d6-0eb,2024-04-20,Uber - Customer-focused next generation archive,88.21,Transportation,credit,-36041.47,False,Uber,priya_singh,Priya Singh
769a1a3e-ce6,2024-04-20,Starbucks - Multi-lateral bifurcated open system,488.87,Dining,checking,-29053.01,False,Starbucks,rajesh_sharma,Rajesh Sharma
828c92b8-1fd,2024-04-20,Netflix - Polarized 6thgeneration application,34.71,Entertainment,credit,2985.96,False,Netflix,tanishka_dhanwan,Tanishka Dhanwan
993be762-fb7,2024-04-20,Expedia - Centralized exuding pricing structure,139.7,Travel,savings,6066.63,False,Expedia,amit_kumar,Amit Kumar
a6fbd182-9e6,2024-04-21,Spotify - Ergonomic foreground system engine,140.85,Entertainment,checking,11114.0,False,Spotify,tanishka_dhanwan,Tanishka Dhanwan
9709135a-c0b,2024-04-21,Misc Purchase - Distributed zero-defect benchmark,384.53,Other,savings,29588.73,False,Misc Purchase,priya_singh,Priya Singh
ef529e2d-aa4,2024-04-21,Costco - Configurable background approach,40.31,Groceries,checking,-3116.49,False,Costco,amit_kumar,Amit Kumar
0bcff299-0f7,2024-04-21,Property Mgmt - Digitized holistic moratorium,1266.22,Housing,checking,7711.19,False,Property Mgmt,amit_kumar,Amit Kumar
8741cb0a-260,2024-04-21,Health Ins Co - Cloned tertiary collaboration,58.67,Insurance,credit,-65134.33,False,Health Ins Co,rajesh_sharma,Rajesh Sharma
c95ca8ce-6b5,2024-04-21,Amazon - Adaptive responsive architecture,12.72,Shopping,savings,13548.2,False,Amazon,priya_singh,Priya Singh
9a129949-127,2024-04-21,Costco - Profit-focused exuding concept,6.11,Groceries,savings,17930.53,False,Costco,priya_singh,Priya Singh
7426861e-6e5,2024-04-21,Spotify - Innovative cohesive interface,439.8,Entertainment,checking,-57416.31,False,Spotify,tanishka_dhanwan,Tanishka Dhanwan
d08a08e2-878,2024-04-21,Health Ins Co - Cross-platform 4thgeneration monitoring,252.07,Insurance,checking,-56812.37,False,Health Ins Co,tanishka_dhanwan,Tanishka Dhanwan
a0d3d360-11d,2024-04-21,Health Ins Co - Centralized bi-directional orchestration,118.76,Insurance,savings,2332.11,False,Health Ins Co,priya_singh,Priya Singh
05a9f985-4f3,2024-04-22,ATM Withdrawal - Stand-alone human-resource leverage,41.12,Other,checking,-55052.95,False,ATM Withdrawal,tanishka_dhanwan,Tanishka Dhanwan
34bbb29c-95d,2024-04-22,AMC Theaters - Multi-tiered bifurcated info-mediaries,15.26,Entertainment,savings,14110.36,False,AMC Theaters,priya_singh,Priya Singh
d845ee13-4bf,2024-04-22,State Farm - User-centric 3rdgeneration neural-net,354.73,Insurance,savings,-31713.15,False,State Farm,tanishka_dhanwan,Tanishka Dhanwan
83ba41c3-d6f,2024-04-22,Metro Transit - Up-sized secondary support,344.32,Transportation,checking,-33187.99,False,Metro Transit,rajesh_sharma,Rajesh Sharma
0e42a9de-be0,2024-04-22,Student Loan - Future-proofed motivating moratorium,186.93,Debt Payment,checking,-14444.88,False,Student Loan,rajesh_sharma,Rajesh Sharma
c0cf2ef5-bf5,2024-04-22,Property Mgmt - Open-source 5thgeneration focus group,888.72,Housing,checking,1049.03,False,Property Mgmt,amit_kumar,Amit Kumar
7820f691-3c5,2024-04-22,Shell Gas - Optimized neutral knowledge user,335.23,Transportation,credit,-25666.83,False,Shell Gas,rajesh_sharma,Rajesh Sharma
676fcaca-05f,2024-04-22,Cloud Storage - Function-based empowering monitoring,137.82,Subscriptions,savings,27015.11,False,Cloud Storage,priya_singh,Priya Singh
eee8b2a4-ddf,2024-04-22,"Payroll - Matthews, Dickerson and Phillips",3304.85,Income,checking,843.35,True,"Matthews, Dickerson and Phillips",amit_kumar,Amit Kumar
ee04d848-951,2024-04-22,Target - Cross-platform analyzing initiative,449.42,Shopping,credit,-9483.92,False,Target,rajesh_sharma,Rajesh Sharma
f8afdc6a-88c,2024-04-22,Netflix - Switchable exuding matrix,324.94,Entertainment,credit,-20648.3,False,Netflix,priya_singh,Priya Singh
459e981d-6aa,2024-04-22,Walmart - De-engineered full-range hierarchy,392.46,Groceries,savings,-26537.23,False,Walmart,amit_kumar,Amit Kumar
b93ff109-b40,2024-04-22,Whole Foods - Pre-emptive discrete structure,11.71,Groceries,checking,1331.23,False,Whole Foods,amit_kumar,Amit Kumar
2c960e8d-c74,2024-04-22,Netflix - Operative context-sensitive complexity,241.95,Entertainment,checking,-49632.32,False,Netflix,priya_singh,Priya Singh
ee51174f-e64,2024-04-22,AMC Theaters - Realigned content-based hierarchy,197.91,Entertainment,checking,-34057.95,False,AMC Theaters,rajesh_sharma,Rajesh Sharma
e6716203-8f8,2024-04-22,Chipotle - Reactive radical complexity,155.44,Dining,savings,1182.73,False,Chipotle,tanishka_dhanwan,Tanishka Dhanwan
98d705a6-323,2024-04-22,Costco - User-friendly client-driven capability,258.75,Groceries,credit,-12.84,False,Costco,tanishka_dhanwan,Tanishka Dhanwan
0ef0c9d9-6c2,2024-04-23,Whole Foods - De-engineered object-oriented software,336.59,Groceries,savings,26398.29,False,Whole Foods,priya_singh,Priya Singh
383889df-832,2024-04-23,Whole Foods - Down-sized maximized initiative,267.72,Groceries,credit,-63992.97,False,Whole Foods,priya_singh,Priya Singh
e0e06976-d5d,2024-04-23,Trader Joe's - Enterprise-wide didactic contingency,372.28,Groceries,credit,-19580.65,False,Trader Joe's,amit_kumar,Amit Kumar
0411f01a-23e,2024-04-23,CVS Pharmacy - Grass-roots value-added hierarchy,390.65,Healthcare,checking,3775.91,False,CVS Pharmacy,amit_kumar,Amit Kumar
dbc89be9-0ea,2024-04-23,Water Dept - Triple-buffered encompassing portal,13.95,Utilities,credit,-48441.88,False,Water Dept,priya_singh,Priya Singh
2a245f2c-c24,2024-04-23,Dental Care - Ameliorated well-modulated alliance,5.17,Healthcare,savings,13556.09,False,Dental Care,amit_kumar,Amit Kumar
9bf6c1e5-614,2024-04-23,Dental Care - Adaptive user-facing moratorium,204.81,Healthcare,savings,14218.34,False,Dental Care,amit_kumar,Amit Kumar
f8580aa9-f55,2024-04-23,Internet Provider - Seamless 6thgeneration open system,112.85,Utilities,savings,-47405.22,False,Internet Provider,rajesh_sharma,Rajesh Sharma
133c22b4-3b4,2024-04-23,Netflix - Horizontal grid-enabled benchmark,149.1,Entertainment,credit,-1349.1,False,Netflix,tanishka_dhanwan,Tanishka Dhanwan
3bb4bda2-6da,2024-04-23,Cloud Storage - Intuitive local function,309.22,Subscriptions,credit,-47458.75,False,Cloud Storage,tanishka_dhanwan,Tanishka Dhanwan
22eadf9c-924,2024-04-23,Electric Co - Self-enabling modular Local Area Network,288.27,Utilities,checking,-26725.5,False,Electric Co,rajesh_sharma,Rajesh Sharma
bac6958c-a7c,2024-04-23,HOA Fees - User-centric user-facing secured line,1585.97,Housing,credit,-18908.24,False,HOA Fees,rajesh_sharma,Rajesh Sharma
cc1d765b-e57,2024-04-23,Target - Pre-emptive bandwidth-monitored solution,157.72,Shopping,checking,13532.83,False,Target,amit_kumar,Amit Kumar
70d5fca7-a81,2024-04-23,AMC Theaters - Automated object-oriented standardization,131.69,Entertainment,savings,-23894.54,False,AMC Theaters,rajesh_sharma,Rajesh Sharma
33789cc3-86e,2024-04-23,Water Dept - Persistent exuding service-desk,9.88,Utilities,checking,546.16,False,Water Dept,priya_singh,Priya Singh
cbb4a98d-d19,2024-04-23,Starbucks - Monitored zero administration website,225.58,Dining,credit,-55940.03,False,Starbucks,rajesh_sharma,Rajesh Sharma
51464a2b-dca,2024-04-24,AMC Theaters - Up-sized incremental benchmark,8.76,Entertainment,credit,-15723.22,False,AMC Theaters,priya_singh,Priya Singh
b87d9898-21f,2024-04-24,Water Dept - Profit-focused homogeneous superstructure,54.56,Utilities,credit,-60416.09,False,Water Dept,priya_singh,Priya Singh
4980fc62-405,2024-04-24,Expedia - Public-key high-level budgetary management,191.08,Travel,credit,-35738.36,False,Expedia,tanishka_dhanwan,Tanishka Dhanwan
efca2fcf-2e4,2024-04-24,AMC Theaters - Compatible leadingedge workforce,30.78,Entertainment,checking,-853.55,False,AMC Theaters,rajesh_sharma,Rajesh Sharma
0e699d14-4a2,2024-04-24,CVS Pharmacy - Total asynchronous help-desk,483.8,Healthcare,checking,-4356.44,False,CVS Pharmacy,priya_singh,Priya Singh
d5bc96cc-72c,2024-04-24,Property Mgmt - Open-architected dynamic circuit,1016.62,Housing,credit,-22043.68,False,Property Mgmt,rajesh_sharma,Rajesh Sharma
54ddabc9-dd6,2024-04-24,Cloud Storage - Secured bandwidth-monitored task-force,347.01,Subscriptions,savings,14258.74,False,Cloud Storage,amit_kumar,Amit Kumar
b4cc7bbd-5bb,2024-04-24,Dental Care - Inverse static benchmark,266.78,Healthcare,checking,-15317.67,False,Dental Care,rajesh_sharma,Rajesh Sharma
cd69c7d3-b8c,2024-04-24,Uber - Integrated intangible service-desk,136.09,Transportation,checking,12280.92,False,Uber,tanishka_dhanwan,Tanishka Dhanwan
2aee0565-90e,2024-04-24,CVS Pharmacy - Reduced well-modulated attitude,428.79,Healthcare,credit,3570.28,False,CVS Pharmacy,priya_singh,Priya Singh
af8d5e11-4b5,2024-04-24,Whole Foods - Networked systemic structure,224.86,Groceries,checking,-59361.52,False,Whole Foods,amit_kumar,Amit Kumar
bf3ab339-677,2024-04-24,Marriott - Organic 5thgeneration capacity,260.75,Travel,credit,-49856.96,False,Marriott,rajesh_sharma,Rajesh Sharma
31e538b7-d1d,2024-04-24,Target - Re-contextualized upward-trending intranet,147.22,Shopping,savings,17227.03,False,Target,amit_kumar,Amit Kumar
89c50002-5ef,2024-04-24,Local Bistro - Customizable regional emulation,286.81,Dining,credit,-23306.34,False,Local Bistro,amit_kumar,Amit Kumar
3590346c-cb4,2024-04-24,Payroll - Silva-Fields,3221.69,Income,checking,-608.46,True,Silva-Fields,amit_kumar,Amit Kumar
c10ab26c-bc4,2024-04-25,Whole Foods - Synchronized well-modulated access,167.64,Groceries,credit,-54468.22,False,Whole Foods,amit_kumar,Amit Kumar
8cdc4963-db3,2024-04-25,Metro Transit - Synergized full-range projection,82.04,Transportation,savings,16669.66,False,Metro Transit,priya_singh,Priya Singh
2467ac50-c7a,2024-04-25,Dental Care - Down-sized 3rdgeneration portal,457.37,Healthcare,checking,-13968.43,False,Dental Care,amit_kumar,Amit Kumar
d2c7b406-52e,2024-04-25,Rent Payment - Centralized 4thgeneration parallelism,1523.76,Housing,checking,6368.21,False,Rent Payment,amit_kumar,Amit Kumar
d3e974ee-342,2024-04-25,ATM Withdrawal - Networked disintermediate migration,431.39,Other,checking,-7951.35,False,ATM Withdrawal,priya_singh,Priya Singh
7c9077d0-5b3,2024-04-25,Costco - Proactive national workforce,35.33,Groceries,checking,-64465.1,False,Costco,priya_singh,Priya Singh
26c5b2ed-614,2024-04-25,McDonald's - Integrated optimal Internet solution,491.71,Dining,savings,6710.03,False,McDonald's,amit_kumar,Amit Kumar
fa356424-63a,2024-04-25,City Hospital - Face-to-face asynchronous leverage,58.88,Healthcare,credit,-73346.24,False,City Hospital,priya_singh,Priya Singh
054412aa-090,2024-04-25,Spotify - Balanced maximized algorithm,113.4,Entertainment,credit,-57603.5,False,Spotify,amit_kumar,Amit Kumar
f8c4335f-b79,2024-04-25,Spotify - Automated optimal strategy,441.56,Entertainment,savings,18401.15,False,Spotify,priya_singh,Priya Singh
9ea9d26d-3e3,2024-04-25,Gym Membership - Centralized bottom-line model,177.31,Subscriptions,credit,-52298.33,False,Gym Membership,rajesh_sharma,Rajesh Sharma
d332b892-0fb,2024-04-25,Netflix - Object-based global moratorium,396.6,Entertainment,checking,5982.96,False,Netflix,amit_kumar,Amit Kumar
e3b9c55b-77e,2024-04-25,Property Mgmt - Implemented fresh-thinking synergy,1208.93,Housing,checking,-15434.63,False,Property Mgmt,rajesh_sharma,Rajesh Sharma
42abba1c-cca,2024-04-25,Starbucks - Fundamental dedicated groupware,289.28,Dining,savings,-29097.52,False,Starbucks,tanishka_dhanwan,Tanishka Dhanwan
165fa0fc-6a0,2024-04-25,"Payroll - Robinson, White and Jones",1803.1,Income,checking,-2657.68,True,"Robinson, White and Jones",priya_singh,Priya Singh
9140db8e-a03,2024-04-25,Walmart - Proactive global Local Area Network,292.62,Groceries,checking,2481.34,False,Walmart,amit_kumar,Amit Kumar
996200e7-179,2024-04-25,Property Mgmt - User-centric tangible help-desk,1968.02,Housing,savings,-68131.31,False,Property Mgmt,rajesh_sharma,Rajesh Sharma
a5837be8-7a4,2024-04-25,Internet Provider - Realigned value-added instruction set,318.98,Utilities,checking,-26730.9,False,Internet Provider,priya_singh,Priya Singh
9f8b5947-26f,2024-04-26,Target - Multi-lateral eco-centric encryption,90.01,Shopping,credit,-61300.21,False,Target,rajesh_sharma,Rajesh Sharma
de077eaa-f2e,2024-04-26,Health Ins Co - Customizable 3rdgeneration standardization,386.57,Insurance,checking,3659.26,False,Health Ins Co,amit_kumar,Amit Kumar
962d9a73-b19,2024-04-26,AMC Theaters - Self-enabling leadingedge utilization,26.59,Entertainment,checking,-327.7,False,AMC Theaters,amit_kumar,Amit Kumar
84fe43f3-c80,2024-04-26,Shell Gas - Open-architected multi-tasking artificial intelligence,349.61,Transportation,savings,-9307.24,False,Shell Gas,rajesh_sharma,Rajesh Sharma
d34ba838-278,2024-04-26,Water Dept - User-friendly zero tolerance toolset,339.95,Utilities,credit,-49641.79,False,Water Dept,tanishka_dhanwan,Tanishka Dhanwan
fe994570-2eb,2024-04-26,Adobe - Switchable real-time collaboration,406.94,Subscriptions,checking,-26794.21,False,Adobe,rajesh_sharma,Rajesh Sharma
22e2f562-cb1,2024-04-26,Property Mgmt - Enhanced incremental open architecture,1575.75,Housing,checking,4048.29,False,Property Mgmt,amit_kumar,Amit Kumar
a109f035-dbd,2024-04-26,City Hospital - Future-proofed stable firmware,159.27,Healthcare,credit,-8831.12,False,City Hospital,tanishka_dhanwan,Tanishka Dhanwan
f0f1ef22-80c,2024-04-26,Metro Transit - Right-sized directional algorithm,323.61,Transportation,savings,-66163.29,False,Metro Transit,rajesh_sharma,Rajesh Sharma
51a0fd41-9ab,2024-04-26,Marriott - Programmable web-enabled firmware,492.28,Travel,credit,-66551.46,False,Marriott,priya_singh,Priya Singh
50c70671-2b8,2024-04-26,Chipotle - Re-engineered real-time framework,62.05,Dining,checking,-52940.94,False,Chipotle,priya_singh,Priya Singh
ad7fc75d-dff,2024-04-26,Cloud Storage - Managed bandwidth-monitored approach,295.42,Subscriptions,credit,-44541.12,False,Cloud Storage,tanishka_dhanwan,Tanishka Dhanwan
4d770e1e-34b,2024-04-26,Water Dept - Progressive asymmetric knowledgebase,245.9,Utilities,credit,-60987.43,False,Water Dept,amit_kumar,Amit Kumar
88b1f20a-322,2024-04-26,Adobe - Polarized attitude-oriented hierarchy,21.47,Subscriptions,savings,-7696.95,False,Adobe,amit_kumar,Amit Kumar
7a2d4116-23d,2024-04-26,Walmart - Enhanced user-facing groupware,343.78,Groceries,checking,-6590.14,False,Walmart,rajesh_sharma,Rajesh Sharma
15ac23a6-c20,2024-04-26,Cloud Storage - Secured encompassing superstructure,253.43,Subscriptions,credit,-9658.58,False,Cloud Storage,priya_singh,Priya Singh
5203a8da-5b4,2024-04-27,Gym Membership - Open-architected systematic monitoring,373.86,Subscriptions,credit,-19200.96,False,Gym Membership,rajesh_sharma,Rajesh Sharma
578a0402-2d7,2024-04-27,Electric Co - Adaptive well-modulated workforce,165.52,Utilities,credit,-2859.98,False,Electric Co,rajesh_sharma,Rajesh Sharma
1c454cea-4de,2024-04-27,Property Mgmt - Extended optimal migration,1230.16,Housing,savings,3871.8,False,Property Mgmt,amit_kumar,Amit Kumar
afc0c8d6-b36,2024-04-27,Student Loan - Vision-oriented empowering strategy,300.28,Debt Payment,credit,-50995.99,False,Student Loan,rajesh_sharma,Rajesh Sharma
5432c487-29f,2024-04-27,Health Ins Co - Diverse bi-directional knowledgebase,417.63,Insurance,credit,-52272.89,False,Health Ins Co,amit_kumar,Amit Kumar
8318f3af-630,2024-04-27,Dental Care - Team-oriented analyzing complexity,489.74,Healthcare,savings,-22796.91,False,Dental Care,rajesh_sharma,Rajesh Sharma
cb4abcd3-d49,2024-04-27,Delta Airlines - Universal contextually-based time-frame,316.31,Travel,checking,5550.02,False,Delta Airlines,priya_singh,Priya Singh
fd95f20e-cb0,2024-04-27,Chipotle - Triple-buffered leadingedge open architecture,424.67,Dining,savings,18035.94,False,Chipotle,priya_singh,Priya Singh
b5fb87c8-051,2024-04-28,Property Mgmt - Sharable discrete definition,852.3,Housing,credit,-75025.17,False,Property Mgmt,amit_kumar,Amit Kumar
56d02eae-281,2024-04-28,"Payroll - Davenport, Lee and White",3698.63,Income,checking,-1379.92,True,"Davenport, Lee and White",priya_singh,Priya Singh
88d6213d-4d7,2024-04-28,Internet Provider - Re-contextualized high-level structure,473.5,Utilities,savings,-24606.32,False,Internet Provider,tanishka_dhanwan,Tanishka Dhanwan
8106cb35-5b0,2024-04-28,ATM Withdrawal - Mandatory regional solution,31.58,Other,checking,-8588.9,False,ATM Withdrawal,rajesh_sharma,Rajesh Sharma
205b4d30-5df,2024-04-28,Health Ins Co - Function-based zero administration system engine,85.39,Insurance,savings,-12068.51,False,Health Ins Co,amit_kumar,Amit Kumar
d632df96-5bd,2024-04-28,Credit Card Payment - Versatile foreground knowledge user,136.55,Debt Payment,savings,-19335.57,False,Credit Card Payment,tanishka_dhanwan,Tanishka Dhanwan
634704a5-f62,2024-04-28,City Hospital - Synergized logistical circuit,349.58,Healthcare,savings,-13501.04,False,City Hospital,amit_kumar,Amit Kumar
38d2615a-d92,2024-04-28,Tuition - Right-sized even-keeled functionalities,198.34,Education,savings,-21929.37,False,Tuition,tanishka_dhanwan,Tanishka Dhanwan
356e8a7d-dfa,2024-04-28,AMC Theaters - Right-sized asymmetric service-desk,139.1,Entertainment,credit,-6900.72,False,AMC Theaters,rajesh_sharma,Rajesh Sharma
0ff8b24d-b80,2024-04-28,Shell Gas - Focused homogeneous info-mediaries,296.1,Transportation,savings,28626.3,False,Shell Gas,priya_singh,Priya Singh
c0108788-eaf,2024-04-28,Metro Transit - Robust bottom-line attitude,127.17,Transportation,checking,-53458.13,False,Metro Transit,tanishka_dhanwan,Tanishka Dhanwan
b1389fa7-7fb,2024-04-28,Payroll - Thompson LLC,3783.85,Income,savings,-22278.89,True,Thompson LLC,amit_kumar,Amit Kumar
10f8f8eb-49f,2024-04-28,Best Buy - Open-architected high-level analyzer,399.99,Shopping,savings,-24937.17,False,Best Buy,rajesh_sharma,Rajesh Sharma
85414f96-f9a,2024-04-28,Netflix - Managed bandwidth-monitored hub,461.85,Entertainment,credit,-39947.02,False,Netflix,tanishka_dhanwan,Tanishka Dhanwan
27d2d260-b70,2024-04-28,Tuition - Balanced solution-oriented process improvement,175.5,Education,checking,-886.33,False,Tuition,amit_kumar,Amit Kumar
d154c2b7-514,2024-04-28,Payroll - Brown Group,4115.38,Income,checking,-25331.93,True,Brown Group,rajesh_sharma,Rajesh Sharma
9234bbbb-1ed,2024-04-28,Spotify - Synergistic national data-warehouse,271.49,Entertainment,checking,-14721.26,False,Spotify,amit_kumar,Amit Kumar
8b78ae6f-fdd,2024-04-28,Gym Membership - Object-based tangible capability,105.57,Subscriptions,savings,3201.27,False,Gym Membership,amit_kumar,Amit Kumar
9748dbf5-2f1,2024-04-29,State Farm - Intuitive zero tolerance Internet solution,138.78,Insurance,checking,-44958.79,False,State Farm,amit_kumar,Amit Kumar
9aa07fcf-9ca,2024-04-29,Water Dept - Face-to-face non-volatile middleware,14.75,Utilities,credit,-42579.53,False,Water Dept,tanishka_dhanwan,Tanishka Dhanwan
c75d303c-544,2024-04-29,AMC Theaters - Customizable global service-desk,77.91,Entertainment,checking,-50035.57,False,AMC Theaters,amit_kumar,Amit Kumar
808ea278-fc3,2024-04-29,Local Bistro - Digitized background structure,52.44,Dining,checking,-58010.2,False,Local Bistro,rajesh_sharma,Rajesh Sharma
e07be5de-a11,2024-04-29,Local Bistro - Ameliorated asymmetric leverage,23.47,Dining,checking,5594.66,False,Local Bistro,tanishka_dhanwan,Tanishka Dhanwan
55176305-456,2024-04-29,Health Ins Co - Multi-tiered even-keeled system engine,377.43,Insurance,checking,-13918.02,False,Health Ins Co,rajesh_sharma,Rajesh Sharma
155207e1-aa0,2024-04-29,McDonald's - Face-to-face bifurcated application,370.68,Dining,credit,-30548.97,False,McDonald's,tanishka_dhanwan,Tanishka Dhanwan
284c7ff5-221,2024-04-29,Target - Open-architected background adapter,446.01,Shopping,savings,16523.58,False,Target,amit_kumar,Amit Kumar
773d8b08-b95,2024-04-29,Costco - Optimized clear-thinking leverage,379.94,Groceries,checking,-3496.43,False,Costco,amit_kumar,Amit Kumar
b3632b0c-784,2024-04-29,Whole Foods - Operative composite installation,295.8,Groceries,credit,-3158.29,False,Whole Foods,priya_singh,Priya Singh
36098dd9-00a,2024-04-29,ATM Withdrawal - De-engineered 6thgeneration function,123.21,Other,savings,10754.25,False,ATM Withdrawal,rajesh_sharma,Rajesh Sharma
4bb5c5ef-c42,2024-04-30,State Farm - Cross-group global policy,416.45,Insurance,checking,-641.86,False,State Farm,priya_singh,Priya Singh
c6da7db0-043,2024-04-30,Payroll - Randall PLC,1589.0,Income,savings,9488.69,True,Randall PLC,priya_singh,Priya Singh
ed039d4d-d3f,2024-04-30,Netflix - Pre-emptive multimedia parallelism,248.43,Entertainment,checking,1772.04,False,Netflix,amit_kumar,Amit Kumar
89bee049-cf1,2024-04-30,McDonald's - Devolved 24/7 core,447.16,Dining,savings,15513.8,False,McDonald's,amit_kumar,Amit Kumar
7a7b4c0a-bb0,2024-04-30,Trader Joe's - Realigned scalable data-warehouse,337.27,Groceries,savings,-1469.76,False,Trader Joe's,priya_singh,Priya Singh
af92dcba-acc,2024-04-30,Chipotle - Exclusive 3rdgeneration process improvement,201.24,Dining,savings,5572.22,False,Chipotle,rajesh_sharma,Rajesh Sharma
fa862698-999,2024-04-30,McDonald's - Business-focused client-server help-desk,181.68,Dining,checking,-72128.2,False,McDonald's,priya_singh,Priya Singh
5b941c4b-61f,2024-04-30,Local Bistro - User-friendly executive neural-net,401.18,Dining,savings,-27376.73,False,Local Bistro,amit_kumar,Amit Kumar
adeea4e2-a0b,2024-04-30,Online Course - Synchronized background budgetary management,113.57,Education,credit,-9056.0,False,Online Course,priya_singh,Priya Singh
9df14252-af6,2024-04-30,Electric Co - Phased reciprocal Graphical User Interface,157.23,Utilities,checking,-14227.18,False,Electric Co,priya_singh,Priya Singh
12d32c8d-bbc,2024-04-30,AMC Theaters - Integrated holistic process improvement,275.32,Entertainment,credit,-45325.68,False,AMC Theaters,tanishka_dhanwan,Tanishka Dhanwan
e63beece-36a,2024-04-30,Payroll - Rhodes-Rosario,2582.96,Income,savings,23536.08,True,Rhodes-Rosario,amit_kumar,Amit Kumar
ed725b74-955,2024-04-30,Adobe - Distributed composite protocol,252.0,Subscriptions,credit,-52755.29,False,Adobe,rajesh_sharma,Rajesh Sharma
645d81cf-f65,2024-04-30,Payroll - Salinas PLC,3823.26,Income,savings,-29758.28,True,Salinas PLC,tanishka_dhanwan,Tanishka Dhanwan
c01fb343-3cd,2024-04-30,Marriott - Sharable dedicated flexibility,195.6,Travel,savings,-7675.48,False,Marriott,amit_kumar,Amit Kumar
ef5d531a-a1a,2024-04-30,HOA Fees - Re-contextualized local Graphical User Interface,1178.21,Housing,checking,6379.56,False,HOA Fees,amit_kumar,Amit Kumar
39fca9fa-d8e,2024-04-30,Internet Provider - Secured 4thgeneration complexity,154.09,Utilities,savings,-34451.07,False,Internet Provider,tanishka_dhanwan,Tanishka Dhanwan
872bac46-4e8,2024-04-30,Shell Gas - Diverse multimedia concept,150.98,Transportation,credit,-35500.38,False,Shell Gas,tanishka_dhanwan,Tanishka Dhanwan
4fe0c59b-c87,2024-04-30,Walmart - Ergonomic actuating productivity,50.23,Groceries,savings,-5936.16,False,Walmart,amit_kumar,Amit Kumar
c4982aa8-bc4,2024-04-30,Rent Payment - Re-engineered bifurcated flexibility,1813.93,Housing,credit,-61826.27,False,Rent Payment,rajesh_sharma,Rajesh Sharma
611b9355-600,2024-05-01,Internet Provider - Persevering dynamic interface,37.15,Utilities,checking,-42645.44,False,Internet Provider,priya_singh,Priya Singh
532ca8b9-b7f,2024-05-01,Best Buy - Assimilated optimizing website,178.55,Shopping,savings,5696.44,False,Best Buy,amit_kumar,Amit Kumar
1d18eea4-56b,2024-05-01,Chipotle - Seamless intermediate productivity,390.51,Dining,savings,14866.17,False,Chipotle,priya_singh,Priya Singh
3790f842-c6c,2024-05-01,Misc Purchase - Programmable fresh-thinking pricing structure,141.8,Other,checking,-46528.37,False,Misc Purchase,tanishka_dhanwan,Tanishka Dhanwan
099764c7-8fb,2024-05-01,Online Course - Polarized explicit synergy,222.34,Education,savings,-5762.65,False,Online Course,rajesh_sharma,Rajesh Sharma
519616fb-f77,2024-05-01,Netflix - Stand-alone directional service-desk,333.0,Entertainment,credit,2054.23,False,Netflix,priya_singh,Priya Singh
5abe01c6-616,2024-05-01,Cloud Storage - Managed non-volatile protocol,355.51,Subscriptions,credit,-54801.27,False,Cloud Storage,priya_singh,Priya Singh
d540ec0c-429,2024-05-01,McDonald's - Synergized even-keeled artificial intelligence,476.41,Dining,checking,-27250.58,False,McDonald's,tanishka_dhanwan,Tanishka Dhanwan
70a660aa-37f,2024-05-01,HOA Fees - Multi-tiered 4thgeneration synergy,1574.17,Housing,savings,-3540.58,False,HOA Fees,tanishka_dhanwan,Tanishka Dhanwan
250aec64-e37,2024-05-01,Rent Payment - Inverse homogeneous policy,1408.98,Housing,credit,-50372.17,False,Rent Payment,rajesh_sharma,Rajesh Sharma
1e748c53-7be,2024-05-02,Property Mgmt - Cloned 6thgeneration protocol,2030.21,Housing,credit,-6097.64,False,Property Mgmt,rajesh_sharma,Rajesh Sharma
77ca95b9-b2b,2024-05-02,Property Mgmt - User-centric solution-oriented access,2090.18,Housing,savings,-17552.34,False,Property Mgmt,amit_kumar,Amit Kumar
648e5e8d-1bd,2024-05-02,CVS Pharmacy - Configurable multi-state core,267.54,Healthcare,savings,-15757.88,False,CVS Pharmacy,amit_kumar,Amit Kumar
b04ff87a-a87,2024-05-02,Target - Sharable non-volatile benchmark,464.77,Shopping,checking,1034.32,False,Target,priya_singh,Priya Singh
aaf42216-8ab,2024-05-02,Spotify - Extended stable groupware,427.02,Entertainment,credit,-21668.74,False,Spotify,priya_singh,Priya Singh
52dc29af-f1c,2024-05-02,Health Ins Co - Balanced asynchronous software,263.93,Insurance,checking,-26650.13,False,Health Ins Co,rajesh_sharma,Rajesh Sharma
2041c750-8a9,2024-05-02,Walmart - Cross-group web-enabled interface,104.5,Groceries,credit,-17216.66,False,Walmart,amit_kumar,Amit Kumar
b12e61c6-d40,2024-05-02,Electric Co - Advanced background system engine,15.09,Utilities,checking,-868.64,False,Electric Co,rajesh_sharma,Rajesh Sharma
be7cb718-b1d,2024-05-02,AMC Theaters - Face-to-face bifurcated Local Area Network,353.37,Entertainment,savings,-11237.23,False,AMC Theaters,rajesh_sharma,Rajesh Sharma
6f74cb6e-b45,2024-05-02,Property Mgmt - Open-source incremental help-desk,1603.9,Housing,credit,-10062.25,False,Property Mgmt,tanishka_dhanwan,Tanishka Dhanwan
00f85909-03f,2024-05-02,Amazon - Assimilated cohesive Graphic Interface,370.52,Shopping,savings,-10307.55,False,Amazon,amit_kumar,Amit Kumar
5e765eab-b26,2024-05-03,Netflix - Extended demand-driven moratorium,462.53,Entertainment,savings,10973.31,False,Netflix,priya_singh,Priya Singh
6c3d9f52-988,2024-05-03,Uber - Synergized mobile instruction set,185.32,Transportation,credit,-59766.85,False,Uber,rajesh_sharma,Rajesh Sharma
31f0da56-cfc,2024-05-03,Property Mgmt - Self-enabling object-oriented toolset,917.37,Housing,credit,-12551.98,False,Property Mgmt,tanishka_dhanwan,Tanishka Dhanwan
cfe917cc-e99,2024-05-03,McDonald's - Front-line composite functionalities,181.75,Dining,checking,-3587.75,False,McDonald's,tanishka_dhanwan,Tanishka Dhanwan
0f56e196-d37,2024-05-03,Costco - Re-contextualized scalable access,285.16,Groceries,checking,-62111.84,False,Costco,tanishka_dhanwan,Tanishka Dhanwan
c4414e7f-39d,2024-05-03,Chipotle - Cross-platform background workforce,153.36,Dining,checking,10306.83,False,Chipotle,tanishka_dhanwan,Tanishka Dhanwan
4bcdf3e5-4df,2024-05-03,State Farm - Exclusive methodical capability,461.43,Insurance,credit,-11566.49,False,State Farm,tanishka_dhanwan,Tanishka Dhanwan
4182a609-679,2024-05-03,Dental Care - Exclusive attitude-oriented moderator,147.86,Healthcare,credit,-78282.05,False,Dental Care,amit_kumar,Amit Kumar
627af152-81c,2024-05-03,Misc Purchase - Balanced even-keeled instruction set,101.26,Other,savings,-6700.84,False,Misc Purchase,tanishka_dhanwan,Tanishka Dhanwan
b42b94e4-07c,2024-05-03,Property Mgmt - Enhanced exuding function,1429.31,Housing,checking,-62945.16,False,Property Mgmt,tanishka_dhanwan,Tanishka Dhanwan
f0d8bf56-eb9,2024-05-03,CVS Pharmacy - Integrated bandwidth-monitored knowledgebase,119.74,Healthcare,checking,-68413.01,False,CVS Pharmacy,priya_singh,Priya Singh
e600197c-d31,2024-05-03,Costco - Universal global benchmark,479.78,Groceries,credit,-16338.93,False,Costco,priya_singh,Priya Singh
2fd71169-284,2024-05-03,Uber - Quality-focused leadingedge application,206.23,Transportation,credit,-58107.23,False,Uber,priya_singh,Priya Singh
667301bf-c6f,2024-05-03,Rent Payment - Switchable impactful task-force,1660.89,Housing,credit,-40405.94,False,Rent Payment,rajesh_sharma,Rajesh Sharma
0f48c8a5-1b6,2024-05-04,Dental Care - Stand-alone 4thgeneration approach,155.44,Healthcare,savings,-11484.97,False,Dental Care,rajesh_sharma,Rajesh Sharma
be5ea9a3-1ba,2024-05-04,City Hospital - Stand-alone discrete knowledgebase,466.01,Healthcare,checking,-2662.23,False,City Hospital,priya_singh,Priya Singh
53cc9c10-0e9,2024-05-04,Best Buy - Self-enabling systemic application,193.19,Shopping,credit,-34700.88,False,Best Buy,rajesh_sharma,Rajesh Sharma
9b5ec690-77d,2024-05-04,ATM Withdrawal - Multi-tiered systematic synergy,30.04,Other,credit,-16062.15,False,ATM Withdrawal,rajesh_sharma,Rajesh Sharma
1f718ae6-93b,2024-05-04,Payroll - Matthews Ltd,2105.36,Income,savings,12237.66,True,Matthews Ltd,amit_kumar,Amit Kumar
b6deccc0-ccb,2024-05-04,State Farm - Re-contextualized context-sensitive architecture,161.0,Insurance,savings,5048.77,False,State Farm,amit_kumar,Amit Kumar
2ffe7508-48a,2024-05-04,Online Course - Synergistic demand-driven Graphical User Interface,19.3,Education,checking,13513.53,False,Online Course,amit_kumar,Amit Kumar
f83116b3-67a,2024-05-04,AMC Theaters - Centralized discrete architecture,195.07,Entertainment,credit,-8810.43,False,AMC Theaters,rajesh_sharma,Rajesh Sharma
3026fbcc-ab6,2024-05-04,"Payroll - Zimmerman, Knapp and Miller",2607.89,Income,checking,10868.6,True,"Zimmerman, Knapp and Miller",tanishka_dhanwan,Tanishka Dhanwan
1ff796eb-e0e,2024-05-04,McDonald's - Realigned hybrid neural-net,62.26,Dining,savings,7325.84,False,McDonald's,priya_singh,Priya Singh
857c0396-4c8,2024-05-04,Spotify - Configurable reciprocal implementation,248.05,Entertainment,savings,-3328.05,False,Spotify,rajesh_sharma,Rajesh Sharma
281f2861-3d0,2024-05-04,Chipotle - Reverse-engineered cohesive project,138.25,Dining,credit,-39162.71,False,Chipotle,priya_singh,Priya Singh
daebf267-2ef,2024-05-04,Gym Membership - Reactive transitional leverage,329.94,Subscriptions,savings,-40521.25,False,Gym Membership,tanishka_dhanwan,Tanishka Dhanwan
4e8c971c-3d2,2024-05-04,Chipotle - Self-enabling impactful Internet solution,379.15,Dining,checking,-3008.5,False,Chipotle,priya_singh,Priya Singh
7beaf3b9-c22,2024-05-04,Metro Transit - Seamless incremental benchmark,462.53,Transportation,savings,-997.43,False,Metro Transit,tanishka_dhanwan,Tanishka Dhanwan
ae7a2d6e-992,2024-05-04,Spotify - Total web-enabled hub,416.52,Entertainment,checking,-14963.05,False,Spotify,priya_singh,Priya Singh
0d4075bd-741,2024-05-04,McDonald's - Distributed exuding access,329.99,Dining,checking,-17203.54,False,McDonald's,priya_singh,Priya Singh
199a66c9-0bf,2024-05-04,Rent Payment - Enterprise-wide object-oriented methodology,1882.98,Housing,credit,-2004.12,False,Rent Payment,amit_kumar,Amit Kumar
b2e2d890-8b6,2024-05-05,Payroll - Quinn-Horton,4316.88,Income,checking,8341.89,True,Quinn-Horton,tanishka_dhanwan,Tanishka Dhanwan
2e43b5b1-0a3,2024-05-05,Spotify - Fundamental client-server moderator,44.44,Entertainment,credit,-66155.45,False,Spotify,priya_singh,Priya Singh
587caa71-2d6,2024-05-05,Whole Foods - Extended upward-trending archive,116.29,Groceries,credit,-62693.74,False,Whole Foods,priya_singh,Priya Singh
e3a390e4-dcb,2024-05-05,Health Ins Co - Multi-layered analyzing migration,485.01,Insurance,credit,4543.76,False,Health Ins Co,priya_singh,Priya Singh
314588ee-5f0,2024-05-05,Parking Co - User-friendly cohesive open architecture,320.95,Transportation,credit,-29360.66,False,Parking Co,amit_kumar,Amit Kumar
f20f0352-4f7,2024-05-05,"Payroll - Wilson, Brown and West",4088.79,Income,checking,-19325.95,True,"Wilson, Brown and West",rajesh_sharma,Rajesh Sharma
3ca9e61f-e9c,2024-05-05,Bookstore - Diverse object-oriented challenge,48.91,Education,savings,-15052.56,False,Bookstore,amit_kumar,Amit Kumar
a63d7ce1-267,2024-05-05,Chipotle - Seamless well-modulated firmware,340.0,Dining,credit,-11739.35,False,Chipotle,amit_kumar,Amit Kumar
b483b037-ebd,2024-05-05,Starbucks - Progressive fault-tolerant groupware,436.31,Dining,savings,9953.65,False,Starbucks,priya_singh,Priya Singh
83adde8c-6dc,2024-05-05,Starbucks - Exclusive value-added service-desk,277.12,Dining,checking,-67217.49,False,Starbucks,priya_singh,Priya Singh
56d02975-bc3,2024-05-05,Starbucks - Re-engineered object-oriented matrices,84.15,Dining,checking,-42567.54,False,Starbucks,amit_kumar,Amit Kumar
b5a580e1-6cd,2024-05-05,Delta Airlines - Customizable transitional strategy,99.74,Travel,savings,-38948.2,False,Delta Airlines,tanishka_dhanwan,Tanishka Dhanwan
f95a93cc-13e,2024-05-05,"Payroll - Robinson, Howard and Anderson",1559.64,Income,credit,-77023.88,True,"Robinson, Howard and Anderson",amit_kumar,Amit Kumar
4fc83b1b-d17,2024-05-05,Whole Foods - Function-based neutral access,466.96,Groceries,credit,-4440.79,False,Whole Foods,rajesh_sharma,Rajesh Sharma
989bd6dc-ce3,2024-05-05,Payroll - Garcia Ltd,2283.86,Income,checking,-68981.09,True,Garcia Ltd,priya_singh,Priya Singh
b1446827-4c7,2024-05-05,Online Course - Persevering responsive synergy,419.75,Education,credit,-51672.17,False,Online Course,priya_singh,Priya Singh
79fb997a-0d6,2024-05-06,Target - Universal full-range website,128.24,Shopping,checking,-37375.8,False,Target,rajesh_sharma,Rajesh Sharma
656c63d5-8b0,2024-05-06,Rent Payment - Synergized solution-oriented circuit,1310.64,Housing,savings,9994.49,False,Rent Payment,tanishka_dhanwan,Tanishka Dhanwan
ee789ed6-121,2024-05-06,Misc Purchase - Extended coherent protocol,487.12,Other,savings,-13350.23,False,Misc Purchase,rajesh_sharma,Rajesh Sharma
46457f77-627,2024-05-06,Tuition - Multi-layered local moratorium,150.61,Education,checking,4849.39,False,Tuition,amit_kumar,Amit Kumar
d852a197-c9c,2024-05-06,Metro Transit - Seamless attitude-oriented neural-net,91.7,Transportation,savings,-30751.98,False,Metro Transit,tanishka_dhanwan,Tanishka Dhanwan
9bc36462-a8b,2024-05-06,Trader Joe's - Pre-emptive discrete help-desk,366.36,Groceries,savings,-33992.83,False,Trader Joe's,rajesh_sharma,Rajesh Sharma
a02c752d-1fb,2024-05-06,Water Dept - Multi-layered multimedia superstructure,405.08,Utilities,credit,-4740.88,False,Water Dept,amit_kumar,Amit Kumar
08f0ddea-4b1,2024-05-06,CVS Pharmacy - Persevering 3rdgeneration capability,211.13,Healthcare,checking,-43055.45,False,CVS Pharmacy,rajesh_sharma,Rajesh Sharma
68ae2035-fc9,2024-05-06,Dental Care - Function-based value-added matrices,498.55,Healthcare,credit,-56573.55,False,Dental Care,rajesh_sharma,Rajesh Sharma
ead6f1b3-104,2024-05-06,Trader Joe's - Ameliorated 4thgeneration utilization,131.09,Groceries,savings,16591.98,False,Trader Joe's,amit_kumar,Amit Kumar
1547916b-dd2,2024-05-07,Misc Purchase - Cross-group executive algorithm,89.94,Other,credit,3625.34,False,Misc Purchase,priya_singh,Priya Singh
588e7c1f-ceb,2024-05-07,Property Mgmt - Object-based holistic task-force,860.15,Housing,checking,-42980.95,False,Property Mgmt,tanishka_dhanwan,Tanishka Dhanwan
6e9a4446-10c,2024-05-07,Property Mgmt - Business-focused web-enabled projection,1342.93,Housing,checking,-5101.85,False,Property Mgmt,amit_kumar,Amit Kumar
39687d4b-7df,2024-05-07,Health Ins Co - Intuitive grid-enabled access,176.95,Insurance,checking,-3193.02,False,Health Ins Co,amit_kumar,Amit Kumar
e6b4383b-721,2024-05-07,Expedia - Optional local emulation,78.42,Travel,checking,-21502.6,False,Expedia,rajesh_sharma,Rajesh Sharma
9d61118d-92d,2024-05-07,ATM Withdrawal - Synergized leadingedge access,343.74,Other,savings,-57620.67,False,ATM Withdrawal,rajesh_sharma,Rajesh Sharma
02b74019-4bd,2024-05-07,CVS Pharmacy - Multi-lateral 5thgeneration alliance,423.02,Healthcare,checking,-57468.99,False,CVS Pharmacy,priya_singh,Priya Singh
ed41893c-bda,2024-05-07,Dental Care - Streamlined even-keeled database,444.67,Healthcare,credit,-72768.1,False,Dental Care,amit_kumar,Amit Kumar
318a1a33-697,2024-05-07,Metro Transit - Innovative reciprocal monitoring,9.81,Transportation,savings,-18922.68,False,Metro Transit,rajesh_sharma,Rajesh Sharma
e2169e5b-ff4,2024-05-07,Payroll - Hill Ltd,4162.06,Income,checking,-54309.95,True,Hill Ltd,tanishka_dhanwan,Tanishka Dhanwan
67ff7db4-63d,2024-05-07,Netflix - Streamlined attitude-oriented archive,170.52,Entertainment,credit,-42564.78,False,Netflix,tanishka_dhanwan,Tanishka Dhanwan
1f994e0c-ce7,2024-05-07,Internet Provider - Automated uniform info-mediaries,471.34,Utilities,checking,-9880.79,False,Internet Provider,priya_singh,Priya Singh
5f374d02-594,2024-05-07,Payroll - Steele Group,1773.4,Income,credit,-43083.69,True,Steele Group,tanishka_dhanwan,Tanishka Dhanwan
acd34655-520,2024-05-07,Starbucks - Synergized modular throughput,444.02,Dining,credit,-61235.73,False,Starbucks,priya_singh,Priya Singh
586cf0ff-5e6,2024-05-07,Payroll - Lucas-Case,4298.8,Income,checking,-2335.92,True,Lucas-Case,priya_singh,Priya Singh
e9f9b1ad-e8b,2024-05-07,Electric Co - Optional even-keeled Local Area Network,17.49,Utilities,credit,-47984.78,False,Electric Co,tanishka_dhanwan,Tanishka Dhanwan
437dffd2-787,2024-05-08,Spotify - Operative methodical groupware,40.06,Entertainment,credit,-33776.77,False,Spotify,tanishka_dhanwan,Tanishka Dhanwan
b51028a0-d0b,2024-05-08,Rent Payment - Synergistic composite approach,830.37,Housing,credit,-74349.35,False,Rent Payment,amit_kumar,Amit Kumar
997b9a40-38b,2024-05-08,Misc Purchase - Quality-focused actuating hardware,409.36,Other,credit,-27299.79,False,Misc Purchase,rajesh_sharma,Rajesh Sharma
d07ebeaf-9ba,2024-05-08,Misc Purchase - Organized reciprocal help-desk,268.71,Other,checking,-50454.71,False,Misc Purchase,priya_singh,Priya Singh
25d18dfc-372,2024-05-08,Marriott - Exclusive background adapter,316.63,Travel,savings,-3893.63,False,Marriott,amit_kumar,Amit Kumar
7e0827c4-1d3,2024-05-08,Health Ins Co - Team-oriented encompassing product,452.93,Insurance,checking,-58765.83,False,Health Ins Co,amit_kumar,Amit Kumar
cb197f40-7f1,2024-05-08,Property Mgmt - De-engineered multi-state collaboration,1849.14,Housing,savings,-24381.15,False,Property Mgmt,tanishka_dhanwan,Tanishka Dhanwan
91535d3a-4ff,2024-05-08,Shell Gas - Versatile optimizing data-warehouse,105.48,Transportation,checking,-25139.59,False,Shell Gas,tanishka_dhanwan,Tanishka Dhanwan
21fe209e-440,2024-05-08,Netflix - Operative optimal function,182.29,Entertainment,credit,-54646.38,False,Netflix,rajesh_sharma,Rajesh Sharma
e02aa8d8-7a8,2024-05-08,Payroll - Li-Thompson,2033.98,Income,checking,-30830.9,True,Li-Thompson,rajesh_sharma,Rajesh Sharma
f0699d72-367,2024-05-08,Netflix - Balanced upward-trending archive,153.5,Entertainment,savings,14638.27,False,Netflix,priya_singh,Priya Singh
99c6d979-808,2024-05-08,Netflix - Streamlined zero-defect collaboration,330.01,Entertainment,credit,-29969.91,False,Netflix,priya_singh,Priya Singh
564f898b-9ac,2024-05-09,Payroll - Anderson-Campbell,4059.2,Income,checking,-50168.83,True,Anderson-Campbell,priya_singh,Priya Singh
af7292e7-f9e,2024-05-09,"Payroll - Wong, Parker and Ward",3851.29,Income,credit,-62543.19,True,"Wong, Parker and Ward",rajesh_sharma,Rajesh Sharma
d5776069-987,2024-05-09,Rent Payment - Multi-lateral tertiary forecast,1733.15,Housing,checking,9664.79,False,Rent Payment,amit_kumar,Amit Kumar
b1821e93-20d,2024-05-09,City Hospital - Integrated full-range circuit,73.17,Healthcare,savings,-36383.61,False,City Hospital,tanishka_dhanwan,Tanishka Dhanwan
cacc3408-599,2024-05-09,Local Bistro - Grass-roots maximized encryption,377.24,Dining,savings,17195.41,False,Local Bistro,rajesh_sharma,Rajesh Sharma
ae5139f1-97d,2024-05-09,Gym Membership - Phased mobile protocol,87.08,Subscriptions,credit,3014.68,False,Gym Membership,priya_singh,Priya Singh
0c20494c-697,2024-05-09,Gym Membership - Multi-tiered optimal protocol,409.28,Subscriptions,savings,10481.85,False,Gym Membership,priya_singh,Priya Singh
dc48d459-0d1,2024-05-09,Marriott - Realigned mobile moratorium,130.85,Travel,checking,-43137.25,False,Marriott,tanishka_dhanwan,Tanishka Dhanwan
ffeeb23a-59c,2024-05-09,AMC Theaters - Ergonomic demand-driven array,116.63,Entertainment,savings,-24339.43,False,AMC Theaters,tanishka_dhanwan,Tanishka Dhanwan
ed67db08-2d8,2024-05-09,CVS Pharmacy - Compatible directional info-mediaries,238.64,Healthcare,checking,13824.15,False,CVS Pharmacy,tanishka_dhanwan,Tanishka Dhanwan
1c9bbae9-727,2024-05-09,Student Loan - Monitored background intranet,346.89,Debt Payment,credit,-62173.16,False,Student Loan,rajesh_sharma,Rajesh Sharma
56ae7c09-e8c,2024-05-09,Health Ins Co - Face-to-face systematic standardization,167.58,Insurance,credit,-37307.05,False,Health Ins Co,priya_singh,Priya Singh
9249b723-ebd,2024-05-09,Online Course - Distributed even-keeled algorithm,341.84,Education,checking,-53286.5,False,Online Course,priya_singh,Priya Singh
5aeeec4c-80d,2024-05-09,McDonald's - Total multi-state knowledgebase,202.67,Dining,credit,-43320.29,False,McDonald's,priya_singh,Priya Singh
db93de02-220,2024-05-09,Metro Transit - Down-sized regional help-desk,59.9,Transportation,credit,-39586.04,False,Metro Transit,tanishka_dhanwan,Tanishka Dhanwan
45e0fe77-182,2024-05-10,Trader Joe's - Down-sized scalable frame,230.46,Groceries,credit,3101.76,False,Trader Joe's,priya_singh,Priya Singh
15f59e21-5e6,2024-05-10,AMC Theaters - Re-contextualized homogeneous protocol,338.55,Entertainment,savings,-15333.61,False,AMC Theaters,tanishka_dhanwan,Tanishka Dhanwan
51faf8f2-bd7,2024-05-10,Spotify - Persistent well-modulated model,249.25,Entertainment,checking,-1508.15,False,Spotify,tanishka_dhanwan,Tanishka Dhanwan
52f95aa6-788,2024-05-10,Costco - Future-proofed discrete data-warehouse,238.44,Groceries,savings,-25611.79,False,Costco,tanishka_dhanwan,Tanishka Dhanwan
da28ea3c-535,2024-05-10,Starbucks - Fundamental cohesive strategy,262.73,Dining,credit,-12686.89,False,Starbucks,amit_kumar,Amit Kumar
5319c42f-9a1,2024-05-10,Costco - Grass-roots directional portal,314.13,Groceries,savings,30127.3,False,Costco,priya_singh,Priya Singh
42b64e90-60f,2024-05-10,Water Dept - Multi-tiered interactive data-warehouse,405.88,Utilities,checking,9451.17,False,Water Dept,amit_kumar,Amit Kumar
66d00fed-273,2024-05-10,City Hospital - Universal heuristic matrices,468.07,Healthcare,savings,-65588.4,False,City Hospital,rajesh_sharma,Rajesh Sharma
529a3c24-70f,2024-05-10,Payroll - Hill LLC,1864.25,Income,savings,-9618.68,True,Hill LLC,amit_kumar,Amit Kumar
94014954-1c5,2024-05-10,Local Bistro - Front-line demand-driven workforce,455.35,Dining,checking,-38608.32,False,Local Bistro,rajesh_sharma,Rajesh Sharma
5c0053ae-264,2024-05-10,Starbucks - Reactive cohesive installation,453.49,Dining,credit,-54700.07,False,Starbucks,rajesh_sharma,Rajesh Sharma
1fbe4961-2f1,2024-05-10,Best Buy - Switchable client-server hardware,190.72,Shopping,savings,-11111.77,False,Best Buy,rajesh_sharma,Rajesh Sharma
43c35a8f-255,2024-05-10,McDonald's - Pre-emptive system-worthy functionalities,495.64,Dining,savings,-17190.5,False,McDonald's,amit_kumar,Amit Kumar
ba99dc04-082,2024-05-10,Property Mgmt - Innovative intermediate installation,2184.46,Housing,savings,8930.17,False,Property Mgmt,amit_kumar,Amit Kumar
37afdaab-7b6,2024-05-10,Payroll - Thomas PLC,2066.78,Income,savings,-1832.64,True,Thomas PLC,priya_singh,Priya Singh
fb25d6a3-7a6,2024-05-11,"Payroll - Shaw, Jenkins and Payne",3275.08,Income,savings,-4277.72,True,"Shaw, Jenkins and Payne",priya_singh,Priya Singh
cd6da58c-341,2024-05-11,Rent Payment - Innovative directional framework,1615.02,Housing,savings,-26050.63,False,Rent Payment,rajesh_sharma,Rajesh Sharma
c53c7b86-4db,2024-05-11,CVS Pharmacy - Configurable heuristic open architecture,118.89,Healthcare,savings,-4208.22,False,CVS Pharmacy,tanishka_dhanwan,Tanishka Dhanwan
ff66675a-ca8,2024-05-11,Delta Airlines - Business-focused exuding budgetary management,61.37,Travel,credit,-70732.26,False,Delta Airlines,amit_kumar,Amit Kumar
0362db5a-cdd,2024-05-11,Internet Provider - Multi-tiered asymmetric task-force,104.79,Utilities,savings,-659.88,False,Internet Provider,priya_singh,Priya Singh
faedab5c-7b9,2024-05-11,"Payroll - Mitchell, Welch and Thomas",4351.08,Income,savings,35476.83,True,"Mitchell, Welch and Thomas",priya_singh,Priya Singh
49b236d5-1d9,2024-05-11,Electric Co - Down-sized impactful adapter,482.79,Utilities,checking,2408.04,False,Electric Co,priya_singh,Priya Singh
e8117da6-eee,2024-05-11,Starbucks - Ameliorated heuristic firmware,177.04,Dining,savings,12302.5,False,Starbucks,amit_kumar,Amit Kumar
0b1e7f1d-dc6,2024-05-11,State Farm - Centralized even-keeled pricing structure,383.51,Insurance,checking,-23996.12,False,State Farm,tanishka_dhanwan,Tanishka Dhanwan
1f65e9f6-602,2024-05-11,Metro Transit - Programmable well-modulated analyzer,191.97,Transportation,checking,695.85,False,Metro Transit,amit_kumar,Amit Kumar
87e37f51-473,2024-05-11,Metro Transit - Digitized human-resource core,329.03,Transportation,credit,-44817.11,False,Metro Transit,rajesh_sharma,Rajesh Sharma
450c028e-3ec,2024-05-11,State Farm - Reactive transitional firmware,294.23,Insurance,savings,11598.97,False,State Farm,tanishka_dhanwan,Tanishka Dhanwan
95658c9d-b2e,2024-05-11,Marriott - Virtual analyzing challenge,328.9,Travel,credit,-34092.98,False,Marriott,tanishka_dhanwan,Tanishka Dhanwan
b81f8bed-a3e,2024-05-12,Gym Membership - De-engineered user-facing flexibility,210.16,Subscriptions,checking,-40678.86,False,Gym Membership,tanishka_dhanwan,Tanishka Dhanwan
4c384d5e-1c3,2024-05-12,Water Dept - Sharable radical archive,283.18,Utilities,savings,-55858.12,False,Water Dept,rajesh_sharma,Rajesh Sharma
0aaf138c-0fb,2024-05-12,Rent Payment - Universal web-enabled instruction set,1573.57,Housing,credit,-29360.25,False,Rent Payment,amit_kumar,Amit Kumar
9a1b8327-4f6,2024-05-12,"Payroll - Marshall, Dominguez and Welch",3964.86,Income,credit,-46411.99,True,"Marshall, Dominguez and Welch",rajesh_sharma,Rajesh Sharma
924534e1-8d6,2024-05-12,Electric Co - Expanded fresh-thinking orchestration,158.82,Utilities,savings,-33232.31,False,Electric Co,tanishka_dhanwan,Tanishka Dhanwan
02afba54-a1e,2024-05-12,Rent Payment - Exclusive 24hour circuit,1318.72,Housing,credit,-56520.27,False,Rent Payment,amit_kumar,Amit Kumar
4afeebcd-e78,2024-05-12,Whole Foods - Optional disintermediate open architecture,174.4,Groceries,credit,-10752.67,False,Whole Foods,tanishka_dhanwan,Tanishka Dhanwan
3aebeb66-528,2024-05-12,Health Ins Co - Public-key clear-thinking implementation,192.65,Insurance,savings,-20476.13,False,Health Ins Co,tanishka_dhanwan,Tanishka Dhanwan
f8c136b1-168,2024-05-12,Payroll - Johnston-Castaneda,3901.0,Income,savings,-27902.97,True,Johnston-Castaneda,tanishka_dhanwan,Tanishka Dhanwan
d5660867-504,2024-05-12,Best Buy - Persevering web-enabled budgetary management,125.02,Shopping,credit,-25471.05,False,Best Buy,amit_kumar,Amit Kumar
72ac4170-968,2024-05-12,Property Mgmt - Compatible secondary array,1496.32,Housing,credit,-48475.16,False,Property Mgmt,rajesh_sharma,Rajesh Sharma
80cbc431-209,2024-05-13,Student Loan - Triple-buffered explicit frame,228.49,Debt Payment,credit,-64890.39,False,Student Loan,rajesh_sharma,Rajesh Sharma
8e38c90c-934,2024-05-13,McDonald's - Optional responsive interface,121.75,Dining,savings,18181.11,False,McDonald's,amit_kumar,Amit Kumar
ec8bc844-5ab,2024-05-13,HOA Fees - Down-sized systemic function,1100.85,Housing,savings,-4120.77,False,HOA Fees,tanishka_dhanwan,Tanishka Dhanwan
d9f658be-2c6,2024-05-13,HOA Fees - Visionary optimal emulation,1802.66,Housing,credit,-82208.06,False,HOA Fees,rajesh_sharma,Rajesh Sharma
fa71bf31-91a,2024-05-13,Internet Provider - Re-engineered user-facing ability,341.17,Utilities,checking,-5458.64,False,Internet Provider,amit_kumar,Amit Kumar
7f7282cb-b01,2024-05-13,Property Mgmt - Cross-group exuding service-desk,933.61,Housing,savings,-9328.75,False,Property Mgmt,amit_kumar,Amit Kumar
515c7a15-23b,2024-05-13,Starbucks - User-friendly systemic collaboration,483.62,Dining,credit,-22612.28,False,Starbucks,priya_singh,Priya Singh
6444ac78-fbb,2024-05-13,Best Buy - Persevering stable parallelism,422.3,Shopping,checking,-6532.76,False,Best Buy,priya_singh,Priya Singh
35ebea16-342,2024-05-13,Expedia - Mandatory homogeneous attitude,167.03,Travel,savings,14610.93,False,Expedia,amit_kumar,Amit Kumar
5f706f45-b8b,2024-05-13,Walmart - Profit-focused asynchronous function,165.94,Groceries,checking,-24320.27,False,Walmart,rajesh_sharma,Rajesh Sharma
328c1c77-47c,2024-05-13,Shell Gas - Enhanced reciprocal solution,445.65,Transportation,savings,-5838.14,False,Shell Gas,priya_singh,Priya Singh
3498df02-92a,2024-05-13,Shell Gas - Distributed exuding concept,204.96,Transportation,credit,-52503.29,False,Shell Gas,rajesh_sharma,Rajesh Sharma
2706a9c3-078,2024-05-14,Starbucks - Function-based motivating access,493.15,Dining,credit,-40440.17,False,Starbucks,tanishka_dhanwan,Tanishka Dhanwan
6c072c9c-6db,2024-05-14,"Payroll - Walsh, Johns and Luna",1862.37,Income,savings,30079.58,True,"Walsh, Johns and Luna",priya_singh,Priya Singh
e0332b08-76e,2024-05-14,Student Loan - User-centric directional solution,257.01,Debt Payment,checking,2324.08,False,Student Loan,amit_kumar,Amit Kumar
c4a2eb62-f1e,2024-05-14,Local Bistro - Re-contextualized responsive Local Area Network,153.72,Dining,checking,541.05,False,Local Bistro,tanishka_dhanwan,Tanishka Dhanwan
330b3a2a-e9b,2024-05-14,McDonald's - Profound bi-directional database,314.68,Dining,checking,-49796.36,False,McDonald's,priya_singh,Priya Singh
53a5ce51-069,2024-05-14,Rent Payment - Configurable analyzing alliance,1033.6,Housing,credit,-41281.71,False,Rent Payment,amit_kumar,Amit Kumar
d60a987a-546,2024-05-14,HOA Fees - Reactive demand-driven encoding,1507.26,Housing,credit,-63382.26,False,HOA Fees,amit_kumar,Amit Kumar
c2f3fe85-173,2024-05-14,Electric Co - Centralized value-added archive,472.34,Utilities,credit,-15543.25,False,Electric Co,amit_kumar,Amit Kumar
210d5621-266,2024-05-14,Costco - Future-proofed asymmetric open system,71.78,Groceries,checking,9065.23,False,Costco,amit_kumar,Amit Kumar
25b3281d-3d0,2024-05-14,Electric Co - Integrated attitude-oriented framework,467.97,Utilities,savings,-12000.12,False,Electric Co,tanishka_dhanwan,Tanishka Dhanwan
5002454f-57f,2024-05-14,Costco - Adaptive real-time leverage,191.15,Groceries,credit,-39700.85,False,Costco,amit_kumar,Amit Kumar
02b52aaf-90c,2024-05-14,Shell Gas - Fully-configurable background focus group,196.56,Transportation,checking,-16462.35,False,Shell Gas,rajesh_sharma,Rajesh Sharma
88ba987a-831,2024-05-14,Property Mgmt - Pre-emptive transitional knowledgebase,953.63,Housing,savings,12922.34,False,Property Mgmt,amit_kumar,Amit Kumar
230bd480-2eb,2024-05-14,Parking Co - Phased optimizing adapter,29.75,Transportation,credit,3202.09,False,Parking Co,amit_kumar,Amit Kumar
a1deac69-fd0,2024-05-14,Local Bistro - Realigned reciprocal application,342.69,Dining,credit,-14382.22,False,Local Bistro,priya_singh,Priya Singh
6d5fe2cd-a40,2024-05-15,State Farm - Enterprise-wide heuristic encryption,143.68,Insurance,checking,10691.76,False,State Farm,tanishka_dhanwan,Tanishka Dhanwan
59e3a36d-fdf,2024-05-15,"Payroll - Henson, Russell and Oliver",3844.58,Income,checking,-6246.36,True,"Henson, Russell and Oliver",rajesh_sharma,Rajesh Sharma
38f9e996-0f4,2024-05-15,ATM Withdrawal - Profit-focused exuding Internet solution,319.6,Other,savings,11492.08,False,ATM Withdrawal,amit_kumar,Amit Kumar
521f3fb6-c68,2024-05-15,Spotify - Mandatory bifurcated frame,105.78,Entertainment,savings,15037.21,False,Spotify,rajesh_sharma,Rajesh Sharma
f1afc1be-bb4,2024-05-15,Adobe - Mandatory even-keeled collaboration,323.21,Subscriptions,credit,-3183.19,False,Adobe,rajesh_sharma,Rajesh Sharma
dfbdcfd2-fad,2024-05-15,Netflix - Diverse holistic function,171.2,Entertainment,credit,-55493.85,False,Netflix,rajesh_sharma,Rajesh Sharma
eb649d97-0aa,2024-05-15,Gym Membership - Face-to-face fresh-thinking help-desk,274.87,Subscriptions,checking,-69961.16,False,Gym Membership,priya_singh,Priya Singh
d10137de-511,2024-05-15,HOA Fees - Centralized 24hour database,1459.32,Housing,checking,-26330.27,False,HOA Fees,rajesh_sharma,Rajesh Sharma
69e81966-dcf,2024-05-15,Property Mgmt - Organized explicit firmware,1365.12,Housing,checking,-23971.67,False,Property Mgmt,priya_singh,Priya Singh
b479be15-ae4,2024-05-15,Dental Care - Customizable executive service-desk,463.16,Healthcare,checking,-26732.65,False,Dental Care,rajesh_sharma,Rajesh Sharma
291ad587-92c,2024-05-15,Delta Airlines - Monitored asymmetric encryption,40.23,Travel,credit,-7708.71,False,Delta Airlines,rajesh_sharma,Rajesh Sharma
23d67f62-095,2024-05-15,Health Ins Co - Extended global throughput,231.09,Insurance,checking,-27194.34,False,Health Ins Co,rajesh_sharma,Rajesh Sharma
7f118626-6a0,2024-05-15,Payroll - Mooney-Todd,2626.13,Income,savings,-14458.49,True,Mooney-Todd,amit_kumar,Amit Kumar
d55a7fcc-250,2024-05-15,Local Bistro - Devolved fresh-thinking secured line,106.68,Dining,credit,-53285.36,False,Local Bistro,amit_kumar,Amit Kumar
f26a2bf5-862,2024-05-15,Netflix - Public-key dedicated complexity,112.94,Entertainment,savings,-33572.81,False,Netflix,tanishka_dhanwan,Tanishka Dhanwan
e94ceb47-647,2024-05-15,Tuition - Robust encompassing database,275.02,Education,checking,-50489.37,False,Tuition,amit_kumar,Amit Kumar
159fd56b-dd0,2024-05-15,Starbucks - Customizable heuristic website,194.7,Dining,checking,-27650.46,False,Starbucks,tanishka_dhanwan,Tanishka Dhanwan
ee0a8dc6-661,2024-05-15,Metro Transit - Ameliorated coherent application,259.53,Transportation,credit,-54763.59,False,Metro Transit,priya_singh,Priya Singh
683c3f00-539,2024-05-15,"Payroll - Goodwin, Morton and Herrera",2177.39,Income,checking,-19114.02,True,"Goodwin, Morton and Herrera",tanishka_dhanwan,Tanishka Dhanwan
fca1dffb-786,2024-05-16,Health Ins Co - Re-engineered human-resource emulation,129.95,Insurance,checking,-6310.25,False,Health Ins Co,rajesh_sharma,Rajesh Sharma
49ff96ba-f61,2024-05-16,HOA Fees - Enhanced zero administration structure,1643.64,Housing,checking,-51605.38,False,HOA Fees,priya_singh,Priya Singh
1a24960f-c47,2024-05-16,Dental Care - Synchronized fault-tolerant complexity,77.57,Healthcare,credit,-83325.9,False,Dental Care,priya_singh,Priya Singh
b1722226-874,2024-05-16,CVS Pharmacy - Open-architected responsive hub,222.22,Healthcare,credit,-50183.05,False,CVS Pharmacy,tanishka_dhanwan,Tanishka Dhanwan
11c1cb0e-d74,2024-05-16,Best Buy - Progressive 24/7 hierarchy,386.2,Shopping,savings,-56244.32,False,Best Buy,rajesh_sharma,Rajesh Sharma
b81e67fd-22d,2024-05-16,Student Loan - Devolved tertiary initiative,64.49,Debt Payment,credit,-83774.8,False,Student Loan,priya_singh,Priya Singh
6cb85451-bb0,2024-05-16,Misc Purchase - Synergized tertiary help-desk,463.09,Other,credit,-39091.77,False,Misc Purchase,amit_kumar,Amit Kumar
fd140521-6e6,2024-05-16,HOA Fees - Robust local concept,1223.57,Housing,checking,-49957.66,False,HOA Fees,amit_kumar,Amit Kumar
7edd1b9b-09b,2024-05-16,Amazon - Optimized incremental attitude,296.31,Shopping,checking,47.61,False,Amazon,amit_kumar,Amit Kumar
1202dd55-522,2024-05-16,"Payroll - Pierce, Jones and Zimmerman",1607.06,Income,checking,-4460.78,True,"Pierce, Jones and Zimmerman",priya_singh,Priya Singh
c5cab731-784,2024-05-16,Spotify - Stand-alone 3rdgeneration circuit,367.07,Entertainment,savings,-4875.51,False,Spotify,priya_singh,Priya Singh
e5ea8c50-b01,2024-05-16,Internet Provider - Team-oriented systemic product,32.66,Utilities,savings,12966.04,False,Internet Provider,priya_singh,Priya Singh
033f4e8d-cc4,2024-05-16,Payroll - Brown-Davidson,4379.4,Income,savings,21220.08,True,Brown-Davidson,amit_kumar,Amit Kumar
5f9a7ced-26f,2024-05-16,Best Buy - Team-oriented coherent moratorium,210.4,Shopping,checking,-9263.46,False,Best Buy,rajesh_sharma,Rajesh Sharma
eb10559f-02e,2024-05-17,HOA Fees - Function-based optimizing approach,2091.35,Housing,savings,7953.38,False,HOA Fees,amit_kumar,Amit Kumar
b30e02f3-118,2024-05-17,CVS Pharmacy - Diverse 3rdgeneration matrix,121.72,Healthcare,checking,-69102.81,False,CVS Pharmacy,priya_singh,Priya Singh
66eeeb74-fc1,2024-05-17,Expedia - Versatile bifurcated success,400.23,Travel,savings,-20431.34,False,Expedia,tanishka_dhanwan,Tanishka Dhanwan
4fbe7332-842,2024-05-17,Bookstore - Realigned even-keeled matrices,131.15,Education,credit,-42004.59,False,Bookstore,tanishka_dhanwan,Tanishka Dhanwan
46efd606-019,2024-05-17,Costco - Secured mobile approach,45.75,Groceries,credit,-77882.68,False,Costco,amit_kumar,Amit Kumar
0f5c9962-dac,2024-05-17,City Hospital - Robust 24/7 productivity,492.61,Healthcare,credit,-64542.45,False,City Hospital,priya_singh,Priya Singh
e0a49c2d-539,2024-05-17,Chipotle - Enhanced leadingedge architecture,297.43,Dining,savings,-8111.65,False,Chipotle,priya_singh,Priya Singh
3f6a5c19-e62,2024-05-17,HOA Fees - Versatile 24/7 portal,854.62,Housing,credit,-78403.38,False,HOA Fees,amit_kumar,Amit Kumar
af0b4323-12b,2024-05-17,Adobe - Function-based scalable emulation,314.84,Subscriptions,savings,-26164.92,False,Adobe,tanishka_dhanwan,Tanishka Dhanwan
cc63dbbe-bc8,2024-05-17,Misc Purchase - Stand-alone 5thgeneration customer loyalty,356.68,Other,credit,-6172.9,False,Misc Purchase,amit_kumar,Amit Kumar
af31ac06-074,2024-05-17,Starbucks - Cloned zero tolerance capacity,233.6,Dining,checking,-435.11,False,Starbucks,amit_kumar,Amit Kumar
44b42ec9-9b0,2024-05-17,Water Dept - Triple-buffered 5thgeneration secured line,374.5,Utilities,savings,-15313.81,False,Water Dept,priya_singh,Priya Singh
204b9d5b-2a2,2024-05-17,Costco - Multi-lateral background Internet solution,122.6,Groceries,savings,-12909.79,False,Costco,rajesh_sharma,Rajesh Sharma
b267096f-cd6,2024-05-17,ATM Withdrawal - Phased 4thgeneration process improvement,413.3,Other,credit,-54824.57,False,ATM Withdrawal,rajesh_sharma,Rajesh Sharma
b6ed1a8d-567,2024-05-17,AMC Theaters - Object-based fault-tolerant synergy,388.15,Entertainment,checking,-28877.19,False,AMC Theaters,rajesh_sharma,Rajesh Sharma
69d49258-c72,2024-05-17,Chipotle - Assimilated 6thgeneration Graphic Interface,73.73,Dining,credit,-49568.39,False,Chipotle,rajesh_sharma,Rajesh Sharma
5f235814-6f5,2024-05-17,Trader Joe's - Devolved well-modulated extranet,235.2,Groceries,checking,-26754.13,False,Trader Joe's,rajesh_sharma,Rajesh Sharma
89186a99-843,2024-05-17,Electric Co - Total uniform approach,464.95,Utilities,savings,15790.41,False,Electric Co,priya_singh,Priya Singh
f3b7038f-ff8,2024-05-17,Starbucks - Advanced holistic customer loyalty,120.7,Dining,checking,-54456.35,False,Starbucks,rajesh_sharma,Rajesh Sharma
7d260480-717,2024-05-17,Payroll - Hughes-Hardin,2322.81,Income,savings,25141.53,True,Hughes-Hardin,priya_singh,Priya Singh
9e1d2475-3fb,2024-05-18,Spotify - Devolved bi-directional Graphic Interface,324.94,Entertainment,checking,4430.45,False,Spotify,tanishka_dhanwan,Tanishka Dhanwan
47940d35-ed1,2024-05-18,HOA Fees - Compatible leadingedge task-force,1601.89,Housing,checking,-9257.25,False,HOA Fees,tanishka_dhanwan,Tanishka Dhanwan
ba7a3787-532,2024-05-18,Shell Gas - Focused well-modulated middleware,252.02,Transportation,savings,-17521.67,False,Shell Gas,tanishka_dhanwan,Tanishka Dhanwan
550c8b2d-d26,2024-05-18,Electric Co - Optimized multimedia Graphic Interface,207.25,Utilities,checking,-33465.83,False,Electric Co,rajesh_sharma,Rajesh Sharma
a12196fc-83c,2024-05-18,AMC Theaters - Reverse-engineered even-keeled workforce,85.88,Entertainment,credit,-2694.46,False,AMC Theaters,rajesh_sharma,Rajesh Sharma
f89de380-9c9,2024-05-18,Payroll - Hahn Group,2777.71,Income,credit,-61083.76,True,Hahn Group,rajesh_sharma,Rajesh Sharma
d091d533-ced,2024-05-19,Water Dept - Upgradable needs-based task-force,34.79,Utilities,savings,-61391.72,False,Water Dept,rajesh_sharma,Rajesh Sharma
c997b280-e01,2024-05-19,Payroll - Miller-Davis,2932.22,Income,credit,-67217.13,True,Miller-Davis,amit_kumar,Amit Kumar
4739a501-dca,2024-05-19,Walmart - Persevering eco-centric data-warehouse,49.04,Groceries,credit,1038.68,False,Walmart,priya_singh,Priya Singh
439d67db-a77,2024-05-19,Parking Co - Profit-focused 5thgeneration workforce,23.63,Transportation,savings,14998.99,False,Parking Co,amit_kumar,Amit Kumar
a7362eb7-24f,2024-05-19,Credit Card Payment - Fundamental zero tolerance utilization,426.27,Debt Payment,credit,-38066.86,False,Credit Card Payment,rajesh_sharma,Rajesh Sharma
94e98fcf-4c7,2024-05-19,Chipotle - Monitored national interface,391.52,Dining,credit,-31627.02,False,Chipotle,rajesh_sharma,Rajesh Sharma
baa82b43-eba,2024-05-19,State Farm - Expanded systemic instruction set,360.82,Insurance,checking,8056.01,False,State Farm,tanishka_dhanwan,Tanishka Dhanwan
d8869462-ebe,2024-05-19,Property Mgmt - Function-based context-sensitive budgetary management,1269.02,Housing,savings,-9778.91,False,Property Mgmt,rajesh_sharma,Rajesh Sharma
8dc76157-8ea,2024-05-19,Tuition - Public-key hybrid definition,316.04,Education,checking,-54097.72,False,Tuition,tanishka_dhanwan,Tanishka Dhanwan
7e59d11c-0c9,2024-05-19,Costco - Devolved optimizing implementation,404.58,Groceries,checking,-30730.93,False,Costco,tanishka_dhanwan,Tanishka Dhanwan
50e4d99b-598,2024-05-19,Rent Payment - Adaptive well-modulated moratorium,1116.34,Housing,savings,28472.39,False,Rent Payment,priya_singh,Priya Singh
e22fb734-1ab,2024-05-19,Online Course - Organized executive product,243.86,Education,checking,-52485.42,False,Online Course,priya_singh,Priya Singh
bf916fec-2c7,2024-05-19,Adobe - Future-proofed zero administration project,372.5,Subscriptions,checking,9071.61,False,Adobe,rajesh_sharma,Rajesh Sharma
7395a0dd-dcb,2024-05-20,Rent Payment - Universal user-facing projection,1544.6,Housing,savings,-66243.75,False,Rent Payment,rajesh_sharma,Rajesh Sharma
4f5b9ca3-f40,2024-05-20,Walmart - Robust bandwidth-monitored conglomeration,86.97,Groceries,credit,-36349.97,False,Walmart,priya_singh,Priya Singh
f2cff1e6-ab0,2024-05-20,McDonald's - Right-sized 6thgeneration process improvement,154.62,Dining,checking,-4956.64,False,McDonald's,rajesh_sharma,Rajesh Sharma
bf11ce71-501,2024-05-20,Student Loan - Synergistic zero administration solution,397.49,Debt Payment,checking,-17984.69,False,Student Loan,amit_kumar,Amit Kumar
00fa0001-bd3,2024-05-20,Parking Co - Seamless object-oriented initiative,381.56,Transportation,checking,-14587.81,False,Parking Co,priya_singh,Priya Singh
2f7ed97f-9c4,2024-05-20,State Farm - Universal solution-oriented groupware,347.8,Insurance,savings,-6051.09,False,State Farm,rajesh_sharma,Rajesh Sharma
7d00794f-bbc,2024-05-20,Delta Airlines - Progressive object-oriented process improvement,311.54,Travel,checking,-53583.07,False,Delta Airlines,priya_singh,Priya Singh
ad9e7681-107,2024-05-20,Misc Purchase - Proactive high-level alliance,417.97,Other,checking,1777.4,False,Misc Purchase,amit_kumar,Amit Kumar
eeb0c3ab-f0a,2024-05-20,Rent Payment - Automated 24/7 algorithm,1293.63,Housing,credit,-10124.75,False,Rent Payment,tanishka_dhanwan,Tanishka Dhanwan
56b60453-6e6,2024-05-20,Netflix - Integrated maximized matrix,419.57,Entertainment,savings,7583.83,False,Netflix,amit_kumar,Amit Kumar
a913abc3-3eb,2024-05-20,City Hospital - Adaptive scalable definition,266.25,Healthcare,checking,238.08,False,City Hospital,amit_kumar,Amit Kumar
710578b6-b69,2024-05-20,Local Bistro - Vision-oriented dedicated array,253.53,Dining,checking,-52035.61,False,Local Bistro,priya_singh,Priya Singh
4bc68994-946,2024-05-20,Netflix - Visionary zero administration architecture,78.02,Entertainment,checking,-57624.14,False,Netflix,tanishka_dhanwan,Tanishka Dhanwan
3c52c865-885,2024-05-21,AMC Theaters - Diverse homogeneous Local Area Network,287.72,Entertainment,savings,-27696.02,False,AMC Theaters,tanishka_dhanwan,Tanishka Dhanwan
01981bc6-d7a,2024-05-21,Costco - Multi-channeled client-driven Local Area Network,337.73,Groceries,credit,-34147.45,False,Costco,tanishka_dhanwan,Tanishka Dhanwan
880aa623-e52,2024-05-21,Netflix - Extended reciprocal project,70.82,Entertainment,checking,-60349.4,False,Netflix,priya_singh,Priya Singh
1a81623c-1d7,2024-05-21,Internet Provider - Seamless mission-critical core,160.88,Utilities,savings,-24435.61,False,Internet Provider,rajesh_sharma,Rajesh Sharma
df6212e6-20a,2024-05-21,Netflix - Programmable grid-enabled capacity,487.94,Entertainment,checking,-33238.08,False,Netflix,rajesh_sharma,Rajesh Sharma
a1395ed0-214,2024-05-21,"Payroll - Jones, Williams and Rodriguez",4110.35,Income,checking,343.92,True,"Jones, Williams and Rodriguez",amit_kumar,Amit Kumar
69f189cc-23a,2024-05-21,Whole Foods - Automated asynchronous secured line,85.17,Groceries,credit,-65075.66,False,Whole Foods,rajesh_sharma,Rajesh Sharma
892f17cc-a49,2024-05-21,Tuition - Versatile national ability,147.42,Education,checking,7051.76,False,Tuition,amit_kumar,Amit Kumar
b07accd9-0eb,2024-05-21,Credit Card Payment - Distributed grid-enabled middleware,37.72,Debt Payment,savings,-24951.65,False,Credit Card Payment,amit_kumar,Amit Kumar
250405d8-a0b,2024-05-21,Adobe - Compatible high-level alliance,29.5,Subscriptions,credit,-57956.62,False,Adobe,amit_kumar,Amit Kumar
36b34dc3-d1e,2024-05-21,Payroll - Valentine Inc,3948.91,Income,savings,18820.76,True,Valentine Inc,amit_kumar,Amit Kumar
42513e1d-5f1,2024-05-21,Gym Membership - Extended even-keeled conglomeration,331.43,Subscriptions,savings,-31340.48,False,Gym Membership,tanishka_dhanwan,Tanishka Dhanwan
674e4c97-e7f,2024-05-21,McDonald's - Phased modular conglomeration,280.26,Dining,checking,-65931.6,False,McDonald's,priya_singh,Priya Singh
cb53af02-64c,2024-05-21,ATM Withdrawal - Distributed bi-directional superstructure,425.58,Other,savings,-31009.05,False,ATM Withdrawal,tanishka_dhanwan,Tanishka Dhanwan
12912853-684,2024-05-21,Water Dept - Up-sized well-modulated budgetary management,104.27,Utilities,savings,-28010.99,False,Water Dept,rajesh_sharma,Rajesh Sharma
619f6cce-f52,2024-05-21,Gym Membership - Up-sized mobile protocol,51.13,Subscriptions,checking,-56965.91,False,Gym Membership,priya_singh,Priya Singh
9c581dba-7b0,2024-05-21,Whole Foods - User-centric dedicated encoding,90.43,Groceries,credit,-40230.91,False,Whole Foods,priya_singh,Priya Singh
b73cda05-75c,2024-05-21,Target - Grass-roots optimal capability,384.72,Shopping,credit,-59547.14,False,Target,priya_singh,Priya Singh
70db724a-dcb,2024-05-22,Internet Provider - Reverse-engineered transitional customer loyalty,415.74,Utilities,checking,-49505.26,False,Internet Provider,priya_singh,Priya Singh
1b8f4d87-988,2024-05-22,Local Bistro - Digitized mobile projection,90.21,Dining,credit,-66267.56,False,Local Bistro,priya_singh,Priya Singh
99bfa412-b61,2024-05-22,Tuition - Networked zero administration focus group,279.57,Education,credit,-67050.51,False,Tuition,amit_kumar,Amit Kumar
a6bc0b0e-14c,2024-05-22,Gym Membership - Pre-emptive eco-centric hierarchy,428.41,Subscriptions,checking,-2452.59,False,Gym Membership,tanishka_dhanwan,Tanishka Dhanwan
023be7b9-42d,2024-05-22,Spotify - Multi-tiered solution-oriented complexity,115.55,Entertainment,checking,-44405.09,False,Spotify,amit_kumar,Amit Kumar
fadc6e1a-c56,2024-05-22,Student Loan - Multi-layered tertiary approach,306.78,Debt Payment,credit,-59620.34,False,Student Loan,priya_singh,Priya Singh
2ee3600e-b01,2024-05-22,CVS Pharmacy - Integrated 6thgeneration software,212.22,Healthcare,credit,-57785.59,False,CVS Pharmacy,priya_singh,Priya Singh
7f916ff4-ada,2024-05-22,Misc Purchase - Persevering mobile algorithm,25.31,Other,savings,-2151.82,False,Misc Purchase,priya_singh,Priya Singh
ca6a95c0-ff3,2024-05-22,State Farm - Managed dynamic capacity,271.14,Insurance,credit,-53098.81,False,State Farm,rajesh_sharma,Rajesh Sharma
50c7fa28-5e7,2024-05-22,Best Buy - Visionary hybrid moderator,212.0,Shopping,credit,-50839.36,False,Best Buy,priya_singh,Priya Singh
3486e04c-818,2024-05-22,AMC Theaters - Pre-emptive well-modulated budgetary management,455.45,Entertainment,savings,12604.88,False,AMC Theaters,amit_kumar,Amit Kumar
afcff263-52b,2024-05-22,"Payroll - Huffman, Lara and Smith",4391.73,Income,credit,-36931.66,True,"Huffman, Lara and Smith",tanishka_dhanwan,Tanishka Dhanwan
9b11b412-0ce,2024-05-22,CVS Pharmacy - Optimized coherent secured line,192.52,Healthcare,checking,4807.48,False,CVS Pharmacy,tanishka_dhanwan,Tanishka Dhanwan
677e3e09-c9c,2024-05-22,Costco - Implemented stable monitoring,227.56,Groceries,savings,-16221.08,False,Costco,amit_kumar,Amit Kumar
0413e6eb-eef,2024-05-23,Spotify - Profound systemic service-desk,260.71,Entertainment,credit,-75703.04,False,Spotify,amit_kumar,Amit Kumar
a7aeaa02-cad,2024-05-23,Online Course - Diverse content-based throughput,41.74,Education,credit,-50716.41,False,Online Course,tanishka_dhanwan,Tanishka Dhanwan
d65a9286-466,2024-05-23,"Payroll - Figueroa, Wilson and Gibson",3797.07,Income,credit,-274.11,True,"Figueroa, Wilson and Gibson",tanishka_dhanwan,Tanishka Dhanwan
e56cfd74-720,2024-05-23,Adobe - Configurable systemic protocol,180.03,Subscriptions,savings,-25292.95,False,Adobe,rajesh_sharma,Rajesh Sharma
6ed39190-748,2024-05-23,HOA Fees - Stand-alone high-level hierarchy,907.92,Housing,checking,-34832.43,False,HOA Fees,rajesh_sharma,Rajesh Sharma
adc08f8e-18a,2024-05-23,Electric Co - Distributed client-driven customer loyalty,258.06,Utilities,savings,15888.69,False,Electric Co,priya_singh,Priya Singh
a56b3d51-23b,2024-05-23,Gym Membership - Multi-tiered neutral implementation,159.71,Subscriptions,credit,-54095.09,False,Gym Membership,priya_singh,Priya Singh
a914bb17-057,2024-05-23,Misc Purchase - Focused 6thgeneration secured line,122.92,Other,savings,22818.72,False,Misc Purchase,priya_singh,Priya Singh
17094584-076,2024-05-23,Parking Co - Virtual bottom-line function,23.45,Transportation,credit,-61261.04,False,Parking Co,amit_kumar,Amit Kumar
35f851a2-664,2024-05-23,Parking Co - Extended radical matrix,287.47,Transportation,checking,-62436.68,False,Parking Co,tanishka_dhanwan,Tanishka Dhanwan
9cd859b9-d34,2024-05-23,Electric Co - Synchronized global model,151.33,Utilities,checking,-10410.31,False,Electric Co,priya_singh,Priya Singh
89621852-af9,2024-05-24,Property Mgmt - De-engineered tangible service-desk,2103.96,Housing,credit,502.12,False,Property Mgmt,tanishka_dhanwan,Tanishka Dhanwan
40926e58-742,2024-05-24,Starbucks - Synchronized tangible support,449.82,Dining,credit,-49813.32,False,Starbucks,rajesh_sharma,Rajesh Sharma
5b30e228-6b5,2024-05-24,Amazon - Pre-emptive well-modulated collaboration,310.05,Shopping,savings,19468.04,False,Amazon,amit_kumar,Amit Kumar
1d18f99b-bf3,2024-05-24,Rent Payment - De-engineered bi-directional info-mediaries,971.76,Housing,credit,-17809.51,False,Rent Payment,priya_singh,Priya Singh
f07fecd5-a32,2024-05-24,"Payroll - Brown, Mcknight and Michael",2103.56,Income,checking,-31681.59,True,"Brown, Mcknight and Michael",rajesh_sharma,Rajesh Sharma
500909fe-46e,2024-05-24,Whole Foods - Innovative explicit matrix,112.39,Groceries,savings,11840.07,False,Whole Foods,amit_kumar,Amit Kumar
6f983264-2a2,2024-05-24,Rent Payment - Intuitive object-oriented policy,1470.11,Housing,savings,-29763.11,False,Rent Payment,rajesh_sharma,Rajesh Sharma
9503e6a3-4b8,2024-05-24,McDonald's - Triple-buffered hybrid support,245.03,Dining,credit,-35932.07,False,McDonald's,priya_singh,Priya Singh
5b263887-dad,2024-05-24,Electric Co - Reverse-engineered well-modulated moderator,179.68,Utilities,savings,-958.54,False,Electric Co,rajesh_sharma,Rajesh Sharma
bead1126-75d,2024-05-24,Rent Payment - Robust tangible challenge,954.19,Housing,credit,-8329.73,False,Rent Payment,priya_singh,Priya Singh
ddf4cc92-c53,2024-05-24,HOA Fees - Intuitive fault-tolerant middleware,1579.57,Housing,credit,-71265.37,False,HOA Fees,amit_kumar,Amit Kumar
9e345284-221,2024-05-25,AMC Theaters - Advanced asymmetric info-mediaries,465.66,Entertainment,credit,-65026.77,False,AMC Theaters,priya_singh,Priya Singh
0e3c9c5b-297,2024-05-25,"Payroll - White, Burch and Reynolds",1770.5,Income,credit,-52121.02,True,"White, Burch and Reynolds",rajesh_sharma,Rajesh Sharma
f4debab0-523,2024-05-25,Payroll - Hancock Group,1913.16,Income,checking,-6634.72,True,Hancock Group,priya_singh,Priya Singh
7e39cf5e-c47,2024-05-25,Dental Care - Open-architected optimizing analyzer,344.36,Healthcare,credit,-34895.9,False,Dental Care,amit_kumar,Amit Kumar
e42e06d6-c30,2024-05-25,Payroll - White-Adkins,2658.61,Income,credit,-39485.17,True,White-Adkins,tanishka_dhanwan,Tanishka Dhanwan
ac662d1b-992,2024-05-25,Water Dept - Devolved optimizing policy,54.68,Utilities,savings,26252.19,False,Water Dept,amit_kumar,Amit Kumar
04f31303-2fc,2024-05-25,Costco - Quality-focused empowering protocol,234.51,Groceries,credit,3651.53,False,Costco,priya_singh,Priya Singh
229350e2-13a,2024-05-25,"Payroll - Gallegos, Herman and Bailey",2077.92,Income,credit,-35335.95,True,"Gallegos, Herman and Bailey",priya_singh,Priya Singh
a62ba349-ca1,2024-05-25,HOA Fees - Automated system-worthy hub,1640.01,Housing,checking,-22062.0,False,HOA Fees,rajesh_sharma,Rajesh Sharma
b1237b63-1ad,2024-05-25,Local Bistro - Exclusive cohesive portal,496.63,Dining,savings,11214.09,False,Local Bistro,amit_kumar,Amit Kumar
f6256b83-926,2024-05-25,"Payroll - Carlson, Thompson and Mcgee",3997.01,Income,checking,-39652.32,True,"Carlson, Thompson and Mcgee",amit_kumar,Amit Kumar
f23d193d-30e,2024-05-25,Bookstore - Customer-focused global database,304.5,Education,checking,-1064.96,False,Bookstore,tanishka_dhanwan,Tanishka Dhanwan
5509c673-16c,2024-05-25,Shell Gas - Monitored tertiary architecture,120.09,Transportation,savings,-15570.43,False,Shell Gas,rajesh_sharma,Rajesh Sharma
d885e51b-d83,2024-05-25,Whole Foods - Compatible context-sensitive throughput,416.28,Groceries,checking,-26437.23,False,Whole Foods,rajesh_sharma,Rajesh Sharma
418413a5-3ff,2024-05-25,Shell Gas - Seamless uniform middleware,175.86,Transportation,savings,8726.99,False,Shell Gas,rajesh_sharma,Rajesh Sharma
1163cd4d-f0f,2024-05-25,Shell Gas - Extended clear-thinking help-desk,330.34,Transportation,checking,-70291.7,False,Shell Gas,priya_singh,Priya Singh
dedb8a2d-9e8,2024-05-25,Amazon - Multi-lateral client-driven intranet,92.19,Shopping,checking,4806.75,False,Amazon,amit_kumar,Amit Kumar
f0344bb1-ea8,2024-05-25,Payroll - Watts-Conner,3908.12,Income,savings,-6320.74,True,Watts-Conner,tanishka_dhanwan,Tanishka Dhanwan
302e4824-447,2024-05-25,Property Mgmt - Automated background approach,2075.88,Housing,credit,-85091.34,False,Property Mgmt,rajesh_sharma,Rajesh Sharma
de23efed-e24,2024-05-26,Whole Foods - Diverse encompassing array,249.25,Groceries,checking,7688.93,False,Whole Foods,tanishka_dhanwan,Tanishka Dhanwan
c86c606f-db3,2024-05-26,Payroll - Williams-Turner,3603.6,Income,credit,-5549.11,True,Williams-Turner,amit_kumar,Amit Kumar
f48bc155-125,2024-05-26,HOA Fees - Business-focused background function,1190.32,Housing,checking,-59809.81,False,HOA Fees,tanishka_dhanwan,Tanishka Dhanwan
210f65a3-29d,2024-05-26,Whole Foods - Team-oriented executive extranet,424.99,Groceries,credit,-57065.67,False,Whole Foods,priya_singh,Priya Singh
1552e885-e44,2024-05-26,Water Dept - Fundamental regional collaboration,204.96,Utilities,credit,-51044.32,False,Water Dept,priya_singh,Priya Singh
c4a1a501-235,2024-05-26,Cloud Storage - Optimized neutral architecture,199.35,Subscriptions,savings,-859.23,False,Cloud Storage,priya_singh,Priya Singh
1872bcf8-5d3,2024-05-26,Health Ins Co - Phased maximized focus group,37.1,Insurance,savings,-8754.53,False,Health Ins Co,priya_singh,Priya Singh
da9e283f-fe9,2024-05-26,Netflix - Upgradable full-range Graphical User Interface,25.38,Entertainment,checking,-20388.2,False,Netflix,amit_kumar,Amit Kumar
9466ae8f-2e8,2024-05-26,"Payroll - Cooper, Medina and Kim",2672.24,Income,checking,-59077.28,True,"Cooper, Medina and Kim",tanishka_dhanwan,Tanishka Dhanwan
b0a96916-3c9,2024-05-26,Water Dept - Reactive contextually-based adapter,357.9,Utilities,checking,7738.08,False,Water Dept,amit_kumar,Amit Kumar
b886895c-ee7,2024-05-26,Chipotle - Function-based regional migration,156.22,Dining,checking,8095.98,False,Chipotle,amit_kumar,Amit Kumar
7aec82fb-479,2024-05-27,Property Mgmt - Mandatory demand-driven software,1376.3,Housing,savings,13494.53,False,Property Mgmt,rajesh_sharma,Rajesh Sharma
63e568b9-fc2,2024-05-27,Misc Purchase - Enterprise-wide mobile productivity,42.28,Other,savings,-53635.35,False,Misc Purchase,rajesh_sharma,Rajesh Sharma
81eb2f9c-aa7,2024-05-27,McDonald's - Exclusive systematic strategy,168.05,Dining,savings,-27838.54,False,McDonald's,tanishka_dhanwan,Tanishka Dhanwan
fca3638a-4e1,2024-05-27,Gym Membership - Robust 6thgeneration time-frame,259.91,Subscriptions,savings,-28224.76,False,Gym Membership,tanishka_dhanwan,Tanishka Dhanwan
3854191e-681,2024-05-27,HOA Fees - Exclusive scalable array,1846.91,Housing,checking,-32805.46,False,HOA Fees,tanishka_dhanwan,Tanishka Dhanwan
f0210949-ba1,2024-05-27,CVS Pharmacy - Synergized web-enabled initiative,114.96,Healthcare,credit,-59840.64,False,CVS Pharmacy,amit_kumar,Amit Kumar
61b5a0b8-a3b,2024-05-27,AMC Theaters - Exclusive optimizing moratorium,210.73,Entertainment,credit,-61857.07,False,AMC Theaters,rajesh_sharma,Rajesh Sharma
d40578c8-f9b,2024-05-27,Payroll - Benjamin-Jackson,4114.42,Income,savings,17928.97,True,Benjamin-Jackson,priya_singh,Priya Singh
fd5de6c3-237,2024-05-27,Payroll - Morris Ltd,3557.32,Income,savings,-33537.72,True,Morris Ltd,tanishka_dhanwan,Tanishka Dhanwan
39be70cf-656,2024-05-27,State Farm - Profit-focused empowering capacity,149.17,Insurance,savings,12734.22,False,State Farm,rajesh_sharma,Rajesh Sharma
996ba923-5a5,2024-05-27,Metro Transit - Ergonomic fresh-thinking migration,484.24,Transportation,checking,-7922.26,False,Metro Transit,priya_singh,Priya Singh
f22c90d2-2ea,2024-05-27,Water Dept - Inverse dynamic task-force,473.3,Utilities,checking,-40185.42,False,Water Dept,rajesh_sharma,Rajesh Sharma
2078fe81-1f2,2024-05-27,Metro Transit - Reverse-engineered interactive function,242.5,Transportation,checking,-16538.69,False,Metro Transit,rajesh_sharma,Rajesh Sharma
08f15efb-16c,2024-05-27,AMC Theaters - Integrated discrete definition,449.96,Entertainment,savings,11990.08,False,AMC Theaters,rajesh_sharma,Rajesh Sharma
407f7208-fe2,2024-05-27,Starbucks - Total human-resource methodology,458.34,Dining,credit,-21027.06,False,Starbucks,rajesh_sharma,Rajesh Sharma
93d3ecd9-18a,2024-05-27,"Payroll - Sanders, Lewis and Reyes",4447.7,Income,checking,2773.96,True,"Sanders, Lewis and Reyes",amit_kumar,Amit Kumar
25c25c10-8dd,2024-05-27,Student Loan - Progressive client-driven info-mediaries,420.78,Debt Payment,credit,-71883.15,False,Student Loan,rajesh_sharma,Rajesh Sharma
ed3bd492-438,2024-05-27,Metro Transit - User-centric demand-driven solution,389.14,Transportation,savings,-4597.36,False,Metro Transit,tanishka_dhanwan,Tanishka Dhanwan
f6044563-1f3,2024-05-28,Rent Payment - Vision-oriented incremental service-desk,902.42,Housing,checking,-25706.73,False,Rent Payment,tanishka_dhanwan,Tanishka Dhanwan
fbe3139f-74e,2024-05-28,Chipotle - Grass-roots actuating core,208.54,Dining,credit,-70017.92,False,Chipotle,priya_singh,Priya Singh
7b4c6e92-e71,2024-05-28,CVS Pharmacy - Managed even-keeled knowledgebase,336.19,Healthcare,credit,-34606.63,False,CVS Pharmacy,tanishka_dhanwan,Tanishka Dhanwan
78857973-8d1,2024-05-28,Misc Purchase - Object-based didactic data-warehouse,404.44,Other,savings,-20880.57,False,Misc Purchase,tanishka_dhanwan,Tanishka Dhanwan
13b0b7a3-64b,2024-05-28,Netflix - Total user-facing time-frame,218.87,Entertainment,savings,12522.2,False,Netflix,priya_singh,Priya Singh
b2992cc4-56f,2024-05-28,Electric Co - Digitized object-oriented product,397.27,Utilities,credit,-69518.42,False,Electric Co,rajesh_sharma,Rajesh Sharma
7deaec59-cab,2024-05-28,Property Mgmt - Ergonomic uniform workforce,1708.34,Housing,savings,-9950.25,False,Property Mgmt,tanishka_dhanwan,Tanishka Dhanwan
2311c598-364,2024-05-28,Cloud Storage - Object-based uniform challenge,121.44,Subscriptions,checking,1990.33,False,Cloud Storage,amit_kumar,Amit Kumar
32a41b6a-bf2,2024-05-28,Whole Foods - Phased static help-desk,271.86,Groceries,savings,17936.64,False,Whole Foods,priya_singh,Priya Singh
858096d5-b7d,2024-05-28,Property Mgmt - Extended well-modulated Internet solution,1508.65,Housing,credit,-39421.82,False,Property Mgmt,tanishka_dhanwan,Tanishka Dhanwan
ee577bde-7c8,2024-05-28,Target - Streamlined actuating Graphic Interface,62.27,Shopping,checking,932.85,False,Target,amit_kumar,Amit Kumar
87b74f18-93d,2024-05-28,Health Ins Co - Face-to-face systematic success,88.35,Insurance,savings,-5851.0,False,Health Ins Co,rajesh_sharma,Rajesh Sharma
af0a95ac-595,2024-05-28,"Payroll - Spencer, Ryan and Harrison",2079.75,Income,credit,456.76,True,"Spencer, Ryan and Harrison",amit_kumar,Amit Kumar
b2201ff7-1ac,2024-05-28,Health Ins Co - Fundamental composite success,371.65,Insurance,savings,29285.64,False,Health Ins Co,priya_singh,Priya Singh
0eca373e-049,2024-05-28,ATM Withdrawal - Mandatory secondary benchmark,224.76,Other,credit,-58492.3,False,ATM Withdrawal,rajesh_sharma,Rajesh Sharma
d0b76e6d-4fd,2024-05-28,Internet Provider - Team-oriented leadingedge hardware,387.21,Utilities,checking,-33231.55,False,Internet Provider,rajesh_sharma,Rajesh Sharma
90a9cbb4-c03,2024-05-28,Property Mgmt - Robust cohesive utilization,1534.29,Housing,credit,-77026.84,False,Property Mgmt,priya_singh,Priya Singh
1bfa125f-fd1,2024-05-29,Payroll - Mason Group,2640.1,Income,credit,-62830.69,True,Mason Group,priya_singh,Priya Singh
acb3bed0-b49,2024-05-29,Payroll - Walker PLC,2012.5,Income,checking,-24870.95,True,Walker PLC,rajesh_sharma,Rajesh Sharma
a3cbfa52-028,2024-05-29,AMC Theaters - Advanced zero administration software,190.03,Entertainment,savings,-25141.68,False,AMC Theaters,amit_kumar,Amit Kumar
abee922a-752,2024-05-29,City Hospital - Assimilated multi-tasking functionalities,268.94,Healthcare,savings,8375.44,False,City Hospital,amit_kumar,Amit Kumar
1864abb9-3c2,2024-05-29,Trader Joe's - Organic 6thgeneration emulation,72.06,Groceries,credit,-65756.57,False,Trader Joe's,priya_singh,Priya Singh
175e16a9-5c7,2024-05-29,Internet Provider - Horizontal attitude-oriented task-force,173.97,Utilities,checking,-26348.78,False,Internet Provider,rajesh_sharma,Rajesh Sharma
d82e5f43-7ce,2024-05-29,Shell Gas - Innovative encompassing methodology,212.96,Transportation,credit,-60759.03,False,Shell Gas,rajesh_sharma,Rajesh Sharma
ad909e28-7ea,2024-05-29,Student Loan - Exclusive exuding artificial intelligence,332.65,Debt Payment,savings,17159.81,False,Student Loan,amit_kumar,Amit Kumar
3f479a94-dda,2024-05-29,Property Mgmt - Team-oriented full-range paradigm,1600.64,Housing,credit,-50581.38,False,Property Mgmt,amit_kumar,Amit Kumar
c5244b92-3c3,2024-05-30,Delta Airlines - Automated interactive moderator,404.5,Travel,checking,-69230.87,False,Delta Airlines,priya_singh,Priya Singh
4b7b3968-b3d,2024-05-30,"Payroll - Clark, Goodman and Hale",4254.87,Income,savings,-13967.52,True,"Clark, Goodman and Hale",amit_kumar,Amit Kumar
d1320c70-d70,2024-05-30,ATM Withdrawal - Horizontal bifurcated leverage,203.42,Other,savings,-27670.49,False,ATM Withdrawal,tanishka_dhanwan,Tanishka Dhanwan
ceb28b99-73a,2024-05-30,Water Dept - Profit-focused neutral adapter,169.28,Utilities,savings,-7544.17,False,Water Dept,rajesh_sharma,Rajesh Sharma
09d7eca0-c03,2024-05-30,Amazon - Organic heuristic conglomeration,126.57,Shopping,checking,-14233.53,False,Amazon,amit_kumar,Amit Kumar
8b7dde4d-f08,2024-05-30,Metro Transit - User-friendly exuding superstructure,228.99,Transportation,credit,-61078.73,False,Metro Transit,priya_singh,Priya Singh
f4ac3cc5-7d1,2024-05-30,Walmart - Ergonomic executive analyzer,204.78,Groceries,checking,-49308.93,False,Walmart,amit_kumar,Amit Kumar
de1ca483-91a,2024-05-30,Adobe - Fully-configurable encompassing complexity,27.77,Subscriptions,checking,-6617.91,False,Adobe,rajesh_sharma,Rajesh Sharma
131c4a32-53a,2024-05-30,Health Ins Co - Horizontal 24hour monitoring,196.66,Insurance,savings,-22126.03,False,Health Ins Co,tanishka_dhanwan,Tanishka Dhanwan
1f348bef-238,2024-05-30,Best Buy - Fully-configurable secondary frame,295.73,Shopping,checking,-64666.78,False,Best Buy,rajesh_sharma,Rajesh Sharma
1aaaab75-5ed,2024-05-30,Payroll - Hudson Ltd,1628.5,Income,savings,-17881.28,True,Hudson Ltd,amit_kumar,Amit Kumar
a2bcb01d-4fb,2024-05-30,Payroll - Williams-Nash,4337.38,Income,savings,19813.36,True,Williams-Nash,priya_singh,Priya Singh
fc7ac802-f29,2024-05-30,Health Ins Co - Horizontal eco-centric core,126.79,Insurance,checking,-56261.61,False,Health Ins Co,priya_singh,Priya Singh
65a5d217-955,2024-05-30,Misc Purchase - Re-contextualized multimedia instruction set,128.86,Other,checking,9819.04,False,Misc Purchase,amit_kumar,Amit Kumar
30af958f-92b,2024-05-30,Credit Card Payment - Sharable fresh-thinking strategy,130.27,Debt Payment,checking,-8680.57,False,Credit Card Payment,priya_singh,Priya Singh
45502ad9-c18,2024-05-30,"Payroll - Williams, Miller and Ramos",4037.29,Income,savings,-11263.36,True,"Williams, Miller and Ramos",rajesh_sharma,Rajesh Sharma
cf5613fd-bec,2024-05-30,Payroll - Brown LLC,4092.37,Income,savings,-13578.03,True,Brown LLC,priya_singh,Priya Singh
a5136843-e1d,2024-05-30,Rent Payment - Enhanced regional superstructure,1392.11,Housing,savings,-3198.3,False,Rent Payment,amit_kumar,Amit Kumar
e44f3a6a-df7,2024-05-30,AMC Theaters - Polarized motivating collaboration,248.09,Entertainment,savings,-8074.12,False,AMC Theaters,priya_singh,Priya Singh
a8721d81-267,2024-05-31,Cloud Storage - Inverse exuding productivity,248.26,Subscriptions,checking,-57914.03,False,Cloud Storage,tanishka_dhanwan,Tanishka Dhanwan
adbbe4c8-c7e,2024-05-31,Water Dept - Total 3rdgeneration infrastructure,412.66,Utilities,credit,-79563.97,False,Water Dept,amit_kumar,Amit Kumar
68bc9eda-e68,2024-05-31,Netflix - Cloned 6thgeneration framework,133.12,Entertainment,savings,10268.3,False,Netflix,priya_singh,Priya Singh
7ff6bce3-801,2024-05-31,Costco - Profound bifurcated info-mediaries,413.22,Groceries,savings,11422.31,False,Costco,rajesh_sharma,Rajesh Sharma
e4f97232-027,2024-05-31,Starbucks - Integrated systemic portal,417.84,Dining,checking,-1803.45,False,Starbucks,amit_kumar,Amit Kumar
cc0e493d-1bd,2024-05-31,Spotify - Universal fault-tolerant initiative,166.46,Entertainment,savings,21031.4,False,Spotify,rajesh_sharma,Rajesh Sharma
ef3fb9bf-1ea,2024-05-31,State Farm - Exclusive non-volatile help-desk,55.62,Insurance,credit,-17713.79,False,State Farm,tanishka_dhanwan,Tanishka Dhanwan
023e24cf-fd7,2024-05-31,Dental Care - Cloned zero administration focus group,289.53,Healthcare,checking,-2794.92,False,Dental Care,rajesh_sharma,Rajesh Sharma
92ace0f2-906,2024-05-31,Rent Payment - Managed heuristic architecture,832.91,Housing,checking,-52944.66,False,Rent Payment,priya_singh,Priya Singh
898e9fb0-452,2024-05-31,Payroll - Coleman PLC,2511.34,Income,checking,-15664.54,True,Coleman PLC,rajesh_sharma,Rajesh Sharma
96b75242-5f9,2024-05-31,Costco - Balanced disintermediate alliance,386.07,Groceries,savings,-19258.98,False,Costco,amit_kumar,Amit Kumar
bb92a6ef-4e6,2024-05-31,Whole Foods - Assimilated disintermediate Internet solution,77.04,Groceries,savings,-7068.88,False,Whole Foods,priya_singh,Priya Singh
9385450a-661,2024-06-01,Water Dept - Enterprise-wide 6thgeneration ability,96.91,Utilities,savings,-25879.42,False,Water Dept,amit_kumar,Amit Kumar
5421f5b4-e82,2024-06-01,Rent Payment - Persevering transitional toolset,2129.25,Housing,credit,-34100.03,False,Rent Payment,tanishka_dhanwan,Tanishka Dhanwan
e4cf1cf5-821,2024-06-01,McDonald's - Reduced mission-critical migration,123.66,Dining,credit,-16837.75,False,McDonald's,priya_singh,Priya Singh
eb8ffcc2-b4b,2024-06-01,Chipotle - Open-source bottom-line hardware,13.67,Dining,savings,31125.75,False,Chipotle,priya_singh,Priya Singh
934e4610-5c4,2024-06-01,Student Loan - Innovative non-volatile access,86.87,Debt Payment,savings,-31544.58,False,Student Loan,tanishka_dhanwan,Tanishka Dhanwan
2935819a-a3b,2024-06-01,Amazon - Compatible non-volatile pricing structure,324.36,Shopping,credit,-34713.81,False,Amazon,tanishka_dhanwan,Tanishka Dhanwan
86b191e5-6a8,2024-06-01,Health Ins Co - Future-proofed mobile leverage,417.25,Insurance,credit,-73939.7,False,Health Ins Co,amit_kumar,Amit Kumar
e49dd238-ceb,2024-06-02,Target - Stand-alone content-based structure,377.14,Shopping,checking,-44820.01,False,Target,amit_kumar,Amit Kumar
06a00269-c81,2024-06-02,Online Course - Up-sized client-server installation,411.35,Education,credit,-47381.69,False,Online Course,rajesh_sharma,Rajesh Sharma
6b3635a4-dfc,2024-06-02,Delta Airlines - Decentralized maximized hub,420.1,Travel,credit,-38174.56,False,Delta Airlines,amit_kumar,Amit Kumar
312a079b-07e,2024-06-02,Chipotle - Implemented leadingedge core,273.18,Dining,credit,-52957.17,False,Chipotle,amit_kumar,Amit Kumar
1bef0041-ca4,2024-06-02,McDonald's - Multi-tiered optimal attitude,19.13,Dining,savings,27101.41,False,McDonald's,priya_singh,Priya Singh
f995c025-7be,2024-06-02,Misc Purchase - Synchronized bi-directional methodology,154.47,Other,credit,-35280.71,False,Misc Purchase,tanishka_dhanwan,Tanishka Dhanwan
f41184b0-647,2024-06-02,Adobe - Customer-focused 3rdgeneration capacity,118.2,Subscriptions,checking,-46563.01,False,Adobe,amit_kumar,Amit Kumar
aae4a8af-d84,2024-06-02,Whole Foods - Open-source 4thgeneration emulation,84.9,Groceries,credit,-76044.0,False,Whole Foods,rajesh_sharma,Rajesh Sharma
33df5dba-9a3,2024-06-02,Parking Co - Integrated system-worthy strategy,273.7,Transportation,checking,-37747.31,False,Parking Co,priya_singh,Priya Singh
5fb2978d-891,2024-06-02,Rent Payment - Re-engineered explicit standardization,1433.43,Housing,savings,-4960.98,False,Rent Payment,rajesh_sharma,Rajesh Sharma
921f2022-678,2024-06-02,Trader Joe's - Open-source eco-centric core,267.58,Groceries,credit,-39138.73,False,Trader Joe's,priya_singh,Priya Singh
0cf62e04-5a9,2024-06-02,HOA Fees - Devolved incremental pricing structure,1547.06,Housing,credit,-76871.76,False,HOA Fees,amit_kumar,Amit Kumar
4b19e90d-2de,2024-06-02,Trader Joe's - Re-contextualized systemic utilization,170.69,Groceries,savings,-2837.89,False,Trader Joe's,rajesh_sharma,Rajesh Sharma
c69a4811-fc2,2024-06-03,Health Ins Co - Horizontal heuristic archive,201.9,Insurance,credit,-82215.92,False,Health Ins Co,amit_kumar,Amit Kumar
ee0af56e-a54,2024-06-03,HOA Fees - Implemented dedicated analyzer,948.59,Housing,checking,-31779.49,False,HOA Fees,rajesh_sharma,Rajesh Sharma
6a9cfdf4-121,2024-06-03,HOA Fees - Persevering stable interface,1718.49,Housing,checking,9947.9,False,HOA Fees,amit_kumar,Amit Kumar
43f457c3-57e,2024-06-03,Health Ins Co - Re-contextualized 24/7 pricing structure,346.88,Insurance,credit,-70471.02,False,Health Ins Co,rajesh_sharma,Rajesh Sharma
925925ab-a4b,2024-06-03,Credit Card Payment - Automated national customer loyalty,42.07,Debt Payment,checking,3020.83,False,Credit Card Payment,priya_singh,Priya Singh
4b7ab3f1-152,2024-06-03,Payroll - Ramos and Sons,4041.21,Income,credit,-54620.48,True,Ramos and Sons,rajesh_sharma,Rajesh Sharma
d73537f5-24f,2024-06-03,Target - Exclusive zero administration orchestration,154.76,Shopping,checking,-56560.3,False,Target,tanishka_dhanwan,Tanishka Dhanwan
aef2047f-e06,2024-06-03,Property Mgmt - Organic well-modulated middleware,860.69,Housing,checking,-4120.46,False,Property Mgmt,amit_kumar,Amit Kumar
2da0c1a8-d32,2024-06-03,Shell Gas - Virtual zero-defect solution,114.09,Transportation,credit,-59954.73,False,Shell Gas,amit_kumar,Amit Kumar
3a0f6613-899,2024-06-04,Cloud Storage - Centralized clear-thinking intranet,430.1,Subscriptions,savings,-32038.9,False,Cloud Storage,tanishka_dhanwan,Tanishka Dhanwan
23d2caa3-503,2024-06-04,Payroll - Sanchez PLC,3952.16,Income,savings,-8957.63,True,Sanchez PLC,rajesh_sharma,Rajesh Sharma
c1e0fc80-a08,2024-06-04,Expedia - Configurable fault-tolerant database,74.32,Travel,savings,10303.31,False,Expedia,priya_singh,Priya Singh
32a5db7c-8f6,2024-06-04,Property Mgmt - Expanded object-oriented software,1138.57,Housing,savings,-4670.99,False,Property Mgmt,priya_singh,Priya Singh
bf91653c-e3f,2024-06-04,HOA Fees - Configurable exuding structure,2011.3,Housing,credit,-2677.67,False,HOA Fees,tanishka_dhanwan,Tanishka Dhanwan
71e8c32d-911,2024-06-04,Walmart - Networked actuating array,326.83,Groceries,savings,-2971.46,False,Walmart,priya_singh,Priya Singh
13fe5d3b-8a2,2024-06-04,Parking Co - Implemented secondary application,397.77,Transportation,checking,-50823.88,False,Parking Co,rajesh_sharma,Rajesh Sharma
60f3d8d1-a31,2024-06-04,City Hospital - Polarized zero tolerance archive,276.49,Healthcare,credit,-61210.2,False,City Hospital,rajesh_sharma,Rajesh Sharma
6eb934e4-73a,2024-06-04,Student Loan - Inverse cohesive middleware,478.42,Debt Payment,credit,-34270.44,False,Student Loan,tanishka_dhanwan,Tanishka Dhanwan
9a821b6c-c29,2024-06-04,Spotify - Total demand-driven pricing structure,111.1,Entertainment,credit,-55246.2,False,Spotify,priya_singh,Priya Singh
7c0e8ae4-0ce,2024-06-04,Parking Co - Digitized asymmetric moderator,205.52,Transportation,checking,-45870.51,False,Parking Co,rajesh_sharma,Rajesh Sharma
8ed3f666-9f8,2024-06-04,Trader Joe's - Streamlined composite portal,92.34,Groceries,checking,-734.2,False,Trader Joe's,priya_singh,Priya Singh
1a72fe60-a10,2024-06-04,Metro Transit - Integrated neutral access,435.39,Transportation,credit,-44150.18,False,Metro Transit,rajesh_sharma,Rajesh Sharma
861fd21b-934,2024-06-04,Trader Joe's - Visionary national monitoring,281.28,Groceries,checking,-8547.88,False,Trader Joe's,priya_singh,Priya Singh
d189c0a2-2f3,2024-06-04,Payroll - Brown-Wall,2826.62,Income,savings,5557.6,True,Brown-Wall,rajesh_sharma,Rajesh Sharma
eb395f23-88d,2024-06-04,Metro Transit - Upgradable leadingedge model,307.69,Transportation,checking,-27455.76,False,Metro Transit,tanishka_dhanwan,Tanishka Dhanwan
8fee7ce8-d87,2024-06-05,Gym Membership - Object-based systemic time-frame,97.62,Subscriptions,savings,27120.54,False,Gym Membership,priya_singh,Priya Singh
05a9af43-0fd,2024-06-05,Shell Gas - Assimilated dynamic website,389.32,Transportation,savings,8003.4,False,Shell Gas,amit_kumar,Amit Kumar
94141a05-966,2024-06-05,Dental Care - Sharable leadingedge middleware,181.24,Healthcare,credit,-11105.06,False,Dental Care,tanishka_dhanwan,Tanishka Dhanwan
6d8ad414-e55,2024-06-05,Local Bistro - Compatible 24/7 knowledgebase,430.78,Dining,savings,12883.39,False,Local Bistro,rajesh_sharma,Rajesh Sharma
eb5820dc-91a,2024-06-05,Trader Joe's - Extended homogeneous paradigm,287.6,Groceries,savings,-36551.65,False,Trader Joe's,tanishka_dhanwan,Tanishka Dhanwan
f34d3995-048,2024-06-05,Credit Card Payment - Advanced directional Graphic Interface,180.96,Debt Payment,savings,-30686.23,False,Credit Card Payment,tanishka_dhanwan,Tanishka Dhanwan
0e6b5c35-236,2024-06-05,Rent Payment - Diverse analyzing migration,1366.16,Housing,savings,11396.03,False,Rent Payment,rajesh_sharma,Rajesh Sharma
c7b04acc-ffb,2024-06-05,Whole Foods - Self-enabling static monitoring,224.2,Groceries,checking,-5682.84,False,Whole Foods,amit_kumar,Amit Kumar
38a3b835-bc1,2024-06-05,AMC Theaters - Open-source systematic concept,25.37,Entertainment,credit,-36551.76,False,AMC Theaters,amit_kumar,Amit Kumar
71d695da-180,2024-06-05,Uber - Quality-focused 3rdgeneration implementation,121.02,Transportation,checking,-66809.79,False,Uber,rajesh_sharma,Rajesh Sharma
9d163b36-74c,2024-06-05,Internet Provider - Multi-layered contextually-based info-mediaries,326.46,Utilities,savings,4120.5,False,Internet Provider,priya_singh,Priya Singh
de90f3a9-b9e,2024-06-05,Trader Joe's - Sharable fresh-thinking focus group,216.74,Groceries,savings,18842.71,False,Trader Joe's,priya_singh,Priya Singh
3611140e-6ab,2024-06-05,Expedia - Self-enabling context-sensitive functionalities,193.27,Travel,credit,3407.39,False,Expedia,priya_singh,Priya Singh
9418718b-ae5,2024-06-05,Expedia - Team-oriented demand-driven system engine,238.27,Travel,savings,-37095.04,False,Expedia,tanishka_dhanwan,Tanishka Dhanwan
9f6954f7-88e,2024-06-05,Best Buy - Universal real-time workforce,56.16,Shopping,checking,6904.51,False,Best Buy,tanishka_dhanwan,Tanishka Dhanwan
c45567ca-6a4,2024-06-05,Amazon - Decentralized exuding initiative,396.98,Shopping,checking,-4209.39,False,Amazon,tanishka_dhanwan,Tanishka Dhanwan
141cb163-8cf,2024-06-05,HOA Fees - User-friendly web-enabled monitoring,1825.85,Housing,credit,-65818.82,False,HOA Fees,priya_singh,Priya Singh
9f2cefb3-04f,2024-06-06,State Farm - Streamlined solution-oriented task-force,12.11,Insurance,checking,-28985.82,False,State Farm,rajesh_sharma,Rajesh Sharma
a58fef5b-8ec,2024-06-06,Whole Foods - Programmable explicit process improvement,24.3,Groceries,checking,-1189.77,False,Whole Foods,tanishka_dhanwan,Tanishka Dhanwan
1c38337f-8b2,2024-06-06,Walmart - Decentralized secondary collaboration,235.79,Groceries,credit,-44385.97,False,Walmart,rajesh_sharma,Rajesh Sharma
18e89a53-1a7,2024-06-06,Property Mgmt - Decentralized stable archive,1606.58,Housing,checking,-21149.54,False,Property Mgmt,tanishka_dhanwan,Tanishka Dhanwan
c13045e8-aa2,2024-06-06,Best Buy - Synergized dedicated challenge,207.06,Shopping,savings,6328.15,False,Best Buy,priya_singh,Priya Singh
8b04e9b6-98a,2024-06-06,"Payroll - Morse, Gonzales and Harrison",1854.67,Income,checking,-13809.87,True,"Morse, Gonzales and Harrison",rajesh_sharma,Rajesh Sharma
0d323e6c-7f1,2024-06-06,Netflix - Secured leadingedge analyzer,142.28,Entertainment,checking,-6019.79,False,Netflix,tanishka_dhanwan,Tanishka Dhanwan
8ac771ca-e44,2024-06-06,Gym Membership - Object-based value-added hub,8.01,Subscriptions,checking,-24800.0,False,Gym Membership,amit_kumar,Amit Kumar
6dfdf73b-543,2024-06-06,Spotify - Business-focused eco-centric matrices,490.05,Entertainment,checking,-16196.75,False,Spotify,rajesh_sharma,Rajesh Sharma
4ce05682-e81,2024-06-06,Student Loan - Robust static benchmark,149.62,Debt Payment,savings,13903.02,False,Student Loan,amit_kumar,Amit Kumar
f6df4a0f-e65,2024-06-07,Costco - Profit-focused zero-defect protocol,325.84,Groceries,savings,-23495.21,False,Costco,tanishka_dhanwan,Tanishka Dhanwan
ab63801b-94e,2024-06-07,State Farm - Virtual neutral database,418.09,Insurance,savings,-8477.65,False,State Farm,rajesh_sharma,Rajesh Sharma
0c6b82a4-23a,2024-06-07,Property Mgmt - Balanced user-facing Graphic Interface,1057.39,Housing,checking,-36885.44,False,Property Mgmt,amit_kumar,Amit Kumar
77e95235-3f4,2024-06-07,McDonald's - Re-contextualized empowering approach,404.45,Dining,credit,-61483.18,False,McDonald's,priya_singh,Priya Singh
710de75c-337,2024-06-07,"Payroll - Mccormick, Jennings and Grant",2754.29,Income,savings,-27732.4,True,"Mccormick, Jennings and Grant",tanishka_dhanwan,Tanishka Dhanwan
bbf33dd5-c39,2024-06-07,Dental Care - Extended background website,192.32,Healthcare,credit,-43554.13,False,Dental Care,tanishka_dhanwan,Tanishka Dhanwan
5c97dbcd-236,2024-06-07,Target - Right-sized bottom-line utilization,443.47,Shopping,savings,4432.49,False,Target,rajesh_sharma,Rajesh Sharma
befbab45-5af,2024-06-07,Water Dept - Intuitive multi-tasking software,53.31,Utilities,savings,-3765.89,False,Water Dept,priya_singh,Priya Singh
b0553b7f-48c,2024-06-07,Walmart - Configurable 24hour ability,332.36,Groceries,credit,-68019.56,False,Walmart,priya_singh,Priya Singh
dd7474dc-6d2,2024-06-07,"Payroll - Turner, Key and Miller",4000.35,Income,savings,-20990.28,True,"Turner, Key and Miller",tanishka_dhanwan,Tanishka Dhanwan
0443b2a9-4ef,2024-06-07,Payroll - Stevens and Sons,2069.37,Income,savings,9913.52,True,Stevens and Sons,priya_singh,Priya Singh
b8c3ba3b-ab4,2024-06-07,Spotify - Intuitive high-level throughput,263.63,Entertainment,checking,-58061.85,False,Spotify,tanishka_dhanwan,Tanishka Dhanwan
6deb98ee-7e5,2024-06-07,Payroll - Johnson-Walker,3891.13,Income,checking,-34904.75,True,Johnson-Walker,rajesh_sharma,Rajesh Sharma
2a301e11-2f4,2024-06-07,Gym Membership - Versatile zero-defect approach,236.8,Subscriptions,checking,-30831.37,False,Gym Membership,rajesh_sharma,Rajesh Sharma
45d43379-ab6,2024-06-08,Adobe - Customizable grid-enabled standardization,438.83,Subscriptions,checking,-35791.11,False,Adobe,tanishka_dhanwan,Tanishka Dhanwan
2ad224c9-19a,2024-06-08,Payroll - Willis-Holmes,4430.93,Income,savings,30441.43,True,Willis-Holmes,priya_singh,Priya Singh
5451d75a-6ef,2024-06-08,Starbucks - Optional fresh-thinking software,312.93,Dining,checking,-28711.01,False,Starbucks,priya_singh,Priya Singh
a2bf95f6-f7a,2024-06-08,Health Ins Co - Self-enabling secondary groupware,128.17,Insurance,checking,-26230.74,False,Health Ins Co,rajesh_sharma,Rajesh Sharma
0ab260d0-c73,2024-06-08,Bookstore - Cloned composite migration,446.15,Education,savings,6119.83,False,Bookstore,amit_kumar,Amit Kumar
8e49fff1-29f,2024-06-08,Delta Airlines - Fully-configurable asynchronous flexibility,13.69,Travel,credit,-72952.96,False,Delta Airlines,amit_kumar,Amit Kumar
1c8f8a49-f9b,2024-06-08,Payroll - Gray-Myers,3871.51,Income,checking,13690.55,True,Gray-Myers,amit_kumar,Amit Kumar
645326fa-984,2024-06-08,Payroll - Flores-Moreno,1534.4,Income,savings,-29246.85,True,Flores-Moreno,tanishka_dhanwan,Tanishka Dhanwan
df17a338-e89,2024-06-08,"Payroll - Barry, Bush and Reynolds",3674.97,Income,credit,4363.15,True,"Barry, Bush and Reynolds",priya_singh,Priya Singh
5d3bfe9d-6ba,2024-06-08,Shell Gas - User-centric disintermediate firmware,90.62,Transportation,credit,-40321.53,False,Shell Gas,priya_singh,Priya Singh
a4ac7e88-5ef,2024-06-09,Dental Care - Phased demand-driven concept,217.45,Healthcare,credit,-43361.81,False,Dental Care,tanishka_dhanwan,Tanishka Dhanwan
5f23dff3-afc,2024-06-09,HOA Fees - Streamlined leadingedge hub,848.37,Housing,checking,-42397.27,False,HOA Fees,amit_kumar,Amit Kumar
433244cf-9a4,2024-06-09,Netflix - Virtual directional orchestration,233.39,Entertainment,credit,-84626.43,False,Netflix,rajesh_sharma,Rajesh Sharma
37e8595c-cc7,2024-06-09,Parking Co - Digitized maximized project,252.35,Transportation,savings,2700.52,False,Parking Co,priya_singh,Priya Singh
9bd99b74-477,2024-06-09,Best Buy - Reactive human-resource function,183.8,Shopping,checking,2292.25,False,Best Buy,amit_kumar,Amit Kumar
f99093a3-82f,2024-06-09,Trader Joe's - Multi-layered eco-centric neural-net,77.06,Groceries,credit,-55868.22,False,Trader Joe's,amit_kumar,Amit Kumar
bbbf5113-ed6,2024-06-09,Health Ins Co - Phased optimizing neural-net,94.07,Insurance,checking,-4963.19,False,Health Ins Co,priya_singh,Priya Singh
278bd19d-8cd,2024-06-09,Online Course - Sharable motivating database,119.72,Education,checking,8977.41,False,Online Course,amit_kumar,Amit Kumar
1ae0b706-942,2024-06-09,Property Mgmt - Sharable multi-state project,1851.9,Housing,checking,-16711.55,False,Property Mgmt,amit_kumar,Amit Kumar
9f4e3f01-80e,2024-06-09,Whole Foods - Reactive composite intranet,312.72,Groceries,checking,-71264.95,False,Whole Foods,priya_singh,Priya Singh
9dfe3ade-667,2024-06-09,AMC Theaters - Distributed coherent workforce,99.44,Entertainment,checking,-16296.19,False,AMC Theaters,rajesh_sharma,Rajesh Sharma
4e24fd74-658,2024-06-09,Expedia - Multi-channeled directional productivity,266.22,Travel,checking,-12476.16,False,Expedia,rajesh_sharma,Rajesh Sharma
09a760c1-4b6,2024-06-09,State Farm - Ergonomic background paradigm,218.95,Insurance,credit,-33969.29,False,State Farm,tanishka_dhanwan,Tanishka Dhanwan
9358ea18-915,2024-06-09,Property Mgmt - Open-architected mission-critical parallelism,1389.01,Housing,savings,-25588.58,False,Property Mgmt,amit_kumar,Amit Kumar
4637e644-228,2024-06-09,Trader Joe's - Integrated full-range customer loyalty,148.03,Groceries,credit,-59014.94,False,Trader Joe's,priya_singh,Priya Singh
e6f97432-ce1,2024-06-09,Costco - Face-to-face composite array,368.09,Groceries,savings,-8241.91,False,Costco,tanishka_dhanwan,Tanishka Dhanwan
0426d88f-b4a,2024-06-09,Rent Payment - Optional multi-state focus group,911.26,Housing,checking,-23860.3,False,Rent Payment,tanishka_dhanwan,Tanishka Dhanwan
0928acf5-2f4,2024-06-09,Cloud Storage - Persevering maximized throughput,384.41,Subscriptions,credit,-83710.31,False,Cloud Storage,priya_singh,Priya Singh
b4b56126-45e,2024-06-09,Internet Provider - Cloned mobile architecture,437.83,Utilities,checking,-21106.84,False,Internet Provider,amit_kumar,Amit Kumar
e0e6ad86-93e,2024-06-09,Costco - Cross-platform grid-enabled forecast,221.65,Groceries,credit,-37400.93,False,Costco,tanishka_dhanwan,Tanishka Dhanwan
5fef7d36-a6e,2024-06-10,Credit Card Payment - Public-key tangible concept,372.63,Debt Payment,credit,-39526.14,False,Credit Card Payment,tanishka_dhanwan,Tanishka Dhanwan
b4c331ad-308,2024-06-10,Shell Gas - Stand-alone secondary contingency,404.59,Transportation,credit,-11717.93,False,Shell Gas,amit_kumar,Amit Kumar
f802f27e-5ee,2024-06-10,City Hospital - Multi-tiered foreground conglomeration,301.96,Healthcare,savings,-23683.73,False,City Hospital,rajesh_sharma,Rajesh Sharma
9af323e2-7ce,2024-06-10,State Farm - Advanced transitional groupware,227.15,Insurance,savings,-7964.46,False,State Farm,tanishka_dhanwan,Tanishka Dhanwan
2e3e2796-9f9,2024-06-10,Misc Purchase - Diverse multimedia array,412.86,Other,checking,-58953.17,False,Misc Purchase,tanishka_dhanwan,Tanishka Dhanwan
207d5e86-c05,2024-06-10,Costco - Up-sized bottom-line contingency,370.54,Groceries,savings,5485.73,False,Costco,priya_singh,Priya Singh
01de3587-826,2024-06-10,State Farm - Public-key exuding Graphic Interface,405.7,Insurance,checking,-10587.02,False,State Farm,amit_kumar,Amit Kumar
8323488c-dd3,2024-06-10,HOA Fees - Synchronized scalable superstructure,820.99,Housing,checking,-281.37,False,HOA Fees,priya_singh,Priya Singh
fbb1f0d3-7b4,2024-06-10,Whole Foods - Switchable client-server customer loyalty,129.9,Groceries,checking,-61515.85,False,Whole Foods,tanishka_dhanwan,Tanishka Dhanwan
f7d506ee-481,2024-06-10,Misc Purchase - Grass-roots clear-thinking product,340.07,Other,savings,-18912.87,False,Misc Purchase,rajesh_sharma,Rajesh Sharma
48c9a4cc-656,2024-06-10,Target - Open-source 3rdgeneration encryption,184.17,Shopping,savings,28280.6,False,Target,priya_singh,Priya Singh
ae8911dc-2a8,2024-06-10,Health Ins Co - Object-based transitional alliance,171.59,Insurance,savings,9307.39,False,Health Ins Co,priya_singh,Priya Singh
686602e4-14a,2024-06-10,Rent Payment - Inverse asynchronous application,1691.55,Housing,savings,-30363.93,False,Rent Payment,tanishka_dhanwan,Tanishka Dhanwan
89951ddf-403,2024-06-10,Starbucks - Seamless multimedia initiative,153.26,Dining,credit,-63954.11,False,Starbucks,priya_singh,Priya Singh
f0cb7077-c5e,2024-06-11,Dental Care - Operative incremental collaboration,101.85,Healthcare,savings,-33220.72,False,Dental Care,rajesh_sharma,Rajesh Sharma
2ef6e814-64c,2024-06-11,Starbucks - Cross-platform contextually-based middleware,152.53,Dining,savings,-10332.17,False,Starbucks,tanishka_dhanwan,Tanishka Dhanwan
ff933c43-a08,2024-06-11,Whole Foods - Upgradable logistical productivity,236.7,Groceries,credit,-68092.38,False,Whole Foods,rajesh_sharma,Rajesh Sharma
4284898d-ea9,2024-06-11,Property Mgmt - Ameliorated 24/7 synergy,1470.46,Housing,credit,-43322.8,False,Property Mgmt,tanishka_dhanwan,Tanishka Dhanwan
0cbe2ce4-7f0,2024-06-11,Property Mgmt - Decentralized background portal,2164.49,Housing,credit,-69502.53,False,Property Mgmt,priya_singh,Priya Singh
7a4ff781-18e,2024-06-11,Spotify - Monitored logistical solution,180.02,Entertainment,savings,-15188.54,False,Spotify,tanishka_dhanwan,Tanishka Dhanwan
b2abb38e-227,2024-06-11,Whole Foods - Down-sized uniform concept,169.27,Groceries,checking,-14998.45,False,Whole Foods,amit_kumar,Amit Kumar
60d96248-618,2024-06-11,Internet Provider - Up-sized 24hour application,382.05,Utilities,credit,-2556.27,False,Internet Provider,priya_singh,Priya Singh
f4d3bfa3-a81,2024-06-11,Costco - Re-contextualized systematic matrix,310.06,Groceries,savings,12294.82,False,Costco,amit_kumar,Amit Kumar
66c9aee5-717,2024-06-11,Walmart - Progressive explicit knowledgebase,401.4,Groceries,savings,-12677.75,False,Walmart,rajesh_sharma,Rajesh Sharma
75b82638-0bb,2024-06-11,Water Dept - Exclusive bifurcated architecture,308.5,Utilities,savings,-16214.43,False,Water Dept,tanishka_dhanwan,Tanishka Dhanwan
014568e5-126,2024-06-11,Chipotle - Focused explicit website,451.02,Dining,checking,-39512.3,False,Chipotle,tanishka_dhanwan,Tanishka Dhanwan
ea6c92ea-a96,2024-06-11,Netflix - Intuitive 3rdgeneration throughput,418.94,Entertainment,savings,8454.66,False,Netflix,priya_singh,Priya Singh
649c4173-c57,2024-06-12,CVS Pharmacy - Customer-focused explicit implementation,427.68,Healthcare,credit,-4071.18,False,CVS Pharmacy,tanishka_dhanwan,Tanishka Dhanwan
82132e2d-eb2,2024-06-12,Rent Payment - Cross-group modular attitude,1501.77,Housing,credit,-724.61,False,Rent Payment,tanishka_dhanwan,Tanishka Dhanwan
2d23b076-e03,2024-06-12,Starbucks - Decentralized object-oriented service-desk,155.87,Dining,credit,-55364.05,False,Starbucks,rajesh_sharma,Rajesh Sharma
9a30834b-865,2024-06-12,Walmart - Reactive asymmetric flexibility,240.69,Groceries,checking,1090.54,False,Walmart,amit_kumar,Amit Kumar
78c17c65-19f,2024-06-12,Misc Purchase - Fundamental responsive software,395.73,Other,credit,-4270.33,False,Misc Purchase,amit_kumar,Amit Kumar
20a65ad1-7e6,2024-06-12,Netflix - Digitized scalable data-warehouse,103.08,Entertainment,checking,13653.97,False,Netflix,tanishka_dhanwan,Tanishka Dhanwan
57b28109-693,2024-06-12,Target - Triple-buffered leadingedge matrix,422.84,Shopping,checking,-38452.85,False,Target,rajesh_sharma,Rajesh Sharma
16673ade-126,2024-06-12,Rent Payment - Ameliorated bifurcated access,1884.02,Housing,checking,-55440.37,False,Rent Payment,amit_kumar,Amit Kumar
45aa2fcf-941,2024-06-12,State Farm - Public-key human-resource core,215.12,Insurance,credit,-60169.85,False,State Farm,amit_kumar,Amit Kumar
cc9d2a26-fc8,2024-06-12,State Farm - Organic interactive initiative,241.46,Insurance,savings,-35192.84,False,State Farm,tanishka_dhanwan,Tanishka Dhanwan
752f31a4-471,2024-06-12,HOA Fees - Phased 3rdgeneration groupware,2049.3,Housing,checking,-32891.65,False,HOA Fees,priya_singh,Priya Singh
900b19d4-9c6,2024-06-12,Spotify - Down-sized neutral core,385.56,Entertainment,credit,-37973.27,False,Spotify,amit_kumar,Amit Kumar
9b1c6720-184,2024-06-12,Dental Care - Exclusive bandwidth-monitored firmware,8.32,Healthcare,credit,-41873.44,False,Dental Care,tanishka_dhanwan,Tanishka Dhanwan
b888a23a-f98,2024-06-12,Best Buy - Future-proofed client-server website,68.92,Shopping,checking,-43726.2,False,Best Buy,amit_kumar,Amit Kumar
a6d37713-47b,2024-06-12,Amazon - Customer-focused executive flexibility,95.18,Shopping,savings,26115.64,False,Amazon,priya_singh,Priya Singh
27013806-756,2024-06-12,Property Mgmt - Cross-group coherent access,1230.08,Housing,checking,-19842.94,False,Property Mgmt,priya_singh,Priya Singh
29772826-394,2024-06-13,Spotify - Adaptive well-modulated protocol,140.14,Entertainment,savings,-61531.86,False,Spotify,rajesh_sharma,Rajesh Sharma
c5351b8f-731,2024-06-13,"Payroll - Bell, Flores and Thomas",2795.61,Income,savings,-6043.36,True,"Bell, Flores and Thomas",priya_singh,Priya Singh
94ec02d8-d0b,2024-06-13,Payroll - Stokes and Sons,3414.22,Income,checking,72.76,True,Stokes and Sons,priya_singh,Priya Singh
6b82eb1e-c5f,2024-06-13,Best Buy - Function-based systemic policy,401.22,Shopping,credit,-5816.22,False,Best Buy,amit_kumar,Amit Kumar
3a4127c5-a32,2024-06-13,Amazon - Balanced zero administration concept,350.67,Shopping,credit,-54445.76,False,Amazon,priya_singh,Priya Singh
8b26d9c6-e44,2024-06-13,Netflix - Object-based user-facing analyzer,42.51,Entertainment,checking,-50908.03,False,Netflix,priya_singh,Priya Singh
1641d3b5-6ae,2024-06-13,Property Mgmt - Programmable 24hour implementation,1936.14,Housing,checking,-33499.82,False,Property Mgmt,amit_kumar,Amit Kumar
cd817515-c9d,2024-06-13,"Payroll - Smith, Castillo and Campbell",1541.89,Income,credit,-70549.82,True,"Smith, Castillo and Campbell",amit_kumar,Amit Kumar
e8276835-99c,2024-06-13,Costco - Fundamental bandwidth-monitored adapter,208.5,Groceries,savings,3936.25,False,Costco,amit_kumar,Amit Kumar
961f11c7-bc1,2024-06-13,Rent Payment - Profound stable productivity,1420.99,Housing,savings,9698.97,False,Rent Payment,rajesh_sharma,Rajesh Sharma
f7e45a05-294,2024-06-13,Electric Co - Re-engineered 24hour Local Area Network,317.9,Utilities,savings,-7018.74,False,Electric Co,tanishka_dhanwan,Tanishka Dhanwan
5e37fc33-ba6,2024-06-14,ATM Withdrawal - Up-sized 24hour workforce,82.46,Other,savings,-15905.93,False,ATM Withdrawal,tanishka_dhanwan,Tanishka Dhanwan
a1a1c41f-822,2024-06-14,Payroll - Harris PLC,3830.32,Income,checking,-37979.34,True,Harris PLC,rajesh_sharma,Rajesh Sharma
1f610718-488,2024-06-14,Electric Co - Fully-configurable multi-state interface,202.55,Utilities,checking,-3766.43,False,Electric Co,amit_kumar,Amit Kumar
9e2627c5-7d1,2024-06-14,Trader Joe's - Future-proofed neutral intranet,238.72,Groceries,savings,36113.98,False,Trader Joe's,priya_singh,Priya Singh
e41764f1-692,2024-06-14,Property Mgmt - Total demand-driven model,1080.93,Housing,savings,-15521.62,False,Property Mgmt,tanishka_dhanwan,Tanishka Dhanwan
d4153a9f-edc,2024-06-14,Payroll - Turner Group,1937.26,Income,credit,-41865.12,True,Turner Group,tanishka_dhanwan,Tanishka Dhanwan
c7652328-3f6,2024-06-14,Internet Provider - Adaptive attitude-oriented adapter,273.53,Utilities,credit,-47838.76,False,Internet Provider,rajesh_sharma,Rajesh Sharma
0abb2356-17b,2024-06-14,Internet Provider - Business-focused multi-tasking website,74.21,Utilities,credit,-43117.62,False,Internet Provider,priya_singh,Priya Singh
b1477743-631,2024-06-14,HOA Fees - Function-based homogeneous Local Area Network,1918.35,Housing,savings,-9939.76,False,HOA Fees,amit_kumar,Amit Kumar
bc69fdbb-d79,2024-06-14,Misc Purchase - Networked modular adapter,452.73,Other,checking,-24448.85,False,Misc Purchase,tanishka_dhanwan,Tanishka Dhanwan
dcfc4d7c-36f,2024-06-14,Costco - Virtual logistical budgetary management,271.15,Groceries,credit,-40303.6,False,Costco,tanishka_dhanwan,Tanishka Dhanwan
89ded1f0-bc7,2024-06-14,Metro Transit - Distributed real-time migration,342.31,Transportation,credit,-53806.69,False,Metro Transit,rajesh_sharma,Rajesh Sharma
78649c94-22b,2024-06-14,"Payroll - Sharp, Sanchez and Wilson",4277.94,Income,savings,-13564.4,True,"Sharp, Sanchez and Wilson",amit_kumar,Amit Kumar
95520f1e-557,2024-06-14,Delta Airlines - Inverse bottom-line software,362.93,Travel,credit,-67355.25,False,Delta Airlines,priya_singh,Priya Singh
3e5b05ab-129,2024-06-14,Metro Transit - Pre-emptive coherent core,413.74,Transportation,credit,-6244.13,False,Metro Transit,rajesh_sharma,Rajesh Sharma
94cb272c-156,2024-06-14,Student Loan - Multi-channeled tertiary installation,142.85,Debt Payment,checking,-1761.48,False,Student Loan,priya_singh,Priya Singh
b9b03f2f-fd7,2024-06-14,Gym Membership - Switchable multi-tasking knowledge user,496.14,Subscriptions,credit,-26662.01,False,Gym Membership,tanishka_dhanwan,Tanishka Dhanwan
f4e6bd09-ec5,2024-06-14,Chipotle - Monitored foreground concept,58.3,Dining,credit,-484.58,False,Chipotle,priya_singh,Priya Singh
fc8b037b-e24,2024-06-14,Whole Foods - Organized exuding data-warehouse,492.08,Groceries,savings,-7597.69,False,Whole Foods,priya_singh,Priya Singh
e6e26050-2aa,2024-06-14,Student Loan - User-friendly real-time capability,373.75,Debt Payment,credit,-74161.17,False,Student Loan,amit_kumar,Amit Kumar
d3ed45bc-ee7,2024-06-14,Credit Card Payment - Synergistic executive pricing structure,73.15,Debt Payment,checking,-49705.47,False,Credit Card Payment,priya_singh,Priya Singh
0e84f4f6-e6f,2024-06-14,Parking Co - Advanced coherent knowledgebase,235.1,Transportation,savings,5868.75,False,Parking Co,tanishka_dhanwan,Tanishka Dhanwan
c36eb4c7-66b,2024-06-15,HOA Fees - Secured full-range array,1619.51,Housing,credit,-20232.06,False,HOA Fees,rajesh_sharma,Rajesh Sharma
4511cc5b-12f,2024-06-15,Online Course - Progressive non-volatile knowledgebase,329.43,Education,savings,-15517.97,False,Online Course,tanishka_dhanwan,Tanishka Dhanwan
91dbd226-127,2024-06-15,Best Buy - Visionary high-level product,32.4,Shopping,credit,-39762.44,False,Best Buy,tanishka_dhanwan,Tanishka Dhanwan
68272b5f-c8c,2024-06-15,AMC Theaters - Reverse-engineered bottom-line application,122.5,Entertainment,savings,-9446.82,False,AMC Theaters,tanishka_dhanwan,Tanishka Dhanwan
c17c65e9-9ff,2024-06-15,Electric Co - Adaptive global strategy,143.7,Utilities,savings,-15323.8,False,Electric Co,tanishka_dhanwan,Tanishka Dhanwan
2bbecd50-dee,2024-06-15,Health Ins Co - User-centric even-keeled project,428.79,Insurance,checking,5554.17,False,Health Ins Co,amit_kumar,Amit Kumar
4766678f-084,2024-06-15,CVS Pharmacy - Polarized non-volatile Internet solution,76.22,Healthcare,credit,-3874.6,False,CVS Pharmacy,amit_kumar,Amit Kumar
c9a61e29-6d0,2024-06-15,Property Mgmt - Innovative cohesive focus group,1718.64,Housing,savings,-56919.15,False,Property Mgmt,rajesh_sharma,Rajesh Sharma
c2b457b1-db0,2024-06-15,Whole Foods - Fundamental tangible encryption,159.45,Groceries,credit,-68909.55,False,Whole Foods,amit_kumar,Amit Kumar
338690c0-a8a,2024-06-15,Trader Joe's - Phased 3rdgeneration knowledge user,204.26,Groceries,savings,14683.4,False,Trader Joe's,amit_kumar,Amit Kumar
2ca59864-7cb,2024-06-15,Rent Payment - Self-enabling analyzing model,1909.96,Housing,credit,-4700.72,False,Rent Payment,amit_kumar,Amit Kumar
b3bfd40e-1c4,2024-06-15,Whole Foods - Up-sized 5thgeneration forecast,225.77,Groceries,savings,9511.48,False,Whole Foods,priya_singh,Priya Singh
cb4da4e4-266,2024-06-15,Parking Co - User-centric context-sensitive product,298.12,Transportation,credit,-70585.94,False,Parking Co,rajesh_sharma,Rajesh Sharma
596eca7b-15e,2024-06-15,Rent Payment - Visionary systematic Graphic Interface,1944.57,Housing,savings,-31707.68,False,Rent Payment,rajesh_sharma,Rajesh Sharma
fb075073-daf,2024-06-15,Adobe - Upgradable leadingedge support,442.13,Subscriptions,checking,3238.25,False,Adobe,amit_kumar,Amit Kumar
d5787874-08d,2024-06-15,Cloud Storage - Balanced interactive artificial intelligence,484.95,Subscriptions,checking,-412.19,False,Cloud Storage,priya_singh,Priya Singh
9440ea99-3b4,2024-06-15,Uber - Sharable optimal paradigm,250.31,Transportation,savings,16569.07,False,Uber,priya_singh,Priya Singh
9eb191b1-e04,2024-06-15,Chipotle - Focused upward-trending orchestration,95.76,Dining,credit,-70019.11,False,Chipotle,rajesh_sharma,Rajesh Sharma
bd590fd4-9aa,2024-06-15,Metro Transit - Organic foreground flexibility,49.44,Transportation,checking,-24478.73,False,Metro Transit,tanishka_dhanwan,Tanishka Dhanwan
cfb80360-7b4,2024-06-15,Uber - Open-architected analyzing product,102.15,Transportation,savings,-10824.01,False,Uber,priya_singh,Priya Singh
c878d979-8c0,2024-06-15,Spotify - Fully-configurable bottom-line open architecture,261.75,Entertainment,credit,-34962.63,False,Spotify,rajesh_sharma,Rajesh Sharma
2cf54597-67a,2024-06-16,Credit Card Payment - Organic client-driven orchestration,473.78,Debt Payment,savings,-16694.86,False,Credit Card Payment,amit_kumar,Amit Kumar
de3f45ab-8db,2024-06-16,Bookstore - Proactive actuating hardware,386.81,Education,credit,-71130.23,False,Bookstore,rajesh_sharma,Rajesh Sharma
683c4bb9-198,2024-06-16,Rent Payment - Triple-buffered dedicated budgetary management,1433.28,Housing,savings,-28341.49,False,Rent Payment,amit_kumar,Amit Kumar
379faa2d-59b,2024-06-16,Costco - Devolved interactive contingency,167.04,Groceries,savings,17572.65,False,Costco,rajesh_sharma,Rajesh Sharma
17f34ab0-150,2024-06-16,McDonald's - Switchable multi-tasking model,67.13,Dining,savings,-37054.43,False,McDonald's,tanishka_dhanwan,Tanishka Dhanwan
a1a8fc7c-3e7,2024-06-16,Costco - Open-source local artificial intelligence,300.66,Groceries,savings,5341.85,False,Costco,amit_kumar,Amit Kumar
d3b07f1a-0a9,2024-06-16,Dental Care - Visionary solution-oriented task-force,159.57,Healthcare,checking,1225.37,False,Dental Care,amit_kumar,Amit Kumar
3fef6188-bba,2024-06-16,Netflix - Multi-layered 6thgeneration standardization,115.11,Entertainment,savings,25257.24,False,Netflix,priya_singh,Priya Singh
990efb68-a34,2024-06-16,Electric Co - Managed incremental paradigm,490.94,Utilities,credit,-78975.3,False,Electric Co,priya_singh,Priya Singh
29678a1e-22f,2024-06-16,Payroll - Stark-Smith,4287.01,Income,credit,4661.95,True,Stark-Smith,priya_singh,Priya Singh
41c21285-bf6,2024-06-16,Local Bistro - Pre-emptive optimizing encryption,444.57,Dining,savings,-36828.18,False,Local Bistro,tanishka_dhanwan,Tanishka Dhanwan
260416e3-41e,2024-06-16,Spotify - Sharable bi-directional focus group,247.03,Entertainment,savings,-9323.52,False,Spotify,tanishka_dhanwan,Tanishka Dhanwan
31167edd-728,2024-06-16,Rent Payment - Virtual responsive approach,1287.93,Housing,credit,-61522.49,False,Rent Payment,priya_singh,Priya Singh
d0aa17bc-8ef,2024-06-16,Gym Membership - Synergistic empowering paradigm,230.07,Subscriptions,savings,-6081.07,False,Gym Membership,rajesh_sharma,Rajesh Sharma
374865e4-2e8,2024-06-16,Rent Payment - Profound reciprocal complexity,1383.8,Housing,credit,-53935.38,False,Rent Payment,priya_singh,Priya Singh
bad0e354-5c5,2024-06-16,Whole Foods - Re-contextualized foreground installation,46.2,Groceries,checking,-53764.22,False,Whole Foods,tanishka_dhanwan,Tanishka Dhanwan
8fdfca45-a21,2024-06-16,Internet Provider - Phased 4thgeneration middleware,23.63,Utilities,checking,-3812.41,False,Internet Provider,tanishka_dhanwan,Tanishka Dhanwan
55086d22-fa2,2024-06-16,Electric Co - Re-engineered maximized pricing structure,321.5,Utilities,savings,-29229.12,False,Electric Co,tanishka_dhanwan,Tanishka Dhanwan
5ecc5af6-70d,2024-06-16,Walmart - Customizable fault-tolerant algorithm,229.57,Groceries,savings,16893.88,False,Walmart,amit_kumar,Amit Kumar
d2f6957f-fff,2024-06-17,Local Bistro - Fundamental multi-state success,446.51,Dining,savings,5260.28,False,Local Bistro,tanishka_dhanwan,Tanishka Dhanwan
636e8f4c-3f5,2024-06-17,Gym Membership - Team-oriented modular hub,162.3,Subscriptions,savings,-11459.69,False,Gym Membership,rajesh_sharma,Rajesh Sharma
e943e990-ca2,2024-06-17,City Hospital - Multi-channeled homogeneous policy,439.04,Healthcare,savings,2855.89,False,City Hospital,amit_kumar,Amit Kumar
d84805d0-95d,2024-06-17,Property Mgmt - Expanded transitional paradigm,970.83,Housing,savings,-26719.97,False,Property Mgmt,rajesh_sharma,Rajesh Sharma
7d519f7e-c81,2024-06-17,Costco - Progressive leadingedge solution,22.46,Groceries,savings,-12512.55,False,Costco,tanishka_dhanwan,Tanishka Dhanwan
9c4b56f3-201,2024-06-17,Cloud Storage - Programmable systemic database,187.15,Subscriptions,checking,-47117.68,False,Cloud Storage,tanishka_dhanwan,Tanishka Dhanwan
1a588b18-31d,2024-06-17,Credit Card Payment - Open-architected optimizing algorithm,168.67,Debt Payment,credit,-35349.4,False,Credit Card Payment,tanishka_dhanwan,Tanishka Dhanwan
d2be370c-d4c,2024-06-17,Netflix - Versatile 24/7 complexity,387.55,Entertainment,credit,-43370.18,False,Netflix,tanishka_dhanwan,Tanishka Dhanwan
85095355-b41,2024-06-17,Best Buy - Self-enabling real-time portal,119.39,Shopping,savings,2699.61,False,Best Buy,amit_kumar,Amit Kumar
66f4d606-f57,2024-06-17,ATM Withdrawal - Optional non-volatile superstructure,414.22,Other,credit,-2790.76,False,ATM Withdrawal,amit_kumar,Amit Kumar
6a765670-71a,2024-06-17,Property Mgmt - Centralized composite utilization,1425.43,Housing,savings,-8099.32,False,Property Mgmt,rajesh_sharma,Rajesh Sharma
734fe734-46c,2024-06-18,Cloud Storage - Object-based dynamic access,370.77,Subscriptions,savings,20122.5,False,Cloud Storage,priya_singh,Priya Singh
11e69743-d20,2024-06-18,Water Dept - Polarized eco-centric function,401.64,Utilities,savings,25503.64,False,Water Dept,priya_singh,Priya Singh
b8bad551-fc3,2024-06-18,Chipotle - Quality-focused bottom-line adapter,289.98,Dining,checking,-59055.81,False,Chipotle,amit_kumar,Amit Kumar
b0211c0e-530,2024-06-18,Uber - Optional didactic collaboration,352.99,Transportation,credit,-27015.0,False,Uber,tanishka_dhanwan,Tanishka Dhanwan
9c48ee43-d4b,2024-06-18,Parking Co - User-centric content-based challenge,496.17,Transportation,checking,-63939.61,False,Parking Co,priya_singh,Priya Singh
8a5d0d85-13d,2024-06-18,Payroll - Gray-Mayo,1594.24,Income,checking,6651.11,True,Gray-Mayo,rajesh_sharma,Rajesh Sharma
651f41e8-0da,2024-06-18,Dental Care - Team-oriented holistic functionalities,74.05,Healthcare,checking,-1992.06,False,Dental Care,amit_kumar,Amit Kumar
29b89464-711,2024-06-18,Online Course - Exclusive high-level Local Area Network,137.05,Education,credit,-4837.77,False,Online Course,amit_kumar,Amit Kumar
c8781444-bd7,2024-06-18,Dental Care - Multi-tiered systemic software,98.75,Healthcare,checking,-21129.17,False,Dental Care,tanishka_dhanwan,Tanishka Dhanwan
98c55187-eea,2024-06-18,"Payroll - Austin, Day and Johnson",2933.97,Income,checking,-22984.93,True,"Austin, Day and Johnson",rajesh_sharma,Rajesh Sharma
06a50978-8d1,2024-06-18,City Hospital - Sharable needs-based website,25.01,Healthcare,credit,-68455.6,False,City Hospital,priya_singh,Priya Singh
e44fb8b4-6fa,2024-06-18,Rent Payment - Assimilated well-modulated functionalities,2007.15,Housing,checking,-39894.75,False,Rent Payment,priya_singh,Priya Singh
2608bd87-7ca,2024-06-18,Property Mgmt - Profound solution-oriented Graphical User Interface,1919.57,Housing,credit,-77388.05,False,Property Mgmt,amit_kumar,Amit Kumar
97d61efa-fa0,2024-06-18,Netflix - Vision-oriented background capacity,386.38,Entertainment,checking,3062.9,False,Netflix,priya_singh,Priya Singh
b8aac297-8c9,2024-06-18,Whole Foods - Distributed background hub,457.93,Groceries,credit,-10276.12,False,Whole Foods,amit_kumar,Amit Kumar
281c993b-5a4,2024-06-18,Electric Co - Digitized foreground Local Area Network,39.59,Utilities,checking,4077.03,False,Electric Co,amit_kumar,Amit Kumar
678070aa-cec,2024-06-18,Marriott - Quality-focused didactic protocol,242.33,Travel,checking,-56904.31,False,Marriott,priya_singh,Priya Singh
0daa031c-488,2024-06-18,Uber - Horizontal hybrid middleware,42.54,Transportation,savings,8511.49,False,Uber,tanishka_dhanwan,Tanishka Dhanwan
27e096fb-7e3,2024-06-18,Rent Payment - Total heuristic open system,2091.0,Housing,savings,-70604.92,False,Rent Payment,rajesh_sharma,Rajesh Sharma
d355919a-f09,2024-06-18,Local Bistro - Persevering actuating artificial intelligence,315.26,Dining,credit,-37601.32,False,Local Bistro,tanishka_dhanwan,Tanishka Dhanwan
7a983ab4-bf4,2024-06-18,Payroll - Cruz-Gomez,1645.41,Income,savings,-19502.47,True,Cruz-Gomez,amit_kumar,Amit Kumar
4551ad50-b63,2024-06-18,Health Ins Co - Distributed 5thgeneration Graphic Interface,102.76,Insurance,checking,-41266.53,False,Health Ins Co,tanishka_dhanwan,Tanishka Dhanwan
c6bf9ff4-c3c,2024-06-18,Chipotle - Distributed system-worthy migration,220.14,Dining,savings,14052.64,False,Chipotle,amit_kumar,Amit Kumar
3d6cd526-07a,2024-06-19,Internet Provider - Upgradable mission-critical analyzer,103.58,Utilities,savings,17123.45,False,Internet Provider,amit_kumar,Amit Kumar
65840955-710,2024-06-19,Electric Co - Innovative directional data-warehouse,252.42,Utilities,savings,8873.6,False,Electric Co,priya_singh,Priya Singh
1c5d62db-7eb,2024-06-19,Whole Foods - Fully-configurable logistical hardware,26.79,Groceries,credit,-67517.26,False,Whole Foods,rajesh_sharma,Rajesh Sharma
5052fbbe-bbd,2024-06-19,Trader Joe's - Mandatory static service-desk,363.25,Groceries,credit,-25561.23,False,Trader Joe's,rajesh_sharma,Rajesh Sharma
e8028200-02f,2024-06-19,Starbucks - Digitized upward-trending superstructure,210.04,Dining,savings,-4837.96,False,Starbucks,priya_singh,Priya Singh
87945471-333,2024-06-19,HOA Fees - Customer-focused attitude-oriented contingency,1234.53,Housing,savings,8273.63,False,HOA Fees,tanishka_dhanwan,Tanishka Dhanwan
7ff8aff0-83b,2024-06-19,Chipotle - Managed exuding budgetary management,480.11,Dining,credit,-71940.23,False,Chipotle,amit_kumar,Amit Kumar
fd320883-d0e,2024-06-19,HOA Fees - Multi-lateral bi-directional array,1338.83,Housing,savings,-36439.28,False,HOA Fees,rajesh_sharma,Rajesh Sharma
53f7c696-2ee,2024-06-19,McDonald's - Object-based cohesive budgetary management,85.19,Dining,savings,693.39,False,McDonald's,amit_kumar,Amit Kumar
51ca7b33-84e,2024-06-19,Payroll - Brandt and Sons,3637.86,Income,checking,7199.18,True,Brandt and Sons,amit_kumar,Amit Kumar
36bf717e-1b8,2024-06-19,Metro Transit - Cloned bi-directional budgetary management,51.3,Transportation,credit,-66611.29,False,Metro Transit,priya_singh,Priya Singh
17f82f36-151,2024-06-19,Gym Membership - Exclusive clear-thinking definition,322.63,Subscriptions,credit,-49789.08,False,Gym Membership,tanishka_dhanwan,Tanishka Dhanwan
8a1e7b56-799,2024-06-19,AMC Theaters - Balanced 24/7 success,362.67,Entertainment,credit,-35830.57,False,AMC Theaters,tanishka_dhanwan,Tanishka Dhanwan
364001d3-970,2024-06-19,State Farm - Pre-emptive disintermediate implementation,202.84,Insurance,checking,-53330.96,False,State Farm,tanishka_dhanwan,Tanishka Dhanwan
efa171bb-dbd,2024-06-19,CVS Pharmacy - Multi-tiered 4thgeneration portal,487.6,Healthcare,checking,-45446.39,False,CVS Pharmacy,amit_kumar,Amit Kumar
d3ecda52-a81,2024-06-19,State Farm - Multi-channeled heuristic process improvement,395.91,Insurance,checking,-16184.93,False,State Farm,tanishka_dhanwan,Tanishka Dhanwan
5e62a197-ad4,2024-06-19,"Payroll - Turner, Long and Hendricks",1869.21,Income,credit,-32230.82,True,"Turner, Long and Hendricks",tanishka_dhanwan,Tanishka Dhanwan
697776ae-b30,2024-06-19,Whole Foods - Adaptive secondary success,493.16,Groceries,checking,-3501.66,False,Whole Foods,priya_singh,Priya Singh
25f03e77-931,2024-06-19,Health Ins Co - Versatile client-driven capacity,95.09,Insurance,credit,-36087.41,False,Health Ins Co,tanishka_dhanwan,Tanishka Dhanwan
403d274a-44f,2024-06-19,Misc Purchase - Mandatory attitude-oriented circuit,104.85,Other,savings,-7169.32,False,Misc Purchase,priya_singh,Priya Singh
aeb522e9-627,2024-06-19,McDonald's - Object-based uniform open system,303.07,Dining,savings,-2629.35,False,McDonald's,priya_singh,Priya Singh
3be88eb8-aca,2024-06-19,Payroll - Ryan PLC,3709.69,Income,savings,17763.75,True,Ryan PLC,rajesh_sharma,Rajesh Sharma
9b648772-ca1,2024-06-20,"Payroll - Jackson, Jones and Robertson",3273.64,Income,credit,-40372.12,True,"Jackson, Jones and Robertson",tanishka_dhanwan,Tanishka Dhanwan
0b43ab1a-ab3,2024-06-20,Property Mgmt - Profit-focused multi-state superstructure,1887.49,Housing,savings,8107.0,False,Property Mgmt,tanishka_dhanwan,Tanishka Dhanwan
15b7fc86-160,2024-06-20,Netflix - Configurable systemic installation,213.56,Entertainment,credit,-1683.17,False,Netflix,tanishka_dhanwan,Tanishka Dhanwan
5d07e6d8-7e6,2024-06-20,Rent Payment - Enhanced non-volatile access,1113.52,Housing,savings,-22532.01,False,Rent Payment,tanishka_dhanwan,Tanishka Dhanwan
8a18bcdc-781,2024-06-20,Water Dept - Realigned didactic installation,14.6,Utilities,checking,-26171.44,False,Water Dept,tanishka_dhanwan,Tanishka Dhanwan
1caa97c0-f46,2024-06-20,Water Dept - Advanced hybrid extranet,303.56,Utilities,savings,5922.56,False,Water Dept,amit_kumar,Amit Kumar
33b7b9c8-5be,2024-06-20,Payroll - Potter-Deleon,2036.7,Income,savings,-28448.32,True,Potter-Deleon,amit_kumar,Amit Kumar
f9011c07-584,2024-06-20,Credit Card Payment - Focused homogeneous open system,218.73,Debt Payment,credit,-63161.69,False,Credit Card Payment,rajesh_sharma,Rajesh Sharma
9ed4f246-511,2024-06-20,AMC Theaters - Future-proofed incremental definition,138.79,Entertainment,savings,3956.68,False,AMC Theaters,priya_singh,Priya Singh
3041e23e-3d6,2024-06-20,Whole Foods - Function-based mobile hierarchy,205.36,Groceries,credit,-71460.12,False,Whole Foods,amit_kumar,Amit Kumar
8eb5eeac-4b3,2024-06-20,Property Mgmt - Horizontal intangible knowledge user,920.58,Housing,checking,-34515.16,False,Property Mgmt,tanishka_dhanwan,Tanishka Dhanwan
539356fb-e29,2024-06-20,Student Loan - Grass-roots intangible monitoring,319.13,Debt Payment,credit,-39056.61,False,Student Loan,amit_kumar,Amit Kumar
e359a1fb-da1,2024-06-20,Internet Provider - Stand-alone upward-trending project,233.01,Utilities,credit,-66853.11,False,Internet Provider,rajesh_sharma,Rajesh Sharma
cbcb1cf8-994,2024-06-20,Spotify - User-friendly background secured line,393.89,Entertainment,checking,307.36,False,Spotify,amit_kumar,Amit Kumar
8d9ef7cc-4d8,2024-06-20,HOA Fees - Reactive 4thgeneration superstructure,2183.74,Housing,credit,-64040.81,False,HOA Fees,rajesh_sharma,Rajesh Sharma
30238cb1-854,2024-06-20,State Farm - Universal leadingedge archive,348.26,Insurance,checking,-20230.77,False,State Farm,rajesh_sharma,Rajesh Sharma
fe7d5db3-a13,2024-06-21,Delta Airlines - Quality-focused national website,441.87,Travel,credit,-35555.62,False,Delta Airlines,tanishka_dhanwan,Tanishka Dhanwan
c5d97d46-393,2024-06-21,Netflix - Right-sized multi-state task-force,314.55,Entertainment,checking,4492.2,False,Netflix,amit_kumar,Amit Kumar
d3b5e50b-be6,2024-06-21,Spotify - Implemented directional initiative,361.71,Entertainment,credit,-35239.32,False,Spotify,rajesh_sharma,Rajesh Sharma
92005047-4e1,2024-06-21,Property Mgmt - Mandatory actuating open system,2137.43,Housing,checking,-21068.33,False,Property Mgmt,tanishka_dhanwan,Tanishka Dhanwan
09a48359-274,2024-06-21,Misc Purchase - Expanded web-enabled moratorium,23.32,Other,savings,17476.13,False,Misc Purchase,priya_singh,Priya Singh
8c0e9c6e-4c9,2024-06-21,Chipotle - Cross-platform 5thgeneration orchestration,373.76,Dining,credit,-58424.85,False,Chipotle,priya_singh,Priya Singh
91e33c8e-f04,2024-06-21,Delta Airlines - Customizable disintermediate methodology,254.22,Travel,checking,-53111.37,False,Delta Airlines,rajesh_sharma,Rajesh Sharma
8afef49f-bea,2024-06-21,"Payroll - King, Garrett and Maddox",2832.37,Income,checking,-50311.4,True,"King, Garrett and Maddox",tanishka_dhanwan,Tanishka Dhanwan
da7a3c82-2ff,2024-06-21,AMC Theaters - Realigned 24/7 collaboration,336.37,Entertainment,savings,10069.43,False,AMC Theaters,tanishka_dhanwan,Tanishka Dhanwan
96948c29-b33,2024-06-21,Rent Payment - Optional incremental hub,1126.9,Housing,checking,-2354.08,False,Rent Payment,amit_kumar,Amit Kumar
cbcf37a4-803,2024-06-21,Chipotle - Managed local moratorium,197.28,Dining,savings,7679.62,False,Chipotle,priya_singh,Priya Singh
9c035ea0-0f7,2024-06-21,Expedia - Synchronized high-level infrastructure,73.42,Travel,savings,22862.93,False,Expedia,amit_kumar,Amit Kumar
19692136-a6c,2024-06-21,AMC Theaters - Self-enabling system-worthy standardization,289.12,Entertainment,credit,-58866.91,False,AMC Theaters,priya_singh,Priya Singh
c1809456-735,2024-06-22,Rent Payment - Organized value-added data-warehouse,1306.75,Housing,credit,-45757.93,False,Rent Payment,tanishka_dhanwan,Tanishka Dhanwan
3f7fdf27-0ef,2024-06-22,Payroll - Graham-Morgan,2491.77,Income,checking,-59680.31,True,Graham-Morgan,tanishka_dhanwan,Tanishka Dhanwan
685ef634-dc0,2024-06-22,Spotify - Digitized homogeneous interface,115.8,Entertainment,checking,-43649.33,False,Spotify,amit_kumar,Amit Kumar
2befef70-66c,2024-06-22,Local Bistro - Focused user-facing migration,120.25,Dining,credit,-77179.28,False,Local Bistro,rajesh_sharma,Rajesh Sharma
4728a93c-b94,2024-06-22,Water Dept - Automated system-worthy policy,145.43,Utilities,checking,-57157.98,False,Water Dept,priya_singh,Priya Singh
5838eac8-ab3,2024-06-22,Netflix - Customer-focused composite focus group,162.63,Entertainment,credit,-76879.24,False,Netflix,priya_singh,Priya Singh
dc6e09e2-e61,2024-06-22,Rent Payment - Total impactful artificial intelligence,2121.1,Housing,savings,-60060.63,False,Rent Payment,rajesh_sharma,Rajesh Sharma
d18b7168-875,2024-06-22,Dental Care - Organic reciprocal forecast,489.06,Healthcare,credit,-51844.39,False,Dental Care,rajesh_sharma,Rajesh Sharma
9ce0c642-76b,2024-06-22,Electric Co - Object-based modular algorithm,134.69,Utilities,checking,-62141.77,False,Electric Co,rajesh_sharma,Rajesh Sharma
d887810f-192,2024-06-22,Starbucks - Enhanced full-range middleware,97.2,Dining,credit,-52648.25,False,Starbucks,tanishka_dhanwan,Tanishka Dhanwan
0fafed90-2c7,2024-06-22,McDonald's - Vision-oriented optimizing moderator,361.24,Dining,savings,-26898.47,False,McDonald's,amit_kumar,Amit Kumar
cadbc5bc-38c,2024-06-22,CVS Pharmacy - Organic intangible flexibility,449.57,Healthcare,checking,-26237.98,False,CVS Pharmacy,rajesh_sharma,Rajesh Sharma
7d2bdbd3-1d4,2024-06-22,HOA Fees - Switchable cohesive access,1510.7,Housing,checking,-26519.77,False,HOA Fees,amit_kumar,Amit Kumar
d173474b-122,2024-06-23,Payroll - Hanson-Bentley,3866.08,Income,checking,14511.83,True,Hanson-Bentley,tanishka_dhanwan,Tanishka Dhanwan
79a0b3a7-455,2024-06-23,Rent Payment - Pre-emptive intermediate challenge,1807.6,Housing,checking,9919.58,False,Rent Payment,amit_kumar,Amit Kumar
91d1e467-c6b,2024-06-23,Starbucks - Fully-configurable intangible success,27.27,Dining,credit,-75332.55,False,Starbucks,rajesh_sharma,Rajesh Sharma
c514285d-03b,2024-06-23,Property Mgmt - Fully-configurable bottom-line knowledgebase,1326.67,Housing,credit,-25331.6,False,Property Mgmt,rajesh_sharma,Rajesh Sharma
80745b58-1ae,2024-06-23,City Hospital - Business-focused secondary matrices,329.03,Healthcare,savings,-4824.81,False,City Hospital,rajesh_sharma,Rajesh Sharma
42c068a8-4eb,2024-06-23,Parking Co - Re-engineered zero-defect solution,484.75,Transportation,credit,-3346.11,False,Parking Co,tanishka_dhanwan,Tanishka Dhanwan
656ed151-84c,2024-06-23,Starbucks - Innovative background concept,283.58,Dining,checking,-9891.71,False,Starbucks,amit_kumar,Amit Kumar
6f8a3957-49c,2024-06-23,Credit Card Payment - Optional heuristic protocol,429.56,Debt Payment,checking,-1619.33,False,Credit Card Payment,tanishka_dhanwan,Tanishka Dhanwan
6b19333f-b02,2024-06-23,Expedia - Ergonomic full-range Graphical User Interface,314.41,Travel,savings,-3215.67,False,Expedia,priya_singh,Priya Singh
4af1f151-573,2024-06-23,Payroll - Lara-Roberts,1516.71,Income,savings,24194.6,True,Lara-Roberts,amit_kumar,Amit Kumar
06878416-634,2024-06-23,Expedia - Persistent 3rdgeneration intranet,378.21,Travel,savings,-28074.23,False,Expedia,tanishka_dhanwan,Tanishka Dhanwan
dde0c601-768,2024-06-23,Internet Provider - Centralized incremental help-desk,396.4,Utilities,savings,-32267.35,False,Internet Provider,tanishka_dhanwan,Tanishka Dhanwan
32d31b6d-ba4,2024-06-23,Internet Provider - Operative value-added benchmark,440.71,Utilities,credit,-60851.79,False,Internet Provider,priya_singh,Priya Singh
2934c204-74d,2024-06-23,Starbucks - Horizontal regional architecture,275.56,Dining,checking,-3889.75,False,Starbucks,priya_singh,Priya Singh
de215ea9-a72,2024-06-23,Trader Joe's - Team-oriented contextually-based ability,414.22,Groceries,savings,-15412.25,False,Trader Joe's,amit_kumar,Amit Kumar
5333a945-e13,2024-06-23,State Farm - Polarized clear-thinking flexibility,202.0,Insurance,checking,-19147.29,False,State Farm,tanishka_dhanwan,Tanishka Dhanwan
871a5572-695,2024-06-23,State Farm - Open-architected holistic software,104.62,Insurance,checking,-60615.87,False,State Farm,rajesh_sharma,Rajesh Sharma
1bc2d4bc-387,2024-06-24,State Farm - Centralized solution-oriented info-mediaries,333.35,Insurance,credit,-65462.91,False,State Farm,amit_kumar,Amit Kumar
ac954d33-9d9,2024-06-24,Netflix - Persevering foreground collaboration,466.42,Entertainment,credit,-2037.4,False,Netflix,amit_kumar,Amit Kumar
b224fbfc-44c,2024-06-24,Best Buy - Re-contextualized attitude-oriented capacity,268.5,Shopping,credit,-32087.03,False,Best Buy,tanishka_dhanwan,Tanishka Dhanwan
0a85ccb9-29d,2024-06-24,Chipotle - Profound zero administration database,459.03,Dining,credit,-36005.51,False,Chipotle,tanishka_dhanwan,Tanishka Dhanwan
a5e4b4b1-c1e,2024-06-24,Costco - Expanded grid-enabled utilization,369.03,Groceries,checking,8618.3,False,Costco,amit_kumar,Amit Kumar
2018df6c-669,2024-06-24,Whole Foods - Organic zero-defect hierarchy,197.57,Groceries,savings,35139.28,False,Whole Foods,priya_singh,Priya Singh
67d50cee-e7a,2024-06-24,McDonald's - Ameliorated bottom-line protocol,157.48,Dining,checking,5061.42,False,McDonald's,amit_kumar,Amit Kumar
3a831475-8bb,2024-06-24,Best Buy - De-engineered heuristic secured line,334.4,Shopping,checking,-2137.85,False,Best Buy,amit_kumar,Amit Kumar
3a7530cd-14b,2024-06-24,Amazon - Persistent modular hierarchy,192.21,Shopping,credit,-38737.48,False,Amazon,amit_kumar,Amit Kumar
a0d68477-c2b,2024-06-24,Netflix - Re-contextualized discrete model,107.26,Entertainment,checking,1269.67,False,Netflix,amit_kumar,Amit Kumar
99919b77-f4f,2024-06-24,Costco - Realigned fresh-thinking pricing structure,291.08,Groceries,savings,-6372.15,False,Costco,rajesh_sharma,Rajesh Sharma
121df558-2c2,2024-06-24,Walmart - Face-to-face cohesive knowledge user,16.73,Groceries,savings,11179.43,False,Walmart,priya_singh,Priya Singh
72df914f-8f2,2024-06-24,"Payroll - Merritt, Riley and Anthony",1673.41,Income,savings,-37483.18,True,"Merritt, Riley and Anthony",tanishka_dhanwan,Tanishka Dhanwan
10aa3e5a-756,2024-06-24,"Payroll - Fox, Moore and Smith",3768.56,Income,checking,-50230.8,True,"Fox, Moore and Smith",tanishka_dhanwan,Tanishka Dhanwan
d63a87ce-588,2024-06-24,Water Dept - Digitized high-level circuit,343.09,Utilities,savings,15195.91,False,Water Dept,tanishka_dhanwan,Tanishka Dhanwan
b73a35e6-7e3,2024-06-24,Delta Airlines - Switchable multimedia parallelism,267.87,Travel,checking,5625.18,False,Delta Airlines,amit_kumar,Amit Kumar
3593ebc4-73b,2024-06-24,Whole Foods - Intuitive demand-driven hub,94.5,Groceries,savings,-32554.83,False,Whole Foods,rajesh_sharma,Rajesh Sharma
4c2331ab-9a7,2024-06-24,Spotify - Front-line regional encryption,221.14,Entertainment,savings,-4449.45,False,Spotify,priya_singh,Priya Singh
d9572a42-4c6,2024-06-25,State Farm - Cross-group neutral forecast,38.05,Insurance,checking,-11499.98,False,State Farm,priya_singh,Priya Singh
b94d1e4a-dea,2024-06-25,Marriott - Face-to-face clear-thinking customer loyalty,430.06,Travel,checking,-60511.25,False,Marriott,rajesh_sharma,Rajesh Sharma
96dda19f-f95,2024-06-25,City Hospital - Open-source foreground knowledge user,110.6,Healthcare,savings,12413.44,False,City Hospital,amit_kumar,Amit Kumar
38aa929e-71c,2024-06-25,AMC Theaters - Persevering tertiary matrix,333.33,Entertainment,checking,-59064.15,False,AMC Theaters,tanishka_dhanwan,Tanishka Dhanwan
252abac9-135,2024-06-25,Whole Foods - Enterprise-wide client-server synergy,139.92,Groceries,checking,-4551.88,False,Whole Foods,tanishka_dhanwan,Tanishka Dhanwan
3b2a4dde-2ab,2024-06-25,Gym Membership - Virtual well-modulated projection,295.51,Subscriptions,savings,-9602.75,False,Gym Membership,rajesh_sharma,Rajesh Sharma
e2b05cc1-c24,2024-06-25,Cloud Storage - Organized hybrid ability,182.5,Subscriptions,credit,-62033.52,False,Cloud Storage,priya_singh,Priya Singh
5bb48c2e-f6f,2024-06-25,Payroll - Bautista-Scott,3143.6,Income,savings,-20377.64,True,Bautista-Scott,amit_kumar,Amit Kumar
375148fa-1f7,2024-06-25,Spotify - User-centric radical functionalities,453.52,Entertainment,credit,-10578.27,False,Spotify,tanishka_dhanwan,Tanishka Dhanwan
4bb97d0e-7a6,2024-06-25,Property Mgmt - Synergistic maximized algorithm,947.91,Housing,savings,-20283.48,False,Property Mgmt,tanishka_dhanwan,Tanishka Dhanwan
f7822b87-83a,2024-06-25,Best Buy - Centralized bandwidth-monitored approach,304.39,Shopping,savings,-27467.07,False,Best Buy,tanishka_dhanwan,Tanishka Dhanwan
a2f41f7b-b9a,2024-06-25,Marriott - Re-engineered full-range productivity,85.5,Travel,credit,-47967.29,False,Marriott,tanishka_dhanwan,Tanishka Dhanwan
a7ef4b4c-3a4,2024-06-25,CVS Pharmacy - De-engineered modular utilization,180.24,Healthcare,credit,-68572.89,False,CVS Pharmacy,amit_kumar,Amit Kumar
2d1611d3-c92,2024-06-25,Water Dept - Innovative mobile website,116.24,Utilities,savings,18302.86,False,Water Dept,amit_kumar,Amit Kumar
7c63f98a-077,2024-06-25,McDonald's - Innovative dedicated info-mediaries,198.61,Dining,credit,-52576.27,False,McDonald's,rajesh_sharma,Rajesh Sharma
439bc948-3b7,2024-06-25,Spotify - Distributed executive function,67.65,Entertainment,checking,-59747.96,False,Spotify,tanishka_dhanwan,Tanishka Dhanwan
04c1f680-e23,2024-06-25,City Hospital - Re-contextualized regional approach,448.4,Healthcare,checking,-16987.09,False,City Hospital,rajesh_sharma,Rajesh Sharma
868bf7e7-7a1,2024-06-25,Gym Membership - Profound demand-driven workforce,362.17,Subscriptions,credit,-74439.01,False,Gym Membership,rajesh_sharma,Rajesh Sharma
1d048a46-8c1,2024-06-25,Spotify - Total leadingedge projection,6.14,Entertainment,savings,-31002.67,False,Spotify,tanishka_dhanwan,Tanishka Dhanwan
58f5b894-f43,2024-06-25,Parking Co - Implemented neutral matrix,105.96,Transportation,checking,1857.82,False,Parking Co,amit_kumar,Amit Kumar
a17f4b57-736,2024-06-26,Dental Care - Inverse web-enabled moderator,130.0,Healthcare,checking,2890.83,False,Dental Care,priya_singh,Priya Singh
4e61e650-249,2024-06-26,Expedia - Persevering optimizing algorithm,428.41,Travel,savings,34000.19,False,Expedia,priya_singh,Priya Singh
421c7cc5-843,2024-06-26,Cloud Storage - Front-line exuding database,57.09,Subscriptions,credit,-10244.51,False,Cloud Storage,amit_kumar,Amit Kumar
781907c2-e65,2024-06-26,Water Dept - Visionary 24hour budgetary management,203.88,Utilities,credit,-57542.23,False,Water Dept,priya_singh,Priya Singh
da7f1a7f-430,2024-06-26,Misc Purchase - Organized intangible moderator,385.71,Other,savings,7027.54,False,Misc Purchase,tanishka_dhanwan,Tanishka Dhanwan
9f8b987c-781,2024-06-26,Electric Co - Front-line system-worthy leverage,467.7,Utilities,checking,-18448.45,False,Electric Co,rajesh_sharma,Rajesh Sharma
8bbc37a2-d4a,2024-06-26,Electric Co - Fundamental disintermediate process improvement,361.14,Utilities,savings,16772.05,False,Electric Co,amit_kumar,Amit Kumar
092843de-a04,2024-06-26,Payroll - Craig-Chavez,2548.47,Income,credit,-36651.35,True,Craig-Chavez,tanishka_dhanwan,Tanishka Dhanwan
306e4147-d3d,2024-06-26,Local Bistro - Multi-lateral intangible collaboration,170.35,Dining,credit,-66417.5,False,Local Bistro,priya_singh,Priya Singh
bf4adbce-f55,2024-06-26,Chipotle - Monitored bandwidth-monitored leverage,162.88,Dining,checking,-59456.21,False,Chipotle,tanishka_dhanwan,Tanishka Dhanwan
1200c00d-1c5,2024-06-27,Local Bistro - User-friendly static website,70.86,Dining,credit,-69685.8,False,Local Bistro,amit_kumar,Amit Kumar
93a2b4bb-f13,2024-06-27,Rent Payment - Balanced static intranet,1511.34,Housing,credit,-33312.42,False,Rent Payment,amit_kumar,Amit Kumar
d82023aa-cfd,2024-06-27,Spotify - Monitored 4thgeneration matrices,142.3,Entertainment,checking,-33810.01,False,Spotify,rajesh_sharma,Rajesh Sharma
ab6de425-a91,2024-06-27,Credit Card Payment - Front-line uniform policy,359.13,Debt Payment,savings,-4321.39,False,Credit Card Payment,amit_kumar,Amit Kumar
6f519ef4-a71,2024-06-27,Parking Co - Operative tangible moratorium,226.37,Transportation,credit,-6211.59,False,Parking Co,tanishka_dhanwan,Tanishka Dhanwan
9fde48e8-002,2024-06-27,Student Loan - Profound asynchronous success,460.85,Debt Payment,savings,17345.34,False,Student Loan,priya_singh,Priya Singh
72f77186-a57,2024-06-27,Health Ins Co - Object-based tertiary capacity,94.16,Insurance,credit,-35839.18,False,Health Ins Co,tanishka_dhanwan,Tanishka Dhanwan
b579cd80-ade,2024-06-27,HOA Fees - Profound coherent installation,2146.44,Housing,checking,-53482.31,False,HOA Fees,amit_kumar,Amit Kumar
1d91cfa5-539,2024-06-27,Adobe - Distributed methodical architecture,24.29,Subscriptions,credit,-44183.14,False,Adobe,tanishka_dhanwan,Tanishka Dhanwan
c4b81c0f-ab1,2024-06-27,CVS Pharmacy - Synergistic value-added Local Area Network,412.01,Healthcare,checking,-13038.53,False,CVS Pharmacy,amit_kumar,Amit Kumar
89b39a20-284,2024-06-27,Rent Payment - Advanced heuristic system engine,1180.71,Housing,savings,8554.03,False,Rent Payment,tanishka_dhanwan,Tanishka Dhanwan
04032f3f-2d9,2024-06-27,HOA Fees - Polarized explicit frame,1014.42,Housing,savings,-19950.49,False,HOA Fees,tanishka_dhanwan,Tanishka Dhanwan
dee17ee9-df4,2024-06-27,State Farm - Synergized intermediate customer loyalty,203.08,Insurance,credit,1596.83,False,State Farm,priya_singh,Priya Singh
ccf52a00-af6,2024-06-27,"Payroll - York, Wells and Wolfe",2805.29,Income,checking,9857.05,True,"York, Wells and Wolfe",amit_kumar,Amit Kumar
12acac2c-a2d,2024-06-27,Student Loan - Pre-emptive next generation pricing structure,352.9,Debt Payment,savings,-35173.14,False,Student Loan,tanishka_dhanwan,Tanishka Dhanwan
fe4c5115-ef7,2024-06-27,Rent Payment - Intuitive transitional support,1078.93,Housing,credit,-19307.51,False,Rent Payment,priya_singh,Priya Singh
b80cb247-935,2024-06-27,Spotify - Monitored incremental groupware,271.95,Entertainment,checking,-15050.89,False,Spotify,rajesh_sharma,Rajesh Sharma
d1d6dd2e-13e,2024-06-28,AMC Theaters - Expanded bottom-line matrix,490.82,Entertainment,checking,-54281.38,False,AMC Theaters,tanishka_dhanwan,Tanishka Dhanwan
a0b57018-6fb,2024-06-28,Student Loan - Fully-configurable disintermediate project,445.13,Debt Payment,savings,13177.13,False,Student Loan,amit_kumar,Amit Kumar
c18d985e-60d,2024-06-28,HOA Fees - Profit-focused high-level matrices,1817.26,Housing,credit,-54801.15,False,HOA Fees,tanishka_dhanwan,Tanishka Dhanwan
397ea476-4d2,2024-06-28,Credit Card Payment - Universal leadingedge array,243.65,Debt Payment,credit,-53490.76,False,Credit Card Payment,rajesh_sharma,Rajesh Sharma
b2a7dd12-5f0,2024-06-28,Netflix - Future-proofed client-driven benchmark,385.99,Entertainment,savings,-28963.13,False,Netflix,rajesh_sharma,Rajesh Sharma
391628af-81f,2024-06-28,Marriott - Open-architected scalable utilization,353.28,Travel,checking,-501.71,False,Marriott,amit_kumar,Amit Kumar
1ff59ea0-908,2024-06-28,HOA Fees - Triple-buffered object-oriented matrices,1345.01,Housing,checking,-39010.35,False,HOA Fees,amit_kumar,Amit Kumar
8c024618-222,2024-06-28,Whole Foods - Customer-focused foreground encoding,14.82,Groceries,credit,-49607.82,False,Whole Foods,rajesh_sharma,Rajesh Sharma
cfc2eaa9-362,2024-06-28,Walmart - Centralized disintermediate open system,432.85,Groceries,credit,-6829.94,False,Walmart,rajesh_sharma,Rajesh Sharma
9bb8b2cd-5cd,2024-06-28,Starbucks - Automated intermediate algorithm,213.13,Dining,credit,-43645.76,False,Starbucks,tanishka_dhanwan,Tanishka Dhanwan
70ad5253-1b0,2024-06-28,State Farm - Customizable 5thgeneration interface,319.8,Insurance,checking,-46108.25,False,State Farm,tanishka_dhanwan,Tanishka Dhanwan
37bbadc6-867,2024-06-28,Misc Purchase - Grass-roots clear-thinking migration,315.44,Other,checking,476.63,False,Misc Purchase,amit_kumar,Amit Kumar
22fc6b6c-c82,2024-06-29,AMC Theaters - Reactive web-enabled Local Area Network,359.58,Entertainment,savings,5947.18,False,AMC Theaters,amit_kumar,Amit Kumar
fbc30ace-555,2024-06-29,Spotify - Ergonomic even-keeled forecast,441.55,Entertainment,credit,-45050.36,False,Spotify,tanishka_dhanwan,Tanishka Dhanwan
c4ab0b17-0cc,2024-06-29,HOA Fees - Re-contextualized stable Graphic Interface,1569.59,Housing,credit,-45274.92,False,HOA Fees,tanishka_dhanwan,Tanishka Dhanwan
05cf69c3-51b,2024-06-29,Rent Payment - Adaptive composite matrix,1765.59,Housing,checking,-28557.78,False,Rent Payment,amit_kumar,Amit Kumar
0163cc78-931,2024-06-29,Online Course - Pre-emptive analyzing circuit,225.36,Education,checking,-57512.82,False,Online Course,rajesh_sharma,Rajesh Sharma
e147ce13-b1f,2024-06-29,Shell Gas - Seamless motivating website,445.36,Transportation,checking,5826.37,False,Shell Gas,amit_kumar,Amit Kumar
47edf3f4-9f9,2024-06-29,Health Ins Co - Fully-configurable coherent software,145.71,Insurance,credit,-36960.5,False,Health Ins Co,tanishka_dhanwan,Tanishka Dhanwan
13269a91-c5f,2024-06-29,Trader Joe's - Up-sized responsive methodology,423.53,Groceries,savings,-39071.13,False,Trader Joe's,rajesh_sharma,Rajesh Sharma
5afe0d44-e14,2024-06-29,Best Buy - Quality-focused zero tolerance matrix,151.05,Shopping,credit,-79996.7,False,Best Buy,rajesh_sharma,Rajesh Sharma
a33790d4-a41,2024-06-29,Parking Co - Innovative 24/7 data-warehouse,368.24,Transportation,savings,-33530.61,False,Parking Co,rajesh_sharma,Rajesh Sharma
4b044d27-d4d,2024-06-29,Payroll - Rhodes-Thompson,2720.12,Income,savings,15022.62,True,Rhodes-Thompson,amit_kumar,Amit Kumar
ad990372-e50,2024-06-29,Payroll - Costa PLC,2319.49,Income,savings,-23931.55,True,Costa PLC,tanishka_dhanwan,Tanishka Dhanwan
f36937a2-334,2024-06-29,Internet Provider - Function-based value-added standardization,294.54,Utilities,credit,-49053.96,False,Internet Provider,priya_singh,Priya Singh
f674a3b2-66d,2024-06-29,Property Mgmt - Organized holistic matrices,1121.34,Housing,credit,-45308.62,False,Property Mgmt,tanishka_dhanwan,Tanishka Dhanwan
866b2995-e97,2024-06-29,Health Ins Co - Universal stable hierarchy,230.72,Insurance,checking,-12918.81,False,Health Ins Co,priya_singh,Priya Singh
977d7b18-d3b,2024-06-30,Health Ins Co - Advanced impactful projection,493.16,Insurance,checking,-16010.75,False,Health Ins Co,amit_kumar,Amit Kumar
01a982b2-dd7,2024-06-30,Local Bistro - Cloned global focus group,231.6,Dining,checking,314.56,False,Local Bistro,priya_singh,Priya Singh
66ca8f43-ffb,2024-06-30,Property Mgmt - Implemented bandwidth-monitored leverage,1444.5,Housing,credit,3748.95,False,Property Mgmt,priya_singh,Priya Singh
e4163b38-779,2024-06-30,Payroll - Stanton Group,1629.4,Income,credit,-960.39,True,Stanton Group,amit_kumar,Amit Kumar
ac2dd977-a20,2024-06-30,Target - Automated next generation neural-net,482.97,Shopping,savings,19742.43,False,Target,priya_singh,Priya Singh
1a7be01f-679,2024-06-30,State Farm - Team-oriented zero-defect matrices,149.71,Insurance,credit,-56346.44,False,State Farm,priya_singh,Priya Singh
9350b7a1-280,2024-06-30,Chipotle - Decentralized interactive solution,235.0,Dining,checking,-45228.54,False,Chipotle,rajesh_sharma,Rajesh Sharma
20a63aa2-9fd,2024-06-30,Whole Foods - Managed maximized strategy,463.83,Groceries,credit,-20323.36,False,Whole Foods,priya_singh,Priya Singh
494a360b-527,2024-06-30,Health Ins Co - Streamlined tangible moratorium,185.59,Insurance,savings,14814.41,False,Health Ins Co,rajesh_sharma,Rajesh Sharma
25d5136d-cb1,2024-06-30,Local Bistro - Team-oriented leadingedge implementation,388.09,Dining,checking,-11964.02,False,Local Bistro,priya_singh,Priya Singh
617d6c1b-0f4,2024-06-30,City Hospital - Re-engineered content-based structure,336.66,Healthcare,credit,-20568.72,False,City Hospital,rajesh_sharma,Rajesh Sharma
e5107847-809,2024-06-30,"Payroll - Hoover, White and Keller",3716.25,Income,credit,-36044.88,True,"Hoover, White and Keller",priya_singh,Priya Singh
b935a1db-eef,2024-06-30,Trader Joe's - Reactive systemic infrastructure,203.66,Groceries,credit,-37588.64,False,Trader Joe's,tanishka_dhanwan,Tanishka Dhanwan
c2d49a0f-2ef,2024-06-30,Expedia - Persevering reciprocal portal,133.58,Travel,checking,-55028.69,False,Expedia,rajesh_sharma,Rajesh Sharma
59324e58-c4a,2024-06-30,Gym Membership - Total client-driven superstructure,46.58,Subscriptions,savings,-41437.65,False,Gym Membership,tanishka_dhanwan,Tanishka Dhanwan
fa494076-b80,2024-06-30,Uber - Polarized solution-oriented circuit,348.28,Transportation,savings,15165.52,False,Uber,amit_kumar,Amit Kumar
229021e6-5a2,2024-07-01,Delta Airlines - Public-key multimedia database,149.13,Travel,savings,-18872.91,False,Delta Airlines,amit_kumar,Amit Kumar
96d1d6f8-f49,2024-07-01,State Farm - Programmable heuristic emulation,376.85,Insurance,savings,4868.87,False,State Farm,amit_kumar,Amit Kumar
434c606e-485,2024-07-01,Health Ins Co - Profit-focused global protocol,167.77,Insurance,savings,10001.02,False,Health Ins Co,priya_singh,Priya Singh
b98765d2-76b,2024-07-01,Netflix - Profit-focused object-oriented model,192.33,Entertainment,checking,-3341.46,False,Netflix,priya_singh,Priya Singh
ec3c1a69-d31,2024-07-01,Target - Optional hybrid algorithm,401.49,Shopping,credit,-58893.79,False,Target,rajesh_sharma,Rajesh Sharma
d36d924d-183,2024-07-01,Property Mgmt - Re-engineered clear-thinking open system,1492.88,Housing,credit,-70447.09,False,Property Mgmt,rajesh_sharma,Rajesh Sharma
096a8218-50c,2024-07-01,AMC Theaters - Enterprise-wide client-server approach,50.47,Entertainment,credit,-57227.13,False,AMC Theaters,priya_singh,Priya Singh
431d39f9-839,2024-07-01,Health Ins Co - Decentralized intangible matrix,447.35,Insurance,savings,-30457.75,False,Health Ins Co,amit_kumar,Amit Kumar
7afa620b-e4e,2024-07-01,"Payroll - Calderon, Smith and Butler",3209.96,Income,savings,-29935.75,True,"Calderon, Smith and Butler",tanishka_dhanwan,Tanishka Dhanwan
0cd35bdd-9f5,2024-07-02,Rent Payment - Integrated zero tolerance intranet,1431.4,Housing,checking,-14030.65,False,Rent Payment,rajesh_sharma,Rajesh Sharma
de18b15d-802,2024-07-02,Property Mgmt - Enterprise-wide eco-centric throughput,1178.78,Housing,credit,-36246.03,False,Property Mgmt,amit_kumar,Amit Kumar
466e357a-935,2024-07-02,Property Mgmt - Stand-alone hybrid application,2092.42,Housing,checking,9704.96,False,Property Mgmt,tanishka_dhanwan,Tanishka Dhanwan
5de66f41-79f,2024-07-02,Shell Gas - Visionary fault-tolerant concept,398.06,Transportation,checking,-29109.07,False,Shell Gas,priya_singh,Priya Singh
afaae0e1-15e,2024-07-02,Metro Transit - Distributed regional paradigm,23.47,Transportation,checking,-53005.96,False,Metro Transit,tanishka_dhanwan,Tanishka Dhanwan
29ae8a47-674,2024-07-02,Whole Foods - Innovative bottom-line application,378.03,Groceries,checking,-30349.13,False,Whole Foods,rajesh_sharma,Rajesh Sharma
c61ccf53-f1f,2024-07-02,Rent Payment - Customizable mobile concept,1572.57,Housing,savings,-21454.33,False,Rent Payment,amit_kumar,Amit Kumar
0c1007a7-e55,2024-07-02,Payroll - Williams and Sons,4404.72,Income,checking,12087.44,True,Williams and Sons,amit_kumar,Amit Kumar
e74e3ca8-330,2024-07-02,Online Course - Realigned mission-critical paradigm,217.55,Education,checking,-8898.12,False,Online Course,priya_singh,Priya Singh
8f119cb2-e3f,2024-07-02,Rent Payment - Self-enabling exuding productivity,2106.32,Housing,checking,6965.29,False,Rent Payment,rajesh_sharma,Rajesh Sharma
421175ca-e33,2024-07-02,Property Mgmt - Profit-focused asynchronous hierarchy,2001.65,Housing,credit,-45567.03,False,Property Mgmt,tanishka_dhanwan,Tanishka Dhanwan
fc820dc4-0e7,2024-07-02,Spotify - Diverse logistical hub,405.79,Entertainment,checking,-56268.58,False,Spotify,tanishka_dhanwan,Tanishka Dhanwan
6cd24c0c-edf,2024-07-02,Local Bistro - Re-engineered secondary benchmark,171.68,Dining,credit,-25458.2,False,Local Bistro,tanishka_dhanwan,Tanishka Dhanwan
0ef0453e-554,2024-07-02,State Farm - Customer-focused interactive standardization,151.38,Insurance,checking,-43509.4,False,State Farm,tanishka_dhanwan,Tanishka Dhanwan
065bbcea-694,2024-07-02,Student Loan - Triple-buffered static leverage,240.56,Debt Payment,credit,-59170.85,False,Student Loan,amit_kumar,Amit Kumar
3555113e-82d,2024-07-03,State Farm - Multi-channeled analyzing infrastructure,266.5,Insurance,checking,-22827.15,False,State Farm,rajesh_sharma,Rajesh Sharma
e02192db-fa2,2024-07-03,Chipotle - Function-based 6thgeneration matrix,429.46,Dining,savings,18460.61,False,Chipotle,priya_singh,Priya Singh
a32b5d63-a8a,2024-07-03,Water Dept - Quality-focused executive data-warehouse,135.54,Utilities,credit,-27894.78,False,Water Dept,amit_kumar,Amit Kumar
4ed32979-d74,2024-07-03,AMC Theaters - Integrated local installation,316.05,Entertainment,checking,-36726.37,False,AMC Theaters,tanishka_dhanwan,Tanishka Dhanwan
62f2b810-878,2024-07-03,Local Bistro - Down-sized high-level installation,216.4,Dining,savings,-20647.74,False,Local Bistro,tanishka_dhanwan,Tanishka Dhanwan
241b0731-d75,2024-07-03,Payroll - Chapman Inc,2865.59,Income,credit,-46807.03,True,Chapman Inc,rajesh_sharma,Rajesh Sharma
bcd54378-a74,2024-07-03,Payroll - Rivas-Garcia,2501.17,Income,savings,15450.33,True,Rivas-Garcia,priya_singh,Priya Singh
7675fb05-7fe,2024-07-03,Amazon - Profound solution-oriented system engine,451.68,Shopping,savings,6258.35,False,Amazon,amit_kumar,Amit Kumar
d01f05e6-eb7,2024-07-03,AMC Theaters - Cloned homogeneous productivity,10.28,Entertainment,savings,33989.91,False,AMC Theaters,priya_singh,Priya Singh
0b807c70-90a,2024-07-03,Trader Joe's - Diverse modular hardware,167.28,Groceries,savings,-61625.71,False,Trader Joe's,rajesh_sharma,Rajesh Sharma
2233146b-c61,2024-07-03,Local Bistro - Function-based needs-based success,20.3,Dining,credit,-22046.92,False,Local Bistro,priya_singh,Priya Singh
098ab57e-48d,2024-07-03,Local Bistro - Decentralized transitional time-frame,14.67,Dining,savings,-19826.87,False,Local Bistro,tanishka_dhanwan,Tanishka Dhanwan
a0cf726f-5d1,2024-07-04,Trader Joe's - Versatile dynamic framework,142.48,Groceries,savings,-51143.59,False,Trader Joe's,rajesh_sharma,Rajesh Sharma
79f1c1a8-1c1,2024-07-04,Tuition - Exclusive context-sensitive frame,250.7,Education,credit,-33820.42,False,Tuition,tanishka_dhanwan,Tanishka Dhanwan
00e29dfa-59a,2024-07-04,Costco - Enhanced maximized middleware,380.33,Groceries,credit,-44147.11,False,Costco,tanishka_dhanwan,Tanishka Dhanwan
59aa861b-9cd,2024-07-04,Adobe - Configurable context-sensitive intranet,499.67,Subscriptions,credit,-31669.52,False,Adobe,tanishka_dhanwan,Tanishka Dhanwan
f739633a-ea7,2024-07-04,Parking Co - Reactive incremental architecture,268.63,Transportation,savings,-20713.72,False,Parking Co,amit_kumar,Amit Kumar
6a47bfb8-0d7,2024-07-04,Netflix - Reverse-engineered non-volatile protocol,256.7,Entertainment,credit,-26154.64,False,Netflix,rajesh_sharma,Rajesh Sharma
a38a8841-f14,2024-07-04,Electric Co - Compatible responsive superstructure,138.02,Utilities,savings,-19997.85,False,Electric Co,amit_kumar,Amit Kumar
430f4233-acd,2024-07-04,Metro Transit - Fundamental regional Graphic Interface,333.96,Transportation,savings,-25317.31,False,Metro Transit,tanishka_dhanwan,Tanishka Dhanwan
3623a697-e70,2024-07-04,McDonald's - Multi-lateral context-sensitive framework,287.29,Dining,savings,-1583.73,False,McDonald's,rajesh_sharma,Rajesh Sharma
9ee2a274-f15,2024-07-04,Costco - Monitored tangible orchestration,77.61,Groceries,credit,-75941.16,False,Costco,amit_kumar,Amit Kumar
67eacfe3-e27,2024-07-04,HOA Fees - Total static interface,1644.64,Housing,savings,10168.79,False,HOA Fees,priya_singh,Priya Singh
011b6dda-70d,2024-07-04,State Farm - Secured foreground hub,11.58,Insurance,savings,10451.69,False,State Farm,tanishka_dhanwan,Tanishka Dhanwan
fb66c305-265,2024-07-04,McDonald's - Open-source exuding throughput,67.04,Dining,credit,-59428.87,False,McDonald's,amit_kumar,Amit Kumar
c778a7f3-931,2024-07-04,CVS Pharmacy - Triple-buffered exuding functionalities,162.58,Healthcare,checking,6683.67,False,CVS Pharmacy,amit_kumar,Amit Kumar
11eed14c-370,2024-07-04,AMC Theaters - Balanced clear-thinking orchestration,225.28,Entertainment,credit,-39387.99,False,AMC Theaters,priya_singh,Priya Singh
0fb60f52-7a3,2024-07-04,Tuition - Ameliorated context-sensitive firmware,294.53,Education,checking,-3903.07,False,Tuition,tanishka_dhanwan,Tanishka Dhanwan
8a99d0ad-ecf,2024-07-04,McDonald's - Self-enabling bifurcated pricing structure,374.94,Dining,credit,-37387.34,False,McDonald's,tanishka_dhanwan,Tanishka Dhanwan
8dd3470e-0e1,2024-07-04,Water Dept - Expanded cohesive info-mediaries,287.31,Utilities,credit,-15830.56,False,Water Dept,amit_kumar,Amit Kumar
dc151abc-41d,2024-07-04,Rent Payment - Re-contextualized explicit application,1588.7,Housing,credit,-37286.06,False,Rent Payment,tanishka_dhanwan,Tanishka Dhanwan
f97faab6-c13,2024-07-04,Health Ins Co - Multi-tiered 24/7 secured line,338.73,Insurance,credit,-47256.44,False,Health Ins Co,tanishka_dhanwan,Tanishka Dhanwan
a1d16324-793,2024-07-05,Property Mgmt - Multi-channeled optimal hierarchy,1041.01,Housing,credit,-34861.43,False,Property Mgmt,tanishka_dhanwan,Tanishka Dhanwan
1dd91a89-64d,2024-07-05,Costco - Reactive multimedia budgetary management,36.47,Groceries,checking,-36130.1,False,Costco,rajesh_sharma,Rajesh Sharma
0f810917-3ae,2024-07-05,Best Buy - Re-contextualized actuating infrastructure,357.45,Shopping,savings,24122.33,False,Best Buy,priya_singh,Priya Singh
8873e5cd-4c1,2024-07-05,Whole Foods - Proactive demand-driven function,338.94,Groceries,savings,-24983.35,False,Whole Foods,tanishka_dhanwan,Tanishka Dhanwan
f017513f-56a,2024-07-05,Netflix - Cloned multi-tasking collaboration,406.11,Entertainment,credit,-60164.38,False,Netflix,priya_singh,Priya Singh
ea6ffd06-358,2024-07-05,Cloud Storage - Devolved optimal moratorium,331.37,Subscriptions,credit,-55106.77,False,Cloud Storage,priya_singh,Priya Singh
bbbc8fd7-3b7,2024-07-05,Spotify - Programmable encompassing website,80.44,Entertainment,credit,-48406.29,False,Spotify,rajesh_sharma,Rajesh Sharma
bb02ec02-7cf,2024-07-05,Spotify - Customer-focused clear-thinking array,32.13,Entertainment,credit,-61514.16,False,Spotify,rajesh_sharma,Rajesh Sharma
23b780f3-9e3,2024-07-05,Bookstore - Persistent asymmetric artificial intelligence,212.25,Education,credit,-53514.19,False,Bookstore,amit_kumar,Amit Kumar
d2cf79e3-629,2024-07-05,McDonald's - Multi-tiered human-resource intranet,496.71,Dining,checking,-24945.56,False,McDonald's,tanishka_dhanwan,Tanishka Dhanwan
0a9ee2be-225,2024-07-06,City Hospital - Robust systematic toolset,191.45,Healthcare,savings,-12938.06,False,City Hospital,rajesh_sharma,Rajesh Sharma
c1b38408-1ca,2024-07-06,Chipotle - Enterprise-wide intermediate knowledge user,311.47,Dining,checking,-28336.86,False,Chipotle,rajesh_sharma,Rajesh Sharma
96975943-f41,2024-07-06,HOA Fees - Cross-group 6thgeneration migration,908.57,Housing,checking,-3547.93,False,HOA Fees,amit_kumar,Amit Kumar
5cf64bfd-8fb,2024-07-06,Internet Provider - Total fresh-thinking parallelism,431.05,Utilities,credit,-32780.08,False,Internet Provider,tanishka_dhanwan,Tanishka Dhanwan
8ead10e7-483,2024-07-06,Spotify - Balanced tertiary Internet solution,490.07,Entertainment,checking,-3911.75,False,Spotify,rajesh_sharma,Rajesh Sharma
8503c528-a23,2024-07-06,Payroll - Cummings PLC,3506.51,Income,savings,-37931.14,True,Cummings PLC,tanishka_dhanwan,Tanishka Dhanwan
e3630116-b98,2024-07-07,HOA Fees - Face-to-face maximized throughput,1120.71,Housing,savings,-7116.44,False,HOA Fees,priya_singh,Priya Singh
5b54ae76-021,2024-07-07,Netflix - Up-sized multimedia synergy,347.12,Entertainment,savings,-28307.25,False,Netflix,tanishka_dhanwan,Tanishka Dhanwan
6ef57e19-22f,2024-07-07,Electric Co - Realigned dedicated customer loyalty,217.08,Utilities,checking,-9474.33,False,Electric Co,tanishka_dhanwan,Tanishka Dhanwan
732df797-146,2024-07-07,Costco - Quality-focused explicit productivity,54.51,Groceries,savings,10805.01,False,Costco,priya_singh,Priya Singh
d43782cf-f3d,2024-07-07,Expedia - Digitized stable collaboration,124.75,Travel,checking,-55749.3,False,Expedia,priya_singh,Priya Singh
26329d93-74e,2024-07-07,Property Mgmt - Right-sized eco-centric software,1503.3,Housing,credit,-41611.72,False,Property Mgmt,amit_kumar,Amit Kumar
49815eca-01e,2024-07-07,HOA Fees - Synergistic composite support,1465.95,Housing,savings,-51517.27,False,HOA Fees,rajesh_sharma,Rajesh Sharma
e8ae6a2b-73f,2024-07-07,Best Buy - Synchronized disintermediate extranet,490.3,Shopping,credit,-9474.66,False,Best Buy,amit_kumar,Amit Kumar
b6687f83-5fb,2024-07-07,Misc Purchase - Operative eco-centric artificial intelligence,393.26,Other,credit,-26656.9,False,Misc Purchase,rajesh_sharma,Rajesh Sharma
e2caead7-774,2024-07-07,Amazon - Down-sized uniform customer loyalty,205.05,Shopping,credit,-63587.31,False,Amazon,amit_kumar,Amit Kumar
cc1296bc-92a,2024-07-07,Misc Purchase - Upgradable homogeneous model,499.57,Other,credit,-58691.75,False,Misc Purchase,priya_singh,Priya Singh
e8d2c6fc-1f5,2024-07-07,Netflix - Focused real-time definition,39.64,Entertainment,checking,-69854.5,False,Netflix,rajesh_sharma,Rajesh Sharma
aaa11b23-d22,2024-07-07,CVS Pharmacy - Digitized bottom-line system engine,475.78,Healthcare,credit,1799.91,False,CVS Pharmacy,priya_singh,Priya Singh
8a1d5999-b77,2024-07-08,HOA Fees - Configurable modular Internet solution,1381.22,Housing,checking,-30664.61,False,HOA Fees,rajesh_sharma,Rajesh Sharma
4c46448d-b0f,2024-07-08,Amazon - Decentralized zero administration workforce,458.42,Shopping,checking,3136.27,False,Amazon,amit_kumar,Amit Kumar
8f3ae322-932,2024-07-08,Chipotle - Advanced dedicated intranet,337.24,Dining,savings,-24648.79,False,Chipotle,tanishka_dhanwan,Tanishka Dhanwan
dfcb6c62-9c0,2024-07-08,Property Mgmt - Innovative 24hour infrastructure,977.06,Housing,checking,-26308.99,False,Property Mgmt,rajesh_sharma,Rajesh Sharma
acb10097-317,2024-07-08,Local Bistro - Innovative didactic throughput,188.66,Dining,checking,-26518.93,False,Local Bistro,rajesh_sharma,Rajesh Sharma
b938e5e7-deb,2024-07-08,State Farm - Versatile hybrid collaboration,490.68,Insurance,credit,-74752.25,False,State Farm,amit_kumar,Amit Kumar
11992560-80e,2024-07-08,Payroll - Castro-Frederick,3297.98,Income,savings,31524.0,True,Castro-Frederick,priya_singh,Priya Singh
13e5f47f-3d5,2024-07-08,Costco - Proactive upward-trending attitude,356.33,Groceries,credit,-27493.42,False,Costco,amit_kumar,Amit Kumar
ecd538f2-e77,2024-07-08,Netflix - Automated object-oriented flexibility,79.52,Entertainment,checking,-2782.74,False,Netflix,tanishka_dhanwan,Tanishka Dhanwan
5a8f0030-d6d,2024-07-08,Payroll - Brewer Ltd,2949.82,Income,credit,-33809.72,True,Brewer Ltd,tanishka_dhanwan,Tanishka Dhanwan
8b4f0d66-634,2024-07-08,Payroll - Mccullough-Bishop,2333.98,Income,credit,-27570.03,True,Mccullough-Bishop,amit_kumar,Amit Kumar
4e5da1fd-154,2024-07-08,Chipotle - Mandatory maximized service-desk,190.06,Dining,credit,-17406.72,False,Chipotle,amit_kumar,Amit Kumar
28bf1077-d96,2024-07-08,Credit Card Payment - Triple-buffered explicit leverage,57.57,Debt Payment,checking,4311.39,False,Credit Card Payment,amit_kumar,Amit Kumar
12549fe7-cc4,2024-07-08,Water Dept - Progressive responsive project,483.69,Utilities,credit,-17890.41,False,Water Dept,amit_kumar,Amit Kumar
68d49aa4-5b0,2024-07-08,Trader Joe's - Triple-buffered human-resource superstructure,189.81,Groceries,checking,-49947.14,False,Trader Joe's,priya_singh,Priya Singh
78747476-fd1,2024-07-09,AMC Theaters - Grass-roots zero tolerance infrastructure,216.68,Entertainment,savings,-44990.57,False,AMC Theaters,rajesh_sharma,Rajesh Sharma
96650b29-d3e,2024-07-09,Health Ins Co - Reverse-engineered dedicated contingency,390.3,Insurance,checking,3163.71,False,Health Ins Co,amit_kumar,Amit Kumar
23af1bf9-0ba,2024-07-09,CVS Pharmacy - Optional 3rdgeneration initiative,304.07,Healthcare,credit,-49379.5,False,CVS Pharmacy,tanishka_dhanwan,Tanishka Dhanwan
a015d845-6fc,2024-07-09,"Payroll - Bender, Mckinney and Craig",3470.86,Income,checking,-5427.26,True,"Bender, Mckinney and Craig",priya_singh,Priya Singh
3a37d9fb-f22,2024-07-09,Property Mgmt - Exclusive real-time migration,1388.34,Housing,checking,-37247.56,False,Property Mgmt,rajesh_sharma,Rajesh Sharma
8bd60194-a9a,2024-07-09,Netflix - Implemented attitude-oriented implementation,228.22,Entertainment,credit,-71969.6,False,Netflix,amit_kumar,Amit Kumar
70e6f154-796,2024-07-09,Tuition - Function-based multimedia budgetary management,404.21,Education,savings,-24743.64,False,Tuition,tanishka_dhanwan,Tanishka Dhanwan
ad4528db-001,2024-07-09,HOA Fees - Assimilated didactic paradigm,1795.21,Housing,savings,-27960.13,False,HOA Fees,tanishka_dhanwan,Tanishka Dhanwan
3a8d77c7-aea,2024-07-09,Trader Joe's - Public-key hybrid moderator,47.96,Groceries,savings,-25340.91,False,Trader Joe's,rajesh_sharma,Rajesh Sharma
b974052e-388,2024-07-09,Cloud Storage - Advanced maximized alliance,175.12,Subscriptions,credit,-45450.04,False,Cloud Storage,tanishka_dhanwan,Tanishka Dhanwan
55b4adf8-c55,2024-07-09,Whole Foods - Universal object-oriented product,263.77,Groceries,checking,-53142.34,False,Whole Foods,rajesh_sharma,Rajesh Sharma
2bde3a9d-b64,2024-07-09,McDonald's - Visionary high-level emulation,40.25,Dining,savings,-37094.68,False,McDonald's,tanishka_dhanwan,Tanishka Dhanwan
3631a628-01d,2024-07-09,Rent Payment - Fundamental real-time system engine,2135.49,Housing,checking,-26512.9,False,Rent Payment,tanishka_dhanwan,Tanishka Dhanwan
d51d13fa-b8f,2024-07-10,CVS Pharmacy - Reduced actuating strategy,201.01,Healthcare,savings,-15003.65,False,CVS Pharmacy,amit_kumar,Amit Kumar
c825b6ba-75f,2024-07-10,Student Loan - Balanced 24hour extranet,182.79,Debt Payment,credit,-10140.68,False,Student Loan,amit_kumar,Amit Kumar
7150ab2a-598,2024-07-10,Trader Joe's - Decentralized national support,38.28,Groceries,checking,-14106.96,False,Trader Joe's,amit_kumar,Amit Kumar
b5ccc88d-a90,2024-07-10,Netflix - Sharable analyzing hierarchy,498.6,Entertainment,savings,14791.77,False,Netflix,priya_singh,Priya Singh
22238d89-0bd,2024-07-10,Local Bistro - Synergistic homogeneous infrastructure,237.72,Dining,credit,-30627.25,False,Local Bistro,rajesh_sharma,Rajesh Sharma
dfe5d9e6-942,2024-07-10,Credit Card Payment - Business-focused bandwidth-monitored Internet solution,230.22,Debt Payment,savings,-33416.87,False,Credit Card Payment,rajesh_sharma,Rajesh Sharma
dd002dc1-f44,2024-07-10,McDonald's - Cloned fault-tolerant framework,411.25,Dining,savings,-1881.01,False,McDonald's,priya_singh,Priya Singh
ad05d00f-ed0,2024-07-10,Starbucks - Digitized executive firmware,149.55,Dining,savings,-5085.99,False,Starbucks,tanishka_dhanwan,Tanishka Dhanwan
02f53c0d-631,2024-07-10,"Payroll - Brock, Andrews and Jackson",3514.97,Income,savings,-2528.39,True,"Brock, Andrews and Jackson",priya_singh,Priya Singh
d419d9c2-a30,2024-07-10,Spotify - Multi-lateral contextually-based methodology,81.3,Entertainment,checking,-14308.48,False,Spotify,priya_singh,Priya Singh
644bfcf9-bef,2024-07-10,Payroll - Williamson Ltd,3085.01,Income,checking,-43478.0,True,Williamson Ltd,amit_kumar,Amit Kumar
93487dd9-0f4,2024-07-10,Netflix - Programmable homogeneous capacity,234.5,Entertainment,savings,11175.7,False,Netflix,tanishka_dhanwan,Tanishka Dhanwan
bbbbd711-0f5,2024-07-10,Walmart - Balanced dynamic leverage,159.7,Groceries,savings,9309.68,False,Walmart,rajesh_sharma,Rajesh Sharma
24a3837b-c58,2024-07-10,Trader Joe's - Self-enabling background structure,489.63,Groceries,savings,11305.13,False,Trader Joe's,tanishka_dhanwan,Tanishka Dhanwan
fce673c4-da5,2024-07-10,Payroll - Welch-Hogan,4498.29,Income,checking,-24154.33,True,Welch-Hogan,rajesh_sharma,Rajesh Sharma
f25e9826-825,2024-07-11,Internet Provider - Adaptive fault-tolerant approach,166.72,Utilities,checking,-36759.71,False,Internet Provider,amit_kumar,Amit Kumar
565c467f-b7f,2024-07-11,ATM Withdrawal - Switchable full-range toolset,292.81,Other,credit,-36380.22,False,ATM Withdrawal,tanishka_dhanwan,Tanishka Dhanwan
38992518-114,2024-07-11,Spotify - Persistent clear-thinking process improvement,46.94,Entertainment,savings,3654.66,False,Spotify,rajesh_sharma,Rajesh Sharma
04f68629-80f,2024-07-11,Rent Payment - Implemented intangible software,1311.12,Housing,credit,-78394.74,False,Rent Payment,priya_singh,Priya Singh
47c74926-660,2024-07-11,McDonald's - Horizontal next generation synergy,20.37,Dining,checking,-53128.12,False,McDonald's,tanishka_dhanwan,Tanishka Dhanwan
68a6174d-9a2,2024-07-11,Online Course - Fundamental systematic hardware,420.55,Education,savings,-10264.59,False,Online Course,tanishka_dhanwan,Tanishka Dhanwan
f9ae48b6-952,2024-07-11,Health Ins Co - Reactive modular website,245.55,Insurance,credit,-70764.89,False,Health Ins Co,amit_kumar,Amit Kumar
bbc8e661-c15,2024-07-11,Credit Card Payment - Multi-lateral uniform orchestration,448.41,Debt Payment,checking,-43533.53,False,Credit Card Payment,amit_kumar,Amit Kumar
6f802de2-661,2024-07-11,Gym Membership - Pre-emptive background leverage,227.03,Subscriptions,savings,-9538.18,False,Gym Membership,rajesh_sharma,Rajesh Sharma
09af6f0e-250,2024-07-11,Student Loan - Optimized mobile portal,41.73,Debt Payment,checking,-25788.41,False,Student Loan,rajesh_sharma,Rajesh Sharma
5eacf9ba-e6b,2024-07-11,Rent Payment - Quality-focused homogeneous attitude,1215.26,Housing,checking,-2153.69,False,Rent Payment,priya_singh,Priya Singh
713f1450-75e,2024-07-11,Trader Joe's - Devolved system-worthy success,209.23,Groceries,savings,-33186.65,False,Trader Joe's,rajesh_sharma,Rajesh Sharma
b70597ab-75b,2024-07-11,Walmart - Mandatory context-sensitive strategy,71.64,Groceries,checking,4420.56,False,Walmart,amit_kumar,Amit Kumar
7e7ac6d3-174,2024-07-12,Credit Card Payment - Cross-platform dedicated success,163.97,Debt Payment,credit,-29355.53,False,Credit Card Payment,priya_singh,Priya Singh
dc429b1f-50b,2024-07-12,Amazon - Business-focused stable benchmark,10.84,Shopping,credit,-4638.32,False,Amazon,priya_singh,Priya Singh
772907e5-d8f,2024-07-12,Payroll - Sanchez-Armstrong,2687.5,Income,credit,-44451.18,True,Sanchez-Armstrong,tanishka_dhanwan,Tanishka Dhanwan
e8612bb8-c40,2024-07-12,Costco - Synchronized 24/7 website,81.3,Groceries,credit,-52000.08,False,Costco,rajesh_sharma,Rajesh Sharma
82109e8a-640,2024-07-12,Payroll - Rich Group,4400.94,Income,checking,-53210.94,True,Rich Group,tanishka_dhanwan,Tanishka Dhanwan
f07a38af-5ec,2024-07-12,Metro Transit - Enhanced client-server analyzer,241.76,Transportation,credit,-37179.28,False,Metro Transit,tanishka_dhanwan,Tanishka Dhanwan
ac9bf4c0-c7c,2024-07-12,City Hospital - Multi-layered cohesive extranet,285.05,Healthcare,checking,-53492.94,False,City Hospital,rajesh_sharma,Rajesh Sharma
56497d1b-fe9,2024-07-12,Netflix - Re-engineered methodical middleware,164.52,Entertainment,checking,-15789.02,False,Netflix,tanishka_dhanwan,Tanishka Dhanwan
1d6da003-c42,2024-07-12,Amazon - Face-to-face real-time implementation,188.01,Shopping,savings,-5885.93,False,Amazon,amit_kumar,Amit Kumar
f88f6eba-8fe,2024-07-12,Starbucks - Focused 3rdgeneration flexibility,153.94,Dining,savings,6027.73,False,Starbucks,amit_kumar,Amit Kumar
40158011-467,2024-07-12,Payroll - Adkins Group,3749.75,Income,checking,-8548.5,True,Adkins Group,priya_singh,Priya Singh
bf91def3-7d0,2024-07-12,Adobe - Profound eco-centric parallelism,463.85,Subscriptions,savings,-7737.31,False,Adobe,tanishka_dhanwan,Tanishka Dhanwan
236eb500-bca,2024-07-12,Marriott - Multi-tiered transitional synergy,76.9,Travel,checking,-38094.29,False,Marriott,amit_kumar,Amit Kumar
b72a000e-67f,2024-07-12,Internet Provider - Multi-lateral demand-driven infrastructure,69.81,Utilities,checking,8416.83,False,Internet Provider,tanishka_dhanwan,Tanishka Dhanwan
59081e44-c66,2024-07-12,McDonald's - Expanded directional approach,81.88,Dining,savings,16061.0,False,McDonald's,tanishka_dhanwan,Tanishka Dhanwan
99c635fd-9f6,2024-07-12,Trader Joe's - Down-sized hybrid benchmark,460.98,Groceries,credit,-49531.53,False,Trader Joe's,priya_singh,Priya Singh
e44e179a-826,2024-07-12,Payroll - Davis Ltd,2972.33,Income,checking,5453.67,True,Davis Ltd,amit_kumar,Amit Kumar
309a6748-455,2024-07-12,Whole Foods - Profound uniform parallelism,340.12,Groceries,savings,-38858.6,False,Whole Foods,tanishka_dhanwan,Tanishka Dhanwan
c4c07474-26b,2024-07-12,AMC Theaters - Self-enabling real-time website,99.29,Entertainment,savings,-10883.86,False,AMC Theaters,rajesh_sharma,Rajesh Sharma
211c101e-867,2024-07-13,Trader Joe's - Fully-configurable logistical neural-net,102.11,Groceries,credit,-44488.08,False,Trader Joe's,rajesh_sharma,Rajesh Sharma
5b6a604b-e06,2024-07-13,Parking Co - Centralized full-range collaboration,160.87,Transportation,checking,-39171.22,False,Parking Co,amit_kumar,Amit Kumar
aa136ace-f57,2024-07-13,Uber - Up-sized coherent analyzer,108.07,Transportation,checking,-48495.6,False,Uber,amit_kumar,Amit Kumar
a77b86eb-73c,2024-07-13,Rent Payment - Diverse static customer loyalty,1485.46,Housing,savings,-30010.4,False,Rent Payment,amit_kumar,Amit Kumar
afdf31e6-808,2024-07-13,Netflix - Cloned encompassing neural-net,472.73,Entertainment,checking,-63011.09,False,Netflix,tanishka_dhanwan,Tanishka Dhanwan
d87451f8-e02,2024-07-13,Rent Payment - Organized empowering system engine,1402.92,Housing,savings,5200.62,False,Rent Payment,rajesh_sharma,Rajesh Sharma
9bdbc605-7d0,2024-07-13,"Payroll - Wilson, Mendoza and Crosby",1990.15,Income,checking,-69272.83,True,"Wilson, Mendoza and Crosby",priya_singh,Priya Singh
c85fe0a3-5ee,2024-07-13,Netflix - Self-enabling needs-based frame,10.85,Entertainment,credit,-49027.8,False,Netflix,rajesh_sharma,Rajesh Sharma
23e770cf-607,2024-07-13,Bookstore - Triple-buffered secondary focus group,161.6,Education,credit,1087.72,False,Bookstore,priya_singh,Priya Singh
51509a2b-455,2024-07-13,Online Course - Future-proofed value-added capability,456.2,Education,credit,-41486.94,False,Online Course,tanishka_dhanwan,Tanishka Dhanwan
7a146f87-ee2,2024-07-13,Uber - Reactive optimal paradigm,240.75,Transportation,checking,-32742.18,False,Uber,rajesh_sharma,Rajesh Sharma
cafcafe3-6bf,2024-07-13,Metro Transit - Synergized upward-trending attitude,421.5,Transportation,credit,-41323.39,False,Metro Transit,tanishka_dhanwan,Tanishka Dhanwan
32fa731a-7bd,2024-07-13,Property Mgmt - Right-sized optimizing architecture,1743.47,Housing,checking,-12349.9,False,Property Mgmt,priya_singh,Priya Singh
05f1e7a4-398,2024-07-13,Payroll - Fischer-Gutierrez,3666.69,Income,credit,-35687.04,True,Fischer-Gutierrez,priya_singh,Priya Singh
083307da-5b4,2024-07-13,Student Loan - Customer-focused clear-thinking matrix,17.58,Debt Payment,savings,19462.33,False,Student Loan,priya_singh,Priya Singh
7fad053e-9ef,2024-07-13,Health Ins Co - Reduced asynchronous matrices,315.05,Insurance,savings,15539.0,False,Health Ins Co,tanishka_dhanwan,Tanishka Dhanwan
42a02d4d-289,2024-07-14,Health Ins Co - Re-contextualized client-server open system,305.88,Insurance,credit,-83015.46,False,Health Ins Co,rajesh_sharma,Rajesh Sharma
2f673f64-beb,2024-07-14,Costco - Networked leadingedge superstructure,306.22,Groceries,credit,-2862.49,False,Costco,priya_singh,Priya Singh
67021c8f-cb4,2024-07-14,Property Mgmt - Balanced 5thgeneration challenge,1069.07,Housing,savings,-22927.46,False,Property Mgmt,rajesh_sharma,Rajesh Sharma
d49506bc-c11,2024-07-14,Costco - Multi-channeled modular knowledgebase,158.66,Groceries,checking,-61826.68,False,Costco,tanishka_dhanwan,Tanishka Dhanwan
0cdd4878-2f7,2024-07-14,Water Dept - Public-key asynchronous hardware,13.3,Utilities,checking,-61326.65,False,Water Dept,tanishka_dhanwan,Tanishka Dhanwan
245c4297-3d0,2024-07-14,Cloud Storage - Digitized non-volatile parallelism,372.77,Subscriptions,credit,3999.07,False,Cloud Storage,priya_singh,Priya Singh
76edae7d-5a4,2024-07-14,City Hospital - Phased systematic hub,149.84,Healthcare,savings,16557.0,False,City Hospital,amit_kumar,Amit Kumar
d5abec6f-440,2024-07-14,Tuition - Vision-oriented heuristic pricing structure,79.34,Education,credit,-11319.66,False,Tuition,priya_singh,Priya Singh
7f65acfc-cd4,2024-07-14,ATM Withdrawal - Phased 3rdgeneration synergy,233.53,Other,credit,-26890.43,False,ATM Withdrawal,rajesh_sharma,Rajesh Sharma
8f2c02cd-06e,2024-07-14,Payroll - Garcia Ltd,2127.02,Income,credit,-66770.94,True,Garcia Ltd,amit_kumar,Amit Kumar
3e3289dc-4cc,2024-07-14,Chipotle - Inverse human-resource flexibility,251.28,Dining,savings,-65839.68,False,Chipotle,rajesh_sharma,Rajesh Sharma
6ad7a016-cf6,2024-07-14,AMC Theaters - Realigned national toolset,487.8,Entertainment,checking,-43055.34,False,AMC Theaters,amit_kumar,Amit Kumar
9f009936-308,2024-07-14,State Farm - Polarized bifurcated firmware,438.77,Insurance,credit,-37139.47,False,State Farm,priya_singh,Priya Singh
987caf31-233,2024-07-14,Trader Joe's - Optimized radical firmware,92.55,Groceries,credit,-9818.19,False,Trader Joe's,amit_kumar,Amit Kumar
f633d886-e11,2024-07-14,HOA Fees - Pre-emptive foreground matrices,852.32,Housing,credit,-55208.18,False,HOA Fees,rajesh_sharma,Rajesh Sharma
80d1bc98-a83,2024-07-14,"Payroll - Hess, Luna and Gibson",2456.31,Income,savings,-14354.89,True,"Hess, Luna and Gibson",tanishka_dhanwan,Tanishka Dhanwan
617c4272-f14,2024-07-14,Internet Provider - Balanced composite methodology,389.56,Utilities,savings,16697.53,False,Internet Provider,priya_singh,Priya Singh
d19af32d-85b,2024-07-14,ATM Withdrawal - Optimized radical synergy,154.45,Other,savings,-6034.99,False,ATM Withdrawal,tanishka_dhanwan,Tanishka Dhanwan
2744f00e-3cf,2024-07-14,Cloud Storage - Virtual 3rdgeneration system engine,40.98,Subscriptions,checking,-53107.75,False,Cloud Storage,tanishka_dhanwan,Tanishka Dhanwan
c7a39346-553,2024-07-14,Adobe - Cross-group client-server leverage,268.94,Subscriptions,savings,27908.23,False,Adobe,priya_singh,Priya Singh
b8ba231d-3d7,2024-07-15,Parking Co - Public-key executive contingency,307.16,Transportation,credit,-80187.56,False,Parking Co,priya_singh,Priya Singh
13c4f074-bc4,2024-07-15,Expedia - Polarized 24hour help-desk,309.43,Travel,credit,-22625.13,False,Expedia,rajesh_sharma,Rajesh Sharma
9ae07d7c-1e1,2024-07-15,Credit Card Payment - Re-engineered neutral matrix,485.39,Debt Payment,savings,8975.6,False,Credit Card Payment,priya_singh,Priya Singh
f093ce48-589,2024-07-15,Netflix - Integrated discrete encryption,343.26,Entertainment,savings,33789.19,False,Netflix,priya_singh,Priya Singh
764b26e6-576,2024-07-15,Local Bistro - Versatile multimedia challenge,14.33,Dining,savings,21058.88,False,Local Bistro,priya_singh,Priya Singh
a206500c-208,2024-07-15,Costco - Switchable multi-state definition,83.72,Groceries,savings,-31791.4,False,Costco,rajesh_sharma,Rajesh Sharma
9c740c53-4cc,2024-07-15,Whole Foods - Right-sized contextually-based service-desk,231.98,Groceries,checking,-60606.77,False,Whole Foods,amit_kumar,Amit Kumar
1e8792e1-613,2024-07-15,Amazon - Adaptive high-level access,16.46,Shopping,savings,6260.63,False,Amazon,amit_kumar,Amit Kumar
cd841056-e6e,2024-07-15,Property Mgmt - Polarized next generation customer loyalty,817.61,Housing,savings,8573.49,False,Property Mgmt,priya_singh,Priya Singh
d5ec8dd8-db6,2024-07-15,Whole Foods - Synergistic intermediate workforce,105.54,Groceries,savings,-30332.17,False,Whole Foods,rajesh_sharma,Rajesh Sharma
1191e3fd-666,2024-07-15,Property Mgmt - Synchronized stable array,1213.66,Housing,credit,-8184.58,False,Property Mgmt,amit_kumar,Amit Kumar
5c01be56-841,2024-07-15,Walmart - Decentralized value-added monitoring,52.92,Groceries,checking,-18905.66,False,Walmart,rajesh_sharma,Rajesh Sharma
5db4a14e-c80,2024-07-15,Electric Co - Down-sized foreground support,451.91,Utilities,savings,19778.09,False,Electric Co,amit_kumar,Amit Kumar
25a983bd-cbc,2024-07-15,Shell Gas - Distributed cohesive circuit,14.6,Transportation,checking,-49961.74,False,Shell Gas,priya_singh,Priya Singh
c646ff3f-790,2024-07-16,CVS Pharmacy - Organic cohesive function,307.07,Healthcare,credit,-79339.7,False,CVS Pharmacy,amit_kumar,Amit Kumar
7958b9fb-665,2024-07-16,Property Mgmt - Versatile scalable complexity,1894.72,Housing,checking,-433.17,False,Property Mgmt,amit_kumar,Amit Kumar
01158d54-7b6,2024-07-16,"Payroll - Lawrence, Garrett and Joseph",2895.27,Income,savings,-4173.61,True,"Lawrence, Garrett and Joseph",priya_singh,Priya Singh
d74bd661-526,2024-07-16,Rent Payment - Proactive solution-oriented knowledgebase,1166.35,Housing,savings,2017.13,False,Rent Payment,tanishka_dhanwan,Tanishka Dhanwan
8ec4df92-7ac,2024-07-16,Trader Joe's - Function-based exuding array,180.13,Groceries,savings,7937.06,False,Trader Joe's,priya_singh,Priya Singh
43d64ed4-c16,2024-07-16,City Hospital - Digitized executive access,28.37,Healthcare,savings,11435.84,False,City Hospital,priya_singh,Priya Singh
1fa9270c-d54,2024-07-16,Rent Payment - Team-oriented holistic standardization,2004.05,Housing,savings,-14072.56,False,Rent Payment,amit_kumar,Amit Kumar
df0dbd9a-cfe,2024-07-16,Bookstore - Optimized object-oriented functionalities,239.4,Education,savings,10979.7,False,Bookstore,amit_kumar,Amit Kumar
e07f5dae-17b,2024-07-16,Starbucks - Function-based value-added adapter,399.12,Dining,credit,-49307.33,False,Starbucks,rajesh_sharma,Rajesh Sharma
e8dc2c05-16d,2024-07-16,Rent Payment - Profit-focused empowering moratorium,1585.17,Housing,credit,-2695.52,False,Rent Payment,amit_kumar,Amit Kumar
9163eda9-e9f,2024-07-16,Local Bistro - Switchable holistic architecture,203.01,Dining,checking,-15333.7,False,Local Bistro,rajesh_sharma,Rajesh Sharma
4a3d4907-f20,2024-07-16,Gym Membership - Switchable bandwidth-monitored protocol,16.88,Subscriptions,savings,12949.16,False,Gym Membership,priya_singh,Priya Singh
889966dc-204,2024-07-16,Cloud Storage - Function-based human-resource algorithm,468.92,Subscriptions,checking,-36613.54,False,Cloud Storage,priya_singh,Priya Singh
a9cb6800-4ab,2024-07-16,HOA Fees - Streamlined asynchronous utilization,1409.27,Housing,checking,-53137.7,False,HOA Fees,priya_singh,Priya Singh
a9a44723-cab,2024-07-16,Costco - Monitored uniform contingency,140.36,Groceries,checking,-51335.87,False,Costco,amit_kumar,Amit Kumar
3f6dc2c6-f57,2024-07-16,Whole Foods - Advanced multi-state benchmark,120.16,Groceries,savings,17963.03,False,Whole Foods,priya_singh,Priya Singh
de859fed-c15,2024-07-16,AMC Theaters - Up-sized holistic policy,143.62,Entertainment,credit,-34940.88,False,AMC Theaters,tanishka_dhanwan,Tanishka Dhanwan
3c374406-67e,2024-07-16,"Payroll - Payne, Morrison and Parsons",2148.41,Income,checking,-8200.24,True,"Payne, Morrison and Parsons",priya_singh,Priya Singh
d2826696-794,2024-07-17,Water Dept - User-centric coherent leverage,79.62,Utilities,savings,26318.67,False,Water Dept,priya_singh,Priya Singh
68e38ede-e31,2024-07-17,Shell Gas - Exclusive web-enabled forecast,472.86,Transportation,credit,-55172.93,False,Shell Gas,rajesh_sharma,Rajesh Sharma
c66fea80-4bc,2024-07-17,Trader Joe's - Universal bottom-line Internet solution,76.35,Groceries,checking,-49095.81,False,Trader Joe's,amit_kumar,Amit Kumar
90cc8f78-39c,2024-07-17,"Payroll - Moore, Olson and Jones",3022.68,Income,savings,-1426.77,True,"Moore, Olson and Jones",priya_singh,Priya Singh
90149921-298,2024-07-17,Netflix - Streamlined radical toolset,131.17,Entertainment,savings,-31174.54,False,Netflix,tanishka_dhanwan,Tanishka Dhanwan
d182c641-3d0,2024-07-17,Starbucks - Grass-roots full-range moderator,96.49,Dining,credit,-55135.1,False,Starbucks,priya_singh,Priya Singh
e83c52ac-2ac,2024-07-17,HOA Fees - Future-proofed executive synergy,940.16,Housing,checking,-466.48,False,HOA Fees,amit_kumar,Amit Kumar
48331046-95f,2024-07-17,Chipotle - Reactive hybrid attitude,111.33,Dining,savings,-14802.64,False,Chipotle,amit_kumar,Amit Kumar
016059a9-fa5,2024-07-17,Electric Co - Secured tangible structure,209.67,Utilities,savings,-7939.38,False,Electric Co,tanishka_dhanwan,Tanishka Dhanwan
c276b801-bb2,2024-07-17,"Payroll - Beard, Humphrey and Baker",3106.81,Income,savings,8463.31,True,"Beard, Humphrey and Baker",priya_singh,Priya Singh
603453c6-4b6,2024-07-17,Trader Joe's - Compatible high-level portal,459.46,Groceries,credit,3392.0,False,Trader Joe's,tanishka_dhanwan,Tanishka Dhanwan
c757eaa6-f68,2024-07-17,Property Mgmt - Programmable transitional emulation,809.86,Housing,checking,-47587.0,False,Property Mgmt,amit_kumar,Amit Kumar
a02e0ca9-c26,2024-07-17,Rent Payment - Re-contextualized intangible collaboration,1734.22,Housing,credit,1980.37,False,Rent Payment,tanishka_dhanwan,Tanishka Dhanwan
db99aa9f-212,2024-07-17,Credit Card Payment - Team-oriented contextually-based functionalities,391.48,Debt Payment,checking,-54750.61,False,Credit Card Payment,priya_singh,Priya Singh
0bad8937-ae0,2024-07-17,CVS Pharmacy - Down-sized asynchronous system engine,427.65,Healthcare,savings,21532.03,False,CVS Pharmacy,priya_singh,Priya Singh
ff8f325e-25b,2024-07-17,Dental Care - Future-proofed modular protocol,406.16,Healthcare,checking,3303.27,False,Dental Care,tanishka_dhanwan,Tanishka Dhanwan
6e35d8c4-8ed,2024-07-18,State Farm - Devolved asymmetric structure,219.35,Insurance,savings,-8219.63,False,State Farm,rajesh_sharma,Rajesh Sharma
c0945d54-076,2024-07-18,Gym Membership - User-friendly actuating portal,227.54,Subscriptions,checking,-11646.47,False,Gym Membership,rajesh_sharma,Rajesh Sharma
e909d7a5-628,2024-07-18,Metro Transit - Business-focused foreground utilization,288.44,Transportation,credit,-52551.05,False,Metro Transit,tanishka_dhanwan,Tanishka Dhanwan
f4eae093-c26,2024-07-18,Rent Payment - Managed reciprocal customer loyalty,1469.55,Housing,savings,-72164.32,False,Rent Payment,rajesh_sharma,Rajesh Sharma
1b697693-923,2024-07-18,Amazon - Cross-platform regional hierarchy,45.67,Shopping,checking,-65651.34,False,Amazon,priya_singh,Priya Singh
093b037b-7bf,2024-07-18,Target - Front-line upward-trending service-desk,178.93,Shopping,savings,-4219.75,False,Target,priya_singh,Priya Singh
8904ec9d-335,2024-07-18,Walmart - Cross-platform human-resource capacity,476.38,Groceries,checking,-60205.04,False,Walmart,tanishka_dhanwan,Tanishka Dhanwan
729b80bd-511,2024-07-18,HOA Fees - Synchronized reciprocal matrices,2106.05,Housing,checking,-31918.34,False,HOA Fees,rajesh_sharma,Rajesh Sharma
0ceb589b-c2a,2024-07-18,Costco - Self-enabling non-volatile infrastructure,127.48,Groceries,savings,-24034.55,False,Costco,amit_kumar,Amit Kumar
3e152ab7-8ea,2024-07-18,Student Loan - Multi-tiered zero administration firmware,468.38,Debt Payment,credit,-13669.77,False,Student Loan,tanishka_dhanwan,Tanishka Dhanwan
c3a7d2ca-635,2024-07-18,Netflix - Quality-focused system-worthy encoding,228.86,Entertainment,credit,-62207.23,False,Netflix,priya_singh,Priya Singh
bbc1dc44-8e9,2024-07-18,Adobe - Fundamental client-driven encryption,86.5,Subscriptions,checking,9999.45,False,Adobe,rajesh_sharma,Rajesh Sharma
957cf381-b40,2024-07-18,AMC Theaters - Ergonomic regional moderator,298.51,Entertainment,checking,-28086.92,False,AMC Theaters,rajesh_sharma,Rajesh Sharma
76111be3-b6f,2024-07-18,HOA Fees - Intuitive client-server installation,1751.52,Housing,savings,6566.46,False,HOA Fees,amit_kumar,Amit Kumar
fcd077eb-948,2024-07-19,Uber - Programmable bandwidth-monitored attitude,84.33,Transportation,savings,14553.94,False,Uber,priya_singh,Priya Singh
914da154-67f,2024-07-19,Spotify - Right-sized coherent methodology,254.97,Entertainment,credit,-62398.12,False,Spotify,priya_singh,Priya Singh
be678885-c7a,2024-07-19,Best Buy - User-friendly methodical flexibility,429.11,Shopping,checking,-3035.1,False,Best Buy,priya_singh,Priya Singh
2be6d7ad-d5c,2024-07-19,Spotify - Adaptive tertiary synergy,247.66,Entertainment,checking,-9895.84,False,Spotify,priya_singh,Priya Singh
4dd6f9aa-760,2024-07-19,AMC Theaters - Innovative fault-tolerant focus group,495.21,Entertainment,savings,6341.51,False,AMC Theaters,priya_singh,Priya Singh
a1023e41-22f,2024-07-19,Target - Optional solution-oriented hardware,283.98,Shopping,savings,-28016.38,False,Target,tanishka_dhanwan,Tanishka Dhanwan
ed529303-188,2024-07-19,AMC Theaters - Diverse national framework,370.98,Entertainment,credit,-1570.98,False,AMC Theaters,amit_kumar,Amit Kumar
22441027-2b4,2024-07-19,Rent Payment - Switchable radical portal,1305.96,Housing,savings,18083.19,False,Rent Payment,priya_singh,Priya Singh
d251138b-151,2024-07-19,City Hospital - Centralized hybrid task-force,472.44,Healthcare,checking,-5074.24,False,City Hospital,amit_kumar,Amit Kumar
fa590c45-a11,2024-07-19,Payroll - Dunn-Wilson,1779.67,Income,savings,-30163.11,True,Dunn-Wilson,tanishka_dhanwan,Tanishka Dhanwan
f9440c07-744,2024-07-19,HOA Fees - Operative radical support,1562.76,Housing,savings,-30660.28,False,HOA Fees,tanishka_dhanwan,Tanishka Dhanwan
614e6ea6-f9f,2024-07-20,Netflix - Ergonomic content-based strategy,17.94,Entertainment,credit,-74179.11,False,Netflix,amit_kumar,Amit Kumar
6672deb9-cb0,2024-07-20,Uber - Innovative intangible groupware,412.82,Transportation,credit,-51855.26,False,Uber,amit_kumar,Amit Kumar
40ffdf38-4c0,2024-07-20,Shell Gas - Visionary high-level website,28.97,Transportation,checking,-36861.92,False,Shell Gas,amit_kumar,Amit Kumar
2edf6335-8c0,2024-07-20,State Farm - Enhanced explicit help-desk,252.81,Insurance,credit,-36847.49,False,State Farm,tanishka_dhanwan,Tanishka Dhanwan
69b1de59-2ee,2024-07-20,Internet Provider - Synchronized contextually-based hierarchy,23.1,Utilities,checking,-55629.0,False,Internet Provider,tanishka_dhanwan,Tanishka Dhanwan
ea469de8-c81,2024-07-20,Expedia - Visionary next generation flexibility,382.91,Travel,credit,-23689.25,False,Expedia,amit_kumar,Amit Kumar
c3510088-715,2024-07-21,HOA Fees - Configurable background Internet solution,1406.42,Housing,checking,-25188.54,False,HOA Fees,rajesh_sharma,Rajesh Sharma
911ee19c-a20,2024-07-21,Water Dept - Open-architected actuating open system,441.67,Utilities,checking,-33860.04,False,Water Dept,rajesh_sharma,Rajesh Sharma
45b11898-fe9,2024-07-21,Local Bistro - Re-contextualized systemic time-frame,96.3,Dining,savings,-5057.28,False,Local Bistro,rajesh_sharma,Rajesh Sharma
45d13d61-c46,2024-07-21,Costco - Progressive web-enabled time-frame,440.16,Groceries,savings,-5278.12,False,Costco,priya_singh,Priya Singh
cf6fd734-848,2024-07-21,Netflix - Cloned global definition,68.24,Entertainment,checking,-61668.02,False,Netflix,tanishka_dhanwan,Tanishka Dhanwan
6eb829e3-f4a,2024-07-21,Delta Airlines - Switchable encompassing protocol,134.44,Travel,credit,-65161.21,False,Delta Airlines,priya_singh,Priya Singh
d7a77b62-445,2024-07-21,State Farm - Distributed actuating emulation,214.63,Insurance,checking,3281.17,False,State Farm,amit_kumar,Amit Kumar
f34f016c-2f4,2024-07-21,Property Mgmt - Monitored leadingedge projection,1583.01,Housing,savings,-28577.14,False,Property Mgmt,rajesh_sharma,Rajesh Sharma
acc3b9ea-15a,2024-07-21,Water Dept - Optimized multimedia synergy,363.62,Utilities,checking,-41240.62,False,Water Dept,tanishka_dhanwan,Tanishka Dhanwan
fe300c93-d98,2024-07-21,AMC Theaters - Multi-layered neutral application,326.29,Entertainment,credit,-64280.4,False,AMC Theaters,priya_singh,Priya Singh
2c4b1587-c6d,2024-07-22,Rent Payment - Decentralized methodical strategy,1754.87,Housing,savings,-15332.9,False,Rent Payment,priya_singh,Priya Singh
9821a7ff-fa3,2024-07-22,Gym Membership - Self-enabling didactic methodology,423.41,Subscriptions,credit,-71948.11,False,Gym Membership,amit_kumar,Amit Kumar
91365342-f38,2024-07-22,State Farm - Ameliorated scalable paradigm,82.58,Insurance,savings,-3944.77,False,State Farm,tanishka_dhanwan,Tanishka Dhanwan
bc2d5e18-304,2024-07-22,Rent Payment - Switchable disintermediate flexibility,2184.98,Housing,credit,-84393.04,False,Rent Payment,rajesh_sharma,Rajesh Sharma
1264bc19-ec3,2024-07-22,City Hospital - Operative demand-driven intranet,424.22,Healthcare,credit,-59452.38,False,City Hospital,amit_kumar,Amit Kumar
77c0cdde-fd1,2024-07-22,Whole Foods - Virtual static Graphical User Interface,148.15,Groceries,checking,13365.38,False,Whole Foods,amit_kumar,Amit Kumar
25653ebd-aa4,2024-07-22,Student Loan - Robust transitional archive,483.31,Debt Payment,savings,15290.37,False,Student Loan,priya_singh,Priya Singh
de55354a-32f,2024-07-22,Property Mgmt - Open-architected analyzing concept,1748.29,Housing,savings,15071.9,False,Property Mgmt,rajesh_sharma,Rajesh Sharma
5c3844a9-d9a,2024-07-22,Shell Gas - Enhanced fresh-thinking benchmark,160.34,Transportation,credit,-33050.39,False,Shell Gas,tanishka_dhanwan,Tanishka Dhanwan
9fe99f46-9ee,2024-07-22,Rent Payment - Vision-oriented maximized projection,1508.72,Housing,checking,-41548.9,False,Rent Payment,amit_kumar,Amit Kumar
af3642b4-ae6,2024-07-22,Rent Payment - Automated background throughput,1512.81,Housing,checking,-51495.55,False,Rent Payment,priya_singh,Priya Singh
dff12b9e-387,2024-07-22,Water Dept - Multi-lateral local product,385.27,Utilities,savings,-27838.06,False,Water Dept,amit_kumar,Amit Kumar
4cdd89c8-80c,2024-07-22,Trader Joe's - Devolved transitional implementation,352.49,Groceries,credit,-26547.99,False,Trader Joe's,amit_kumar,Amit Kumar
abf375da-f81,2024-07-22,Adobe - Implemented neutral capacity,324.19,Subscriptions,credit,-16032.11,False,Adobe,rajesh_sharma,Rajesh Sharma
a99a134c-001,2024-07-22,Rent Payment - Advanced context-sensitive instruction set,1390.43,Housing,credit,-46149.05,False,Rent Payment,priya_singh,Priya Singh
6d674597-643,2024-07-22,Walmart - Operative interactive circuit,471.48,Groceries,savings,-21041.73,False,Walmart,tanishka_dhanwan,Tanishka Dhanwan
73492789-8ad,2024-07-22,Netflix - Enterprise-wide composite conglomeration,242.11,Entertainment,savings,-3080.0,False,Netflix,rajesh_sharma,Rajesh Sharma
65fc19f1-b95,2024-07-22,Health Ins Co - Customizable well-modulated help-desk,482.75,Insurance,credit,-20645.08,False,Health Ins Co,priya_singh,Priya Singh
aa2c195b-077,2024-07-23,Netflix - Optimized responsive encoding,184.96,Entertainment,credit,-53218.86,False,Netflix,priya_singh,Priya Singh
30d39bef-898,2024-07-23,Starbucks - Universal modular pricing structure,383.11,Dining,checking,-65605.67,False,Starbucks,priya_singh,Priya Singh
5df966b4-70e,2024-07-23,Property Mgmt - Persistent attitude-oriented hardware,1389.86,Housing,credit,-40901.89,False,Property Mgmt,tanishka_dhanwan,Tanishka Dhanwan
0c61ad0f-f7c,2024-07-23,Cloud Storage - Versatile grid-enabled initiative,401.48,Subscriptions,credit,-22451.37,False,Cloud Storage,tanishka_dhanwan,Tanishka Dhanwan
81015d37-ca5,2024-07-23,Gym Membership - Exclusive client-server algorithm,209.84,Subscriptions,checking,-10600.03,False,Gym Membership,rajesh_sharma,Rajesh Sharma
3e787a08-113,2024-07-23,McDonald's - Enterprise-wide context-sensitive support,228.95,Dining,checking,-8837.12,False,McDonald's,priya_singh,Priya Singh
da4f4bce-a46,2024-07-23,Rent Payment - Robust encompassing alliance,1771.99,Housing,credit,-42212.16,False,Rent Payment,tanishka_dhanwan,Tanishka Dhanwan
3591a1ee-0f7,2024-07-23,Property Mgmt - Vision-oriented dynamic service-desk,823.65,Housing,savings,-26584.78,False,Property Mgmt,amit_kumar,Amit Kumar
b4c660ef-807,2024-07-23,Spotify - Realigned system-worthy pricing structure,193.67,Entertainment,credit,-1772.59,False,Spotify,priya_singh,Priya Singh
803e5214-ae6,2024-07-23,Walmart - Function-based discrete capability,360.59,Groceries,savings,-729.29,False,Walmart,rajesh_sharma,Rajesh Sharma
36ff499d-c9f,2024-07-23,Rent Payment - Automated well-modulated challenge,1976.79,Housing,credit,-47262.07,False,Rent Payment,tanishka_dhanwan,Tanishka Dhanwan
4199c6c4-68c,2024-07-23,Walmart - Reverse-engineered exuding orchestration,263.44,Groceries,checking,-59726.24,False,Walmart,tanishka_dhanwan,Tanishka Dhanwan
c6c3a231-374,2024-07-23,Walmart - Intuitive dynamic toolset,261.29,Groceries,checking,-5110.76,False,Walmart,priya_singh,Priya Singh
e9dd8dca-559,2024-07-23,Costco - Synergized explicit emulation,233.47,Groceries,savings,-7928.12,False,Costco,tanishka_dhanwan,Tanishka Dhanwan
0fecd0f7-67d,2024-07-23,Costco - Sharable composite artificial intelligence,278.66,Groceries,credit,-71741.38,False,Costco,amit_kumar,Amit Kumar
983551db-a84,2024-07-24,"Payroll - Dickerson, Hunter and Myers",3201.66,Income,savings,15496.48,True,"Dickerson, Hunter and Myers",amit_kumar,Amit Kumar
5c97e5fa-24a,2024-07-24,Internet Provider - Reactive actuating algorithm,389.87,Utilities,savings,34669.28,False,Internet Provider,priya_singh,Priya Singh
d1046cfa-6a3,2024-07-24,"Payroll - Steele, Brewer and Cooke",4488.68,Income,savings,-49146.67,True,"Steele, Brewer and Cooke",rajesh_sharma,Rajesh Sharma
b2f155ee-223,2024-07-24,Rent Payment - Integrated transitional info-mediaries,1578.81,Housing,checking,8340.77,False,Rent Payment,amit_kumar,Amit Kumar
1497b093-b4f,2024-07-24,Expedia - Universal executive encoding,125.44,Travel,savings,2773.79,False,Expedia,rajesh_sharma,Rajesh Sharma
bde667c1-fc4,2024-07-24,Netflix - Front-line object-oriented collaboration,273.04,Entertainment,checking,-37002.38,False,Netflix,priya_singh,Priya Singh
587af374-836,2024-07-24,Netflix - Up-sized systematic flexibility,278.32,Entertainment,checking,-46386.57,False,Netflix,tanishka_dhanwan,Tanishka Dhanwan
a97716d3-44d,2024-07-24,Whole Foods - Vision-oriented user-facing migration,322.44,Groceries,checking,-24359.54,False,Whole Foods,tanishka_dhanwan,Tanishka Dhanwan
1877986a-790,2024-07-24,Walmart - Configurable impactful middleware,49.91,Groceries,credit,-67259.76,False,Walmart,priya_singh,Priya Singh
a8ac82cb-ff3,2024-07-24,Electric Co - Devolved transitional leverage,420.27,Utilities,checking,-24250.54,False,Electric Co,amit_kumar,Amit Kumar
2cedcbaf-c3d,2024-07-24,Delta Airlines - Intuitive empowering database,61.47,Travel,checking,-5368.33,False,Delta Airlines,rajesh_sharma,Rajesh Sharma
b4a786f6-c93,2024-07-24,Tuition - Reduced attitude-oriented frame,181.14,Education,credit,-35383.51,False,Tuition,tanishka_dhanwan,Tanishka Dhanwan
94b6b1a8-4df,2024-07-24,Gym Membership - Configurable fault-tolerant artificial intelligence,486.47,Subscriptions,credit,-74076.84,False,Gym Membership,rajesh_sharma,Rajesh Sharma
e28732fb-d78,2024-07-24,Adobe - Customizable zero administration initiative,126.14,Subscriptions,credit,-40532.08,False,Adobe,rajesh_sharma,Rajesh Sharma
d88b3228-0dc,2024-07-24,Marriott - Networked foreground system engine,286.17,Travel,credit,-36937.52,False,Marriott,tanishka_dhanwan,Tanishka Dhanwan
a076d9e0-a74,2024-07-24,Credit Card Payment - Enterprise-wide object-oriented strategy,236.81,Debt Payment,checking,-6491.19,False,Credit Card Payment,tanishka_dhanwan,Tanishka Dhanwan
01d9d3d5-da0,2024-07-24,Chipotle - Innovative logistical archive,377.34,Dining,savings,-22307.17,False,Chipotle,rajesh_sharma,Rajesh Sharma
2bcf4136-566,2024-07-24,Property Mgmt - Switchable transitional protocol,999.7,Housing,credit,-55467.92,False,Property Mgmt,amit_kumar,Amit Kumar
e65e26a8-ff4,2024-07-24,"Payroll - Brown, Gibbs and Lyons",1598.09,Income,checking,14062.79,True,"Brown, Gibbs and Lyons",tanishka_dhanwan,Tanishka Dhanwan
b2f84543-7fa,2024-07-24,Water Dept - Visionary heuristic algorithm,195.57,Utilities,checking,-57611.88,False,Water Dept,tanishka_dhanwan,Tanishka Dhanwan
b1d41def-97a,2024-07-24,Credit Card Payment - Grass-roots national forecast,182.66,Debt Payment,checking,-27738.53,False,Credit Card Payment,rajesh_sharma,Rajesh Sharma
ea6dda4f-f3d,2024-07-24,Electric Co - Multi-layered uniform toolset,143.56,Utilities,credit,-39556.24,False,Electric Co,tanishka_dhanwan,Tanishka Dhanwan
597d763b-47f,2024-07-24,Best Buy - Multi-layered bottom-line portal,480.08,Shopping,savings,12442.26,False,Best Buy,amit_kumar,Amit Kumar
667ac283-9e8,2024-07-24,"Payroll - Barber, Olson and Alvarado",4077.01,Income,savings,22028.53,True,"Barber, Olson and Alvarado",priya_singh,Priya Singh
dd784668-850,2024-07-24,"Payroll - Higgins, Fox and Hammond",2652.98,Income,credit,-53409.57,True,"Higgins, Fox and Hammond",rajesh_sharma,Rajesh Sharma
066b1b7f-93c,2024-07-24,Whole Foods - Expanded neutral superstructure,296.47,Groceries,credit,-34389.45,False,Whole Foods,tanishka_dhanwan,Tanishka Dhanwan
2444924b-b18,2024-07-25,Health Ins Co - Versatile incremental policy,34.01,Insurance,checking,-63280.48,False,Health Ins Co,tanishka_dhanwan,Tanishka Dhanwan
d89146f0-b46,2024-07-25,State Farm - Sharable systematic parallelism,488.79,Insurance,savings,16208.74,False,State Farm,priya_singh,Priya Singh
b963a3aa-ca6,2024-07-25,Tuition - Centralized holistic forecast,402.17,Education,checking,-24722.44,False,Tuition,rajesh_sharma,Rajesh Sharma
097934f5-24b,2024-07-25,Walmart - Stand-alone dynamic budgetary management,144.22,Groceries,savings,-5889.81,False,Walmart,tanishka_dhanwan,Tanishka Dhanwan
4999b0f0-ee4,2024-07-25,"Payroll - Snyder, Campos and Callahan",4085.46,Income,credit,-3772.92,True,"Snyder, Campos and Callahan",rajesh_sharma,Rajesh Sharma
192f1136-ba3,2024-07-25,"Payroll - Schultz, Schmidt and Lee",3628.71,Income,checking,-25248.48,True,"Schultz, Schmidt and Lee",rajesh_sharma,Rajesh Sharma
e119de11-1bc,2024-07-25,Metro Transit - Triple-buffered fresh-thinking definition,11.76,Transportation,savings,-17948.51,False,Metro Transit,tanishka_dhanwan,Tanishka Dhanwan
3f3cf0dd-bdf,2024-07-26,Chipotle - Proactive contextually-based knowledgebase,70.97,Dining,checking,-52402.45,False,Chipotle,amit_kumar,Amit Kumar
e88325b3-ec9,2024-07-26,Health Ins Co - Synergistic client-driven implementation,128.94,Insurance,savings,3807.31,False,Health Ins Co,amit_kumar,Amit Kumar
1c5e4ad9-6fa,2024-07-26,McDonald's - Programmable responsive adapter,469.41,Dining,savings,-16669.35,False,McDonald's,priya_singh,Priya Singh
309317da-b59,2024-07-26,Health Ins Co - Reverse-engineered well-modulated moderator,420.56,Insurance,savings,-5760.82,False,Health Ins Co,tanishka_dhanwan,Tanishka Dhanwan
3d3ab117-edc,2024-07-26,Rent Payment - Optional demand-driven policy,1035.47,Housing,savings,17583.74,False,Rent Payment,amit_kumar,Amit Kumar
e3b52598-580,2024-07-26,Costco - Diverse bandwidth-monitored encryption,176.58,Groceries,checking,-67898.56,False,Costco,rajesh_sharma,Rajesh Sharma
895a3916-9a6,2024-07-26,McDonald's - Cross-group 3rdgeneration matrices,19.82,Dining,credit,-83248.33,False,McDonald's,priya_singh,Priya Singh
85341135-c66,2024-07-26,Netflix - Pre-emptive responsive encoding,211.76,Entertainment,savings,2899.23,False,Netflix,rajesh_sharma,Rajesh Sharma
7470ce4c-eb5,2024-07-26,Uber - Progressive stable contingency,449.6,Transportation,savings,-35990.71,False,Uber,tanishka_dhanwan,Tanishka Dhanwan
69000d94-411,2024-07-26,Local Bistro - Object-based tertiary parallelism,59.54,Dining,credit,-68688.37,False,Local Bistro,amit_kumar,Amit Kumar
c1289018-f17,2024-07-26,Cloud Storage - Programmable demand-driven hierarchy,355.9,Subscriptions,credit,-38161.57,False,Cloud Storage,tanishka_dhanwan,Tanishka Dhanwan
d56a363f-61f,2024-07-26,Credit Card Payment - Mandatory real-time structure,204.75,Debt Payment,credit,-22544.45,False,Credit Card Payment,amit_kumar,Amit Kumar
dd350548-763,2024-07-26,State Farm - Phased leadingedge interface,334.61,Insurance,checking,-23542.62,False,State Farm,amit_kumar,Amit Kumar
27802822-7a3,2024-07-26,Internet Provider - Face-to-face secondary collaboration,307.42,Utilities,credit,-38374.28,False,Internet Provider,rajesh_sharma,Rajesh Sharma
c5c62ff1-ea1,2024-07-26,Health Ins Co - Persistent analyzing open architecture,314.48,Insurance,checking,-31626.21,False,Health Ins Co,rajesh_sharma,Rajesh Sharma
cefc4651-64b,2024-07-26,HOA Fees - Reduced dynamic emulation,1796.33,Housing,savings,8117.19,False,HOA Fees,priya_singh,Priya Singh
1036b634-f5b,2024-07-26,Whole Foods - Multi-tiered 4thgeneration conglomeration,401.68,Groceries,checking,-2755.76,False,Whole Foods,amit_kumar,Amit Kumar
c3423d61-e7e,2024-07-27,Expedia - Ergonomic client-server framework,104.85,Travel,checking,-44198.73,False,Expedia,amit_kumar,Amit Kumar
25042f4c-0cc,2024-07-27,Credit Card Payment - Customizable context-sensitive knowledgebase,480.71,Debt Payment,savings,1338.17,False,Credit Card Payment,tanishka_dhanwan,Tanishka Dhanwan
669d8786-2f5,2024-07-27,Starbucks - Expanded client-driven model,97.78,Dining,checking,-22212.34,False,Starbucks,tanishka_dhanwan,Tanishka Dhanwan
fd951166-452,2024-07-27,Misc Purchase - Ameliorated exuding function,85.22,Other,credit,-7120.13,False,Misc Purchase,tanishka_dhanwan,Tanishka Dhanwan
9fe3362a-56c,2024-07-27,State Farm - Assimilated mobile migration,499.72,Insurance,checking,-66480.9,False,State Farm,priya_singh,Priya Singh
71a4012e-193,2024-07-27,Student Loan - Grass-roots zero-defect approach,432.59,Debt Payment,checking,-59633.2,False,Student Loan,priya_singh,Priya Singh
6bd52bde-0cc,2024-07-27,State Farm - Mandatory directional groupware,98.03,Insurance,credit,-52816.15,False,State Farm,rajesh_sharma,Rajesh Sharma
bbcf2cbf-8e0,2024-07-27,State Farm - Expanded 3rdgeneration hierarchy,241.01,Insurance,checking,5494.85,False,State Farm,tanishka_dhanwan,Tanishka Dhanwan
1429c7b5-1d4,2024-07-27,Dental Care - Visionary regional frame,11.15,Healthcare,savings,-34868.1,False,Dental Care,rajesh_sharma,Rajesh Sharma
47d5c626-93c,2024-07-27,Health Ins Co - Automated intangible solution,323.78,Insurance,checking,-33611.16,False,Health Ins Co,tanishka_dhanwan,Tanishka Dhanwan
ea15ca82-03e,2024-07-27,Trader Joe's - Re-engineered neutral emulation,432.1,Groceries,checking,-68168.68,False,Trader Joe's,priya_singh,Priya Singh
c830f86f-1b0,2024-07-27,Cloud Storage - Implemented 24/7 knowledgebase,310.24,Subscriptions,credit,-34768.14,False,Cloud Storage,tanishka_dhanwan,Tanishka Dhanwan
028bdadd-050,2024-07-27,Starbucks - Mandatory motivating ability,44.6,Dining,checking,-61828.07,False,Starbucks,tanishka_dhanwan,Tanishka Dhanwan
12ba9229-76b,2024-07-27,Local Bistro - Multi-tiered object-oriented support,397.37,Dining,checking,-36592.99,False,Local Bistro,amit_kumar,Amit Kumar
c3872993-db5,2024-07-27,Target - Function-based well-modulated intranet,204.3,Shopping,credit,-1367.45,False,Target,tanishka_dhanwan,Tanishka Dhanwan
ddad0ee6-6ce,2024-07-27,Walmart - Visionary client-server website,360.79,Groceries,savings,-14403.58,False,Walmart,tanishka_dhanwan,Tanishka Dhanwan
beb898a2-aa1,2024-07-27,Health Ins Co - Distributed optimizing algorithm,219.0,Insurance,checking,-23883.05,False,Health Ins Co,tanishka_dhanwan,Tanishka Dhanwan
2bf21df9-ff9,2024-07-27,Spotify - Profit-focused real-time customer loyalty,180.07,Entertainment,checking,6785.22,False,Spotify,rajesh_sharma,Rajesh Sharma
8fddaafa-d18,2024-07-27,HOA Fees - Synergized executive emulation,1579.78,Housing,savings,-2243.63,False,HOA Fees,rajesh_sharma,Rajesh Sharma
5148fab2-a12,2024-07-27,Payroll - Barber-Jackson,2497.82,Income,savings,-4671.5,True,Barber-Jackson,priya_singh,Priya Singh
3aea63ab-1af,2024-07-27,Property Mgmt - Down-sized discrete archive,1903.43,Housing,savings,24173.84,False,Property Mgmt,priya_singh,Priya Singh
0657cac5-3c1,2024-07-27,Starbucks - Object-based mission-critical workforce,284.14,Dining,checking,-69515.01,False,Starbucks,priya_singh,Priya Singh
adf9c89e-2bf,2024-07-27,City Hospital - Re-engineered value-added application,474.77,Healthcare,checking,-25904.93,False,City Hospital,priya_singh,Priya Singh
5b41ec89-76a,2024-07-27,Rent Payment - Profit-focused regional implementation,898.93,Housing,credit,-11039.61,False,Rent Payment,amit_kumar,Amit Kumar
617d24b0-4c8,2024-07-27,Payroll - Murphy-Tran,2894.47,Income,savings,-65168.51,True,Murphy-Tran,rajesh_sharma,Rajesh Sharma
1c465fdd-5b4,2024-07-28,McDonald's - Diverse tangible Internet solution,449.48,Dining,credit,-3863.73,False,McDonald's,tanishka_dhanwan,Tanishka Dhanwan
797e3aef-a61,2024-07-28,Water Dept - Profit-focused secondary conglomeration,496.21,Utilities,checking,-25885.01,False,Water Dept,rajesh_sharma,Rajesh Sharma
632fc72e-75b,2024-07-28,Spotify - Extended local archive,407.12,Entertainment,savings,14283.28,False,Spotify,amit_kumar,Amit Kumar
cb80da0e-32f,2024-07-28,Property Mgmt - Innovative cohesive structure,1762.87,Housing,credit,-55771.61,False,Property Mgmt,rajesh_sharma,Rajesh Sharma
7b07482e-444,2024-07-28,Walmart - Sharable empowering system engine,65.5,Groceries,savings,1593.98,False,Walmart,amit_kumar,Amit Kumar
f5259f50-951,2024-07-28,Walmart - Customer-focused zero tolerance pricing structure,289.59,Groceries,savings,13613.43,False,Walmart,amit_kumar,Amit Kumar
828f56ac-497,2024-07-28,HOA Fees - Extended maximized open system,954.53,Housing,checking,7438.44,False,HOA Fees,tanishka_dhanwan,Tanishka Dhanwan
84469cca-ca5,2024-07-28,Marriott - Ergonomic next generation pricing structure,462.37,Travel,checking,6880.44,False,Marriott,amit_kumar,Amit Kumar
f4d2497d-10d,2024-07-28,Trader Joe's - Inverse exuding middleware,11.76,Groceries,credit,-40269.22,False,Trader Joe's,tanishka_dhanwan,Tanishka Dhanwan
6c0c6316-003,2024-07-28,Metro Transit - Robust demand-driven structure,50.16,Transportation,savings,14870.83,False,Metro Transit,rajesh_sharma,Rajesh Sharma
f8c94f97-9db,2024-07-28,State Farm - Persistent tertiary database,191.01,Insurance,checking,-29458.82,False,State Farm,rajesh_sharma,Rajesh Sharma
73abb12d-921,2024-07-28,Chipotle - Sharable mobile projection,378.92,Dining,credit,-1578.92,False,Chipotle,priya_singh,Priya Singh
fe2593e4-da0,2024-07-28,Payroll - Matthews-Rodriguez,2581.17,Income,checking,3098.59,True,Matthews-Rodriguez,amit_kumar,Amit Kumar
caa3f8b7-16e,2024-07-28,State Farm - Organized regional migration,132.82,Insurance,savings,-3019.92,False,State Farm,tanishka_dhanwan,Tanishka Dhanwan
c851a6ba-34b,2024-07-29,Spotify - Progressive exuding conglomeration,228.34,Entertainment,savings,-7826.03,False,Spotify,priya_singh,Priya Singh
d03d3632-eac,2024-07-29,Target - Customizable impactful adapter,434.4,Shopping,credit,-52718.12,False,Target,rajesh_sharma,Rajesh Sharma
e9898481-9e1,2024-07-29,Payroll - Fox Inc,2480.32,Income,credit,-82611.02,True,Fox Inc,rajesh_sharma,Rajesh Sharma
25b749ce-724,2024-07-29,Misc Purchase - Organized incremental product,305.74,Other,credit,-39199.82,False,Misc Purchase,tanishka_dhanwan,Tanishka Dhanwan
af2d6b91-fe7,2024-07-29,Property Mgmt - User-centric bifurcated attitude,2128.27,Housing,checking,-8956.04,False,Property Mgmt,priya_singh,Priya Singh
f2499c11-b23,2024-07-29,Electric Co - Cloned bifurcated leverage,349.95,Utilities,credit,-51439.82,False,Electric Co,tanishka_dhanwan,Tanishka Dhanwan
133e1c03-7b3,2024-07-29,Payroll - Clark PLC,3584.57,Income,checking,-52982.49,True,Clark PLC,tanishka_dhanwan,Tanishka Dhanwan
e9f39a1c-657,2024-07-29,City Hospital - Implemented client-driven Local Area Network,56.67,Healthcare,savings,21073.21,False,City Hospital,priya_singh,Priya Singh
48b2e728-c6e,2024-07-29,"Payroll - Carpenter, Keller and Grimes",3096.64,Income,savings,-9080.72,True,"Carpenter, Keller and Grimes",rajesh_sharma,Rajesh Sharma
a9303c00-fdd,2024-07-29,CVS Pharmacy - User-centric composite architecture,89.91,Healthcare,savings,15969.23,False,CVS Pharmacy,amit_kumar,Amit Kumar
7a67d13b-306,2024-07-29,"Payroll - Wheeler, Campbell and Steele",2123.75,Income,savings,-5392.49,True,"Wheeler, Campbell and Steele",priya_singh,Priya Singh
bfdc6e7d-05b,2024-07-29,AMC Theaters - Visionary homogeneous standardization,100.16,Entertainment,checking,-21229.33,False,AMC Theaters,tanishka_dhanwan,Tanishka Dhanwan
a8381a65-1be,2024-07-29,Property Mgmt - Upgradable intermediate utilization,2063.13,Housing,savings,12936.87,False,Property Mgmt,priya_singh,Priya Singh
37fe76b2-928,2024-07-29,Tuition - Customer-focused well-modulated emulation,115.19,Education,credit,-49745.69,False,Tuition,tanishka_dhanwan,Tanishka Dhanwan
a848f379-729,2024-07-29,Property Mgmt - Multi-channeled composite project,1322.22,Housing,savings,-47292.37,False,Property Mgmt,rajesh_sharma,Rajesh Sharma
39ca02e9-b0f,2024-07-29,Costco - Phased incremental success,376.93,Groceries,savings,14187.72,False,Costco,tanishka_dhanwan,Tanishka Dhanwan
be7e64e4-029,2024-07-30,Whole Foods - Polarized user-facing challenge,238.75,Groceries,checking,986.62,False,Whole Foods,amit_kumar,Amit Kumar
478b790c-224,2024-07-30,Trader Joe's - Enhanced directional website,53.88,Groceries,checking,-54086.63,False,Trader Joe's,rajesh_sharma,Rajesh Sharma
487f85cf-759,2024-07-30,Trader Joe's - Decentralized holistic archive,103.15,Groceries,checking,-12225.17,False,Trader Joe's,amit_kumar,Amit Kumar
5bbee3f9-554,2024-07-30,AMC Theaters - Object-based mission-critical protocol,152.95,Entertainment,savings,-28908.8,False,AMC Theaters,tanishka_dhanwan,Tanishka Dhanwan
dcb5b4ad-d8b,2024-07-30,AMC Theaters - Digitized heuristic methodology,378.62,Entertainment,credit,-33483.97,False,AMC Theaters,tanishka_dhanwan,Tanishka Dhanwan
95d77247-27c,2024-07-30,Costco - Total static adapter,346.69,Groceries,credit,-67239.95,False,Costco,priya_singh,Priya Singh
7209091b-89d,2024-07-30,Payroll - Hill Ltd,2040.55,Income,checking,-11741.08,True,Hill Ltd,amit_kumar,Amit Kumar
259dcb6a-d05,2024-07-30,Marriott - Mandatory transitional artificial intelligence,193.93,Travel,checking,-25388.8,False,Marriott,rajesh_sharma,Rajesh Sharma
be99bdde-a84,2024-07-30,Internet Provider - Automated user-facing circuit,405.15,Utilities,savings,-25722.46,False,Internet Provider,tanishka_dhanwan,Tanishka Dhanwan
070fa566-870,2024-07-30,Starbucks - Customer-focused 5thgeneration utilization,431.67,Dining,credit,-9152.71,False,Starbucks,amit_kumar,Amit Kumar
b1e2d0e3-c0f,2024-07-30,Credit Card Payment - Re-contextualized mission-critical strategy,350.2,Debt Payment,savings,-4627.92,False,Credit Card Payment,priya_singh,Priya Singh
d83b1f59-d38,2024-07-30,HOA Fees - User-centric zero administration attitude,1254.36,Housing,savings,22797.12,False,HOA Fees,priya_singh,Priya Singh
8585b9ec-1ea,2024-07-30,Walmart - Triple-buffered bandwidth-monitored intranet,195.69,Groceries,credit,-49494.66,False,Walmart,rajesh_sharma,Rajesh Sharma
e5c1265d-12a,2024-07-30,Parking Co - Devolved transitional synergy,66.6,Transportation,checking,-14209.17,False,Parking Co,priya_singh,Priya Singh
f27406a5-7b6,2024-07-31,"Payroll - Blackburn, Black and Shepard",2373.41,Income,credit,-31004.45,True,"Blackburn, Black and Shepard",tanishka_dhanwan,Tanishka Dhanwan
000a9539-0af,2024-07-31,AMC Theaters - Enterprise-wide 4thgeneration structure,57.46,Entertainment,savings,8317.98,False,AMC Theaters,amit_kumar,Amit Kumar
288d88a8-9b8,2024-07-31,Spotify - Object-based eco-centric ability,107.63,Entertainment,credit,-66620.1,False,Spotify,rajesh_sharma,Rajesh Sharma
3b9ad27c-084,2024-07-31,Property Mgmt - Advanced asymmetric access,1321.55,Housing,checking,-56072.16,False,Property Mgmt,priya_singh,Priya Singh
35461d00-3c2,2024-07-31,Netflix - Operative zero-defect success,448.67,Entertainment,savings,-31623.21,False,Netflix,tanishka_dhanwan,Tanishka Dhanwan
c8fcbb76-db7,2024-07-31,Metro Transit - Proactive leadingedge artificial intelligence,494.47,Transportation,checking,-14939.35,False,Metro Transit,rajesh_sharma,Rajesh Sharma
fe92bf8d-add,2024-07-31,Uber - Grass-roots zero administration attitude,297.99,Transportation,savings,-39156.59,False,Uber,tanishka_dhanwan,Tanishka Dhanwan
571aa5cb-f58,2024-07-31,Payroll - Howard Group,2909.68,Income,credit,-18072.72,True,Howard Group,priya_singh,Priya Singh
cb942dfc-439,2024-07-31,Payroll - Reyes Ltd,1535.94,Income,credit,-40760.51,True,Reyes Ltd,tanishka_dhanwan,Tanishka Dhanwan
a42b0fe2-876,2024-07-31,Payroll - Owens PLC,2298.01,Income,checking,11397.94,True,Owens PLC,amit_kumar,Amit Kumar
d9775ccd-c4b,2024-07-31,Electric Co - Distributed zero administration protocol,281.13,Utilities,savings,-24315.68,False,Electric Co,amit_kumar,Amit Kumar
784e1819-73f,2024-07-31,Walmart - Exclusive high-level secured line,395.0,Groceries,checking,-62506.84,False,Walmart,tanishka_dhanwan,Tanishka Dhanwan
68ebbcf8-fff,2024-07-31,AMC Theaters - Intuitive web-enabled intranet,245.4,Entertainment,checking,-12877.39,False,AMC Theaters,rajesh_sharma,Rajesh Sharma
facd2523-ee4,2024-07-31,Payroll - Edwards-Hernandez,3174.06,Income,credit,-53785.36,True,Edwards-Hernandez,rajesh_sharma,Rajesh Sharma
c46c614c-ea4,2024-07-31,Amazon - Quality-focused regional Graphical User Interface,394.73,Shopping,credit,-74811.68,False,Amazon,amit_kumar,Amit Kumar
ea3442f5-c66,2024-07-31,Health Ins Co - Compatible tertiary product,385.4,Insurance,checking,4984.59,False,Health Ins Co,rajesh_sharma,Rajesh Sharma
0337cf22-c44,2024-08-01,Electric Co - Focused human-resource array,199.51,Utilities,savings,-57833.23,False,Electric Co,rajesh_sharma,Rajesh Sharma
5e85c99b-f6d,2024-08-01,Student Loan - Multi-tiered methodical success,278.81,Debt Payment,credit,-30644.14,False,Student Loan,amit_kumar,Amit Kumar
cd874a79-e47,2024-08-01,Chipotle - Innovative asynchronous firmware,37.24,Dining,credit,-24702.58,False,Chipotle,tanishka_dhanwan,Tanishka Dhanwan
880c1205-574,2024-08-01,Credit Card Payment - Monitored next generation utilization,170.52,Debt Payment,checking,-41481.53,False,Credit Card Payment,rajesh_sharma,Rajesh Sharma
5cad1cd6-3e4,2024-08-01,Misc Purchase - Innovative non-volatile portal,308.16,Other,credit,-56746.87,False,Misc Purchase,rajesh_sharma,Rajesh Sharma
1c1a8658-c54,2024-08-01,Rent Payment - Universal cohesive structure,1491.92,Housing,savings,-1407.55,False,Rent Payment,priya_singh,Priya Singh
1aa6af3b-3c5,2024-08-01,Local Bistro - Digitized exuding service-desk,400.93,Dining,credit,-25856.36,False,Local Bistro,priya_singh,Priya Singh
38c3bd24-127,2024-08-01,Cloud Storage - Synergized neutral throughput,257.89,Subscriptions,savings,-26144.77,False,Cloud Storage,amit_kumar,Amit Kumar
a260899d-4d8,2024-08-01,Credit Card Payment - Future-proofed eco-centric productivity,354.61,Debt Payment,credit,-666.37,False,Credit Card Payment,tanishka_dhanwan,Tanishka Dhanwan
e6cf34a7-aa6,2024-08-01,Shell Gas - De-engineered 4thgeneration leverage,42.15,Transportation,credit,-58149.38,False,Shell Gas,priya_singh,Priya Singh
7fc45fa5-5c0,2024-08-01,Payroll - Copeland Group,2644.75,Income,credit,-46300.64,True,Copeland Group,rajesh_sharma,Rajesh Sharma
4b23bf98-783,2024-08-01,Metro Transit - Enhanced disintermediate throughput,186.61,Transportation,savings,16969.59,False,Metro Transit,amit_kumar,Amit Kumar
1ebb2519-107,2024-08-01,Walmart - Exclusive system-worthy middleware,223.55,Groceries,credit,-31893.07,False,Walmart,tanishka_dhanwan,Tanishka Dhanwan
87cb9555-a43,2024-08-01,Local Bistro - Optimized fault-tolerant portal,471.23,Dining,checking,-37473.61,False,Local Bistro,priya_singh,Priya Singh
37146c94-446,2024-08-01,City Hospital - Exclusive analyzing synergy,68.76,Healthcare,checking,-29519.63,False,City Hospital,amit_kumar,Amit Kumar
35de8248-13c,2024-08-01,State Farm - Horizontal object-oriented interface,193.9,Insurance,credit,-35749.52,False,State Farm,tanishka_dhanwan,Tanishka Dhanwan
c2355665-413,2024-08-01,Marriott - Polarized value-added architecture,498.53,Travel,checking,-10770.64,False,Marriott,amit_kumar,Amit Kumar
9fffd015-df3,2024-08-01,Water Dept - Adaptive zero tolerance emulation,337.61,Utilities,savings,-28672.38,False,Water Dept,tanishka_dhanwan,Tanishka Dhanwan
68c73b87-b53,2024-08-02,Online Course - Digitized zero administration knowledgebase,133.45,Education,credit,-2213.06,False,Online Course,amit_kumar,Amit Kumar
f1ac8306-198,2024-08-02,City Hospital - Reduced optimizing firmware,171.15,Healthcare,savings,-61990.62,False,City Hospital,rajesh_sharma,Rajesh Sharma
23f975ec-ce3,2024-08-02,Netflix - Persistent zero administration secured line,379.13,Entertainment,credit,-42143.78,False,Netflix,tanishka_dhanwan,Tanishka Dhanwan
dd46d71f-928,2024-08-02,Starbucks - Innovative 6thgeneration model,70.54,Dining,checking,-43927.96,False,Starbucks,amit_kumar,Amit Kumar
0df210f9-61a,2024-08-02,Rent Payment - Synergized 6thgeneration process improvement,1960.33,Housing,credit,-3643.5,False,Rent Payment,tanishka_dhanwan,Tanishka Dhanwan
2a246dc1-b67,2024-08-02,Student Loan - Upgradable uniform hub,247.82,Debt Payment,credit,-63758.89,False,Student Loan,amit_kumar,Amit Kumar
c82e9c07-6f5,2024-08-02,Netflix - Open-architected regional definition,186.22,Entertainment,checking,4060.78,False,Netflix,amit_kumar,Amit Kumar
422b4e82-5ea,2024-08-02,Student Loan - Exclusive composite groupware,289.8,Debt Payment,savings,6305.97,False,Student Loan,amit_kumar,Amit Kumar
168621d4-04f,2024-08-02,Payroll - Beard Inc,1928.13,Income,checking,2581.09,True,Beard Inc,amit_kumar,Amit Kumar
d2a96800-622,2024-08-02,Metro Transit - Fully-configurable optimal task-force,127.23,Transportation,savings,-30521.93,False,Metro Transit,tanishka_dhanwan,Tanishka Dhanwan
faf7e8e6-070,2024-08-02,Electric Co - Focused analyzing throughput,28.59,Utilities,savings,-36856.77,False,Electric Co,tanishka_dhanwan,Tanishka Dhanwan
5fc9c68f-7ad,2024-08-03,"Payroll - Frederick, Porter and Ross",3219.03,Income,savings,-26660.11,True,"Frederick, Porter and Ross",tanishka_dhanwan,Tanishka Dhanwan
96ec4416-d99,2024-08-03,CVS Pharmacy - Multi-channeled interactive installation,210.81,Healthcare,savings,19886.32,False,CVS Pharmacy,rajesh_sharma,Rajesh Sharma
5fb9d1ea-01f,2024-08-03,AMC Theaters - Customer-focused composite utilization,419.17,Entertainment,checking,-27849.42,False,AMC Theaters,priya_singh,Priya Singh
62ccdb0d-1d2,2024-08-03,Chipotle - Enterprise-wide eco-centric frame,465.74,Dining,savings,-6022.67,False,Chipotle,priya_singh,Priya Singh
c981a2ad-17d,2024-08-03,Starbucks - Horizontal neutral flexibility,276.64,Dining,savings,-23780.49,False,Starbucks,amit_kumar,Amit Kumar
03d4dc31-a3f,2024-08-03,Water Dept - Ergonomic fresh-thinking portal,115.55,Utilities,savings,-12897.06,False,Water Dept,rajesh_sharma,Rajesh Sharma
8b47f0aa-863,2024-08-03,Walmart - Streamlined explicit Local Area Network,133.47,Groceries,savings,-5880.54,False,Walmart,tanishka_dhanwan,Tanishka Dhanwan
a8532780-8ca,2024-08-03,Costco - Down-sized empowering contingency,63.39,Groceries,savings,28217.21,False,Costco,priya_singh,Priya Singh
02825b23-3f2,2024-08-03,Dental Care - Streamlined user-facing hierarchy,240.2,Healthcare,credit,-22784.65,False,Dental Care,amit_kumar,Amit Kumar
33de3c6e-45f,2024-08-03,Spotify - User-centric dynamic encryption,313.77,Entertainment,savings,-9068.3,False,Spotify,priya_singh,Priya Singh
9c3ad4ea-335,2024-08-03,Adobe - Ameliorated next generation project,124.77,Subscriptions,savings,12084.05,False,Adobe,amit_kumar,Amit Kumar
1bf0b3df-9d5,2024-08-04,Rent Payment - Open-source 24hour flexibility,1354.95,Housing,checking,-43006.4,False,Rent Payment,tanishka_dhanwan,Tanishka Dhanwan
7a6aa47f-200,2024-08-04,"Payroll - Choi, Morales and Wise",3477.71,Income,savings,-15163.21,True,"Choi, Morales and Wise",tanishka_dhanwan,Tanishka Dhanwan
136baf28-e80,2024-08-04,Starbucks - Versatile fault-tolerant strategy,271.81,Dining,savings,-5303.76,False,Starbucks,priya_singh,Priya Singh
092f105f-488,2024-08-04,ATM Withdrawal - Organized attitude-oriented implementation,43.99,Other,checking,-13896.54,False,ATM Withdrawal,priya_singh,Priya Singh
948e3938-67a,2024-08-04,Health Ins Co - Focused didactic workforce,38.15,Insurance,checking,10645.75,False,Health Ins Co,tanishka_dhanwan,Tanishka Dhanwan
bb9611ef-a9a,2024-08-04,Local Bistro - Ameliorated actuating toolset,146.81,Dining,checking,-22973.96,False,Local Bistro,rajesh_sharma,Rajesh Sharma
6f0ca2e0-435,2024-08-04,Delta Airlines - Vision-oriented full-range algorithm,105.75,Travel,savings,10869.22,False,Delta Airlines,tanishka_dhanwan,Tanishka Dhanwan
8542b1c7-457,2024-08-04,Parking Co - Virtual eco-centric access,127.87,Transportation,checking,-52677.87,False,Parking Co,priya_singh,Priya Singh
75a67261-94f,2024-08-04,ATM Withdrawal - Organized real-time leverage,70.53,Other,checking,-10606.43,False,ATM Withdrawal,priya_singh,Priya Singh
c18aa842-92e,2024-08-04,Tuition - Customizable real-time conglomeration,373.91,Education,savings,-6539.16,False,Tuition,priya_singh,Priya Singh
016ded23-1b1,2024-08-04,Parking Co - Fully-configurable tertiary paradigm,383.59,Transportation,savings,8977.06,False,Parking Co,amit_kumar,Amit Kumar
7feeddf7-126,2024-08-04,Rent Payment - Intuitive impactful flexibility,1550.8,Housing,savings,15572.69,False,Rent Payment,rajesh_sharma,Rajesh Sharma
5f29d7aa-af7,2024-08-04,Water Dept - Configurable analyzing challenge,90.86,Utilities,checking,-19547.42,False,Water Dept,amit_kumar,Amit Kumar
a12bc39c-7db,2024-08-04,Property Mgmt - Customer-focused tangible superstructure,1683.21,Housing,credit,-70838.27,False,Property Mgmt,amit_kumar,Amit Kumar
b3b246bf-9da,2024-08-05,Chipotle - Universal heuristic Local Area Network,440.64,Dining,credit,-36410.86,False,Chipotle,tanishka_dhanwan,Tanishka Dhanwan
e5124057-960,2024-08-05,Local Bistro - Enhanced stable secured line,248.02,Dining,credit,-62455.25,False,Local Bistro,priya_singh,Priya Singh
950af4e8-a5b,2024-08-05,Netflix - Centralized heuristic project,104.84,Entertainment,savings,19867.22,False,Netflix,priya_singh,Priya Singh
673a77bb-471,2024-08-05,City Hospital - Mandatory directional frame,245.27,Healthcare,credit,-75492.55,False,City Hospital,priya_singh,Priya Singh
93fe3da7-96d,2024-08-05,Whole Foods - Switchable contextually-based standardization,190.52,Groceries,savings,-3388.82,False,Whole Foods,amit_kumar,Amit Kumar
9f008874-198,2024-08-05,Rent Payment - Automated full-range archive,1878.06,Housing,checking,3106.53,False,Rent Payment,rajesh_sharma,Rajesh Sharma
9832690e-d0e,2024-08-05,Netflix - Stand-alone even-keeled project,410.71,Entertainment,credit,-42622.87,False,Netflix,tanishka_dhanwan,Tanishka Dhanwan
d292366b-8be,2024-08-05,Payroll - Gray LLC,2178.27,Income,savings,-18053.83,True,Gray LLC,tanishka_dhanwan,Tanishka Dhanwan
69bf1ba2-5e9,2024-08-05,Internet Provider - Networked system-worthy matrices,402.65,Utilities,savings,16255.36,False,Internet Provider,priya_singh,Priya Singh
14cbe52e-6fc,2024-08-05,Whole Foods - Realigned optimal solution,108.87,Groceries,checking,-32594.16,False,Whole Foods,rajesh_sharma,Rajesh Sharma
67a6c8b2-0de,2024-08-05,Marriott - Face-to-face background firmware,150.56,Travel,savings,-4089.33,False,Marriott,tanishka_dhanwan,Tanishka Dhanwan
4d4dded7-ba5,2024-08-05,Water Dept - Cross-platform leadingedge success,180.64,Utilities,credit,-58267.54,False,Water Dept,rajesh_sharma,Rajesh Sharma
54ab9587-6a5,2024-08-05,Rent Payment - Centralized radical initiative,2101.42,Housing,checking,-1786.86,False,Rent Payment,priya_singh,Priya Singh
9afe63f1-efe,2024-08-05,Cloud Storage - Operative 4thgeneration access,352.1,Subscriptions,savings,-4245.73,False,Cloud Storage,amit_kumar,Amit Kumar
8101356c-9be,2024-08-06,Costco - Synergized global functionalities,287.26,Groceries,checking,-34374.93,False,Costco,amit_kumar,Amit Kumar
1e6c068a-62c,2024-08-06,Starbucks - Fully-configurable zero administration moratorium,355.07,Dining,credit,-43390.27,False,Starbucks,tanishka_dhanwan,Tanishka Dhanwan
1e1d4123-b2c,2024-08-06,Uber - Switchable maximized capacity,111.73,Transportation,checking,895.45,False,Uber,amit_kumar,Amit Kumar
49285cd1-a92,2024-08-06,Internet Provider - Object-based even-keeled access,84.27,Utilities,credit,-52890.93,False,Internet Provider,rajesh_sharma,Rajesh Sharma
ed8481ba-3ea,2024-08-06,Payroll - Peterson Group,3303.36,Income,checking,-48732.25,True,Peterson Group,priya_singh,Priya Singh
1e72adb6-fde,2024-08-06,Expedia - Open-architected homogeneous concept,392.99,Travel,checking,6454.18,False,Expedia,tanishka_dhanwan,Tanishka Dhanwan
dc9caa8a-15f,2024-08-06,HOA Fees - De-engineered bi-directional adapter,1535.27,Housing,savings,27091.03,False,HOA Fees,priya_singh,Priya Singh
cceb09d4-498,2024-08-06,Gym Membership - Advanced systematic database,255.95,Subscriptions,checking,-13983.11,False,Gym Membership,priya_singh,Priya Singh
e87fad88-a34,2024-08-06,Netflix - User-centric fresh-thinking functionalities,442.14,Entertainment,credit,-77155.75,False,Netflix,rajesh_sharma,Rajesh Sharma
251dee23-66a,2024-08-06,Local Bistro - Innovative uniform synergy,408.81,Dining,savings,17492.46,False,Local Bistro,amit_kumar,Amit Kumar
a4725faa-9c6,2024-08-06,Trader Joe's - Grass-roots intermediate database,323.93,Groceries,checking,6271.73,False,Trader Joe's,amit_kumar,Amit Kumar
c3aeb3c3-6e8,2024-08-06,Costco - Persevering 24hour extranet,312.84,Groceries,checking,-63246.47,False,Costco,tanishka_dhanwan,Tanishka Dhanwan
17ca79b1-8b2,2024-08-06,State Farm - Multi-tiered homogeneous neural-net,36.24,Insurance,savings,-30590.21,False,State Farm,rajesh_sharma,Rajesh Sharma
cde3ffc8-3b8,2024-08-06,Parking Co - Cross-platform heuristic hierarchy,246.99,Transportation,savings,-24990.63,False,Parking Co,tanishka_dhanwan,Tanishka Dhanwan
53544406-322,2024-08-07,Spotify - Enterprise-wide leadingedge service-desk,226.18,Entertainment,credit,-4107.2,False,Spotify,amit_kumar,Amit Kumar
fa783e15-489,2024-08-07,Health Ins Co - Sharable background strategy,467.49,Insurance,credit,-952.07,False,Health Ins Co,priya_singh,Priya Singh
20e68b93-96a,2024-08-07,Cloud Storage - Cloned global core,131.37,Subscriptions,credit,-46765.26,False,Cloud Storage,amit_kumar,Amit Kumar
a1f67ccc-27d,2024-08-07,Cloud Storage - Proactive homogeneous hardware,157.88,Subscriptions,checking,-938.43,False,Cloud Storage,priya_singh,Priya Singh
b8c28102-668,2024-08-07,Internet Provider - Business-focused radical moratorium,419.56,Utilities,checking,-16702.34,False,Internet Provider,tanishka_dhanwan,Tanishka Dhanwan
c59dd5af-2ac,2024-08-07,Uber - Open-architected 5thgeneration protocol,86.72,Transportation,checking,-56567.06,False,Uber,tanishka_dhanwan,Tanishka Dhanwan
d1d7127a-c4c,2024-08-07,Water Dept - Balanced multi-state utilization,487.47,Utilities,savings,-5480.86,False,Water Dept,amit_kumar,Amit Kumar
a10e337a-775,2024-08-07,Dental Care - Extended well-modulated Graphical User Interface,135.06,Healthcare,checking,3875.57,False,Dental Care,rajesh_sharma,Rajesh Sharma
f8c2df79-74b,2024-08-07,Health Ins Co - Fully-configurable heuristic infrastructure,229.44,Insurance,credit,-78233.9,False,Health Ins Co,rajesh_sharma,Rajesh Sharma
3bfe5563-48c,2024-08-07,Parking Co - Upgradable secondary moderator,382.98,Transportation,checking,-15624.5,False,Parking Co,tanishka_dhanwan,Tanishka Dhanwan
80cd7aab-4cf,2024-08-07,Expedia - Centralized even-keeled projection,29.64,Travel,checking,-39712.12,False,Expedia,rajesh_sharma,Rajesh Sharma
34d95945-e6a,2024-08-07,Whole Foods - User-friendly solution-oriented adapter,416.12,Groceries,checking,-12182.15,False,Whole Foods,priya_singh,Priya Singh
eb51a6cd-bea,2024-08-07,Walmart - Synergized homogeneous moderator,340.76,Groceries,checking,5993.77,False,Walmart,priya_singh,Priya Singh
58c11969-d73,2024-08-07,City Hospital - Profound full-range application,436.29,Healthcare,credit,-27451.29,False,City Hospital,tanishka_dhanwan,Tanishka Dhanwan
f95a7d37-fde,2024-08-07,Costco - Triple-buffered solution-oriented conglomeration,58.24,Groceries,credit,-20162.33,False,Costco,priya_singh,Priya Singh
e945fa82-5ac,2024-08-07,Trader Joe's - Cross-platform homogeneous definition,384.39,Groceries,credit,-73926.8,False,Trader Joe's,amit_kumar,Amit Kumar
c29fd70a-3fd,2024-08-07,Walmart - Public-key composite orchestration,190.58,Groceries,credit,-56519.07,False,Walmart,priya_singh,Priya Singh
2bd76f0c-799,2024-08-08,AMC Theaters - Face-to-face coherent application,358.24,Entertainment,savings,10493.62,False,AMC Theaters,priya_singh,Priya Singh
ae1274d3-4cb,2024-08-08,ATM Withdrawal - Re-engineered homogeneous artificial intelligence,402.7,Other,savings,7434.2,False,ATM Withdrawal,priya_singh,Priya Singh
a26bdcea-57d,2024-08-08,Uber - Pre-emptive national hub,12.45,Transportation,credit,-8197.03,False,Uber,amit_kumar,Amit Kumar
c8b35bbe-ba4,2024-08-08,Netflix - Progressive modular challenge,264.28,Entertainment,checking,-37392.3,False,Netflix,rajesh_sharma,Rajesh Sharma
4744abcf-9fa,2024-08-08,Payroll - Johnston-Rodriguez,1712.64,Income,checking,1384.94,True,Johnston-Rodriguez,amit_kumar,Amit Kumar
e73480d5-2a3,2024-08-08,Bookstore - Balanced transitional time-frame,93.49,Education,checking,14418.34,False,Bookstore,tanishka_dhanwan,Tanishka Dhanwan
0b8fb357-28a,2024-08-08,Spotify - Exclusive demand-driven throughput,183.28,Entertainment,checking,-53462.11,False,Spotify,tanishka_dhanwan,Tanishka Dhanwan
7b13060b-921,2024-08-08,Dental Care - Versatile disintermediate service-desk,229.59,Healthcare,savings,9469.38,False,Dental Care,rajesh_sharma,Rajesh Sharma
eac8a08e-75e,2024-08-08,AMC Theaters - Extended needs-based system engine,336.96,Entertainment,credit,-7688.6,False,AMC Theaters,rajesh_sharma,Rajesh Sharma
d962b3e6-8d9,2024-08-08,"Payroll - Lopez, Nguyen and Ellis",3791.89,Income,credit,-55101.9,True,"Lopez, Nguyen and Ellis",rajesh_sharma,Rajesh Sharma
36f70bc8-c1b,2024-08-08,Shell Gas - Horizontal attitude-oriented data-warehouse,54.99,Transportation,credit,-39761.13,False,Shell Gas,priya_singh,Priya Singh
987e494c-cd8,2024-08-08,Local Bistro - Face-to-face high-level info-mediaries,191.76,Dining,credit,-28897.07,False,Local Bistro,tanishka_dhanwan,Tanishka Dhanwan
32097989-c5d,2024-08-08,Payroll - Tucker-Rose,3952.38,Income,credit,-75824.42,True,Tucker-Rose,priya_singh,Priya Singh
de8e874f-a3e,2024-08-09,Property Mgmt - Organic tangible matrices,835.75,Housing,checking,-43085.12,False,Property Mgmt,amit_kumar,Amit Kumar
e32e5937-70a,2024-08-09,AMC Theaters - Organized encompassing emulation,427.66,Entertainment,credit,-77583.41,False,AMC Theaters,rajesh_sharma,Rajesh Sharma
24e0fd1c-991,2024-08-09,AMC Theaters - Intuitive local process improvement,154.41,Entertainment,savings,-49568.96,False,AMC Theaters,rajesh_sharma,Rajesh Sharma
6155fe47-4e0,2024-08-09,Payroll - Barnes and Sons,3473.58,Income,credit,-72939.27,True,Barnes and Sons,amit_kumar,Amit Kumar
b5c90dc5-04a,2024-08-09,Property Mgmt - Quality-focused grid-enabled productivity,1579.07,Housing,checking,-56081.95,False,Property Mgmt,rajesh_sharma,Rajesh Sharma
06cf6d3a-cd4,2024-08-09,Netflix - Exclusive zero-defect initiative,428.29,Entertainment,credit,-29325.36,False,Netflix,tanishka_dhanwan,Tanishka Dhanwan
a80c37e4-00b,2024-08-09,Costco - Organized static capability,194.2,Groceries,credit,-24896.78,False,Costco,tanishka_dhanwan,Tanishka Dhanwan
545e1b42-350,2024-08-09,Best Buy - Quality-focused interactive leverage,266.34,Shopping,savings,7612.33,False,Best Buy,amit_kumar,Amit Kumar
b79dddb0-6d5,2024-08-10,Metro Transit - Diverse leadingedge product,418.33,Transportation,credit,-10662.84,False,Metro Transit,amit_kumar,Amit Kumar
f9d6a959-002,2024-08-10,Property Mgmt - Function-based directional leverage,2185.93,Housing,savings,-26501.61,False,Property Mgmt,amit_kumar,Amit Kumar
7c25a6f4-981,2024-08-10,Starbucks - Total discrete pricing structure,9.58,Dining,credit,-36676.19,False,Starbucks,priya_singh,Priya Singh
e52a5d31-b63,2024-08-10,State Farm - Devolved homogeneous time-frame,436.45,Insurance,checking,-45664.99,False,State Farm,rajesh_sharma,Rajesh Sharma
9cde54c3-9f9,2024-08-10,HOA Fees - Persistent neutral capacity,1003.46,Housing,savings,-17364.59,False,HOA Fees,rajesh_sharma,Rajesh Sharma
08dccc7f-bfd,2024-08-10,ATM Withdrawal - Streamlined full-range archive,223.48,Other,savings,-29822.03,False,ATM Withdrawal,tanishka_dhanwan,Tanishka Dhanwan
60295709-38b,2024-08-10,City Hospital - Advanced cohesive help-desk,139.7,Healthcare,credit,-34625.27,False,City Hospital,tanishka_dhanwan,Tanishka Dhanwan
2972be33-ea3,2024-08-10,"Payroll - Miller, Ruiz and Alvarado",3706.29,Income,savings,6565.98,True,"Miller, Ruiz and Alvarado",amit_kumar,Amit Kumar
f625300e-1c9,2024-08-10,Tuition - Decentralized intermediate frame,163.07,Education,savings,-32761.86,False,Tuition,tanishka_dhanwan,Tanishka Dhanwan
62b1ec72-a6b,2024-08-10,Local Bistro - Open-source coherent collaboration,385.52,Dining,checking,-59462.8,False,Local Bistro,tanishka_dhanwan,Tanishka Dhanwan
c66403d6-f11,2024-08-10,Metro Transit - Realigned systematic info-mediaries,262.54,Transportation,savings,-10921.05,False,Metro Transit,rajesh_sharma,Rajesh Sharma
181b7766-ca2,2024-08-10,Student Loan - Inverse even-keeled model,351.45,Debt Payment,checking,-763.64,False,Student Loan,priya_singh,Priya Singh
8e404ac9-04a,2024-08-10,"Payroll - Peck, Martinez and Alvarado",2687.43,Income,checking,-34174.49,True,"Peck, Martinez and Alvarado",amit_kumar,Amit Kumar
bbe61353-c62,2024-08-10,Whole Foods - Organized user-facing Internet solution,243.0,Groceries,savings,-41163.6,False,Whole Foods,tanishka_dhanwan,Tanishka Dhanwan
28b0f0c5-ab2,2024-08-10,Dental Care - Mandatory system-worthy website,412.75,Healthcare,checking,-30842.35,False,Dental Care,priya_singh,Priya Singh
fd54f92e-e06,2024-08-11,HOA Fees - Reactive optimizing service-desk,1281.87,Housing,checking,9659.66,False,HOA Fees,amit_kumar,Amit Kumar
97718de9-6ab,2024-08-11,Whole Foods - Profit-focused client-driven methodology,51.16,Groceries,credit,-16714.09,False,Whole Foods,priya_singh,Priya Singh
35aff102-8e7,2024-08-11,Walmart - Optional bandwidth-monitored challenge,46.3,Groceries,credit,-35898.62,False,Walmart,tanishka_dhanwan,Tanishka Dhanwan
e7c12b0e-f5d,2024-08-11,Uber - Implemented fresh-thinking approach,350.11,Transportation,savings,-21774.48,False,Uber,amit_kumar,Amit Kumar
2c9994e9-5ee,2024-08-11,"Payroll - Price, Goodman and Young",3567.09,Income,savings,10258.66,True,"Price, Goodman and Young",amit_kumar,Amit Kumar
459bc873-fa2,2024-08-11,Costco - Reactive responsive data-warehouse,373.87,Groceries,credit,-19681.38,False,Costco,priya_singh,Priya Singh
789be612-88f,2024-08-11,AMC Theaters - Organized 3rdgeneration methodology,247.51,Entertainment,credit,-67912.3,False,AMC Theaters,priya_singh,Priya Singh
d3cc7f56-3c2,2024-08-11,Walmart - Pre-emptive systematic benchmark,91.23,Groceries,credit,-5206.61,False,Walmart,amit_kumar,Amit Kumar
dd546374-60e,2024-08-12,City Hospital - Multi-tiered mission-critical parallelism,237.66,Healthcare,savings,7790.37,False,City Hospital,tanishka_dhanwan,Tanishka Dhanwan
22199bb8-2a5,2024-08-12,AMC Theaters - Advanced transitional workforce,325.08,Entertainment,checking,-4601.8,False,AMC Theaters,amit_kumar,Amit Kumar
0d1f3adb-b34,2024-08-12,Local Bistro - Total needs-based middleware,223.15,Dining,credit,-36593.55,False,Local Bistro,tanishka_dhanwan,Tanishka Dhanwan
e13d8dfc-fdb,2024-08-12,Online Course - Cloned 24/7 firmware,65.88,Education,credit,-73323.19,False,Online Course,rajesh_sharma,Rajesh Sharma
a5451161-e4a,2024-08-12,Uber - Team-oriented maximized policy,16.7,Transportation,credit,-48980.74,False,Uber,amit_kumar,Amit Kumar
efba53dc-db4,2024-08-12,City Hospital - Managed systematic budgetary management,324.1,Healthcare,checking,-39801.61,False,City Hospital,rajesh_sharma,Rajesh Sharma
6a0a5d71-cb5,2024-08-12,Health Ins Co - Innovative reciprocal workforce,413.0,Insurance,checking,-7923.7,False,Health Ins Co,rajesh_sharma,Rajesh Sharma
d1a0e820-6af,2024-08-12,CVS Pharmacy - Versatile radical parallelism,384.79,Healthcare,savings,6181.67,False,CVS Pharmacy,amit_kumar,Amit Kumar
8cf5b628-25a,2024-08-12,Water Dept - Grass-roots 6thgeneration ability,276.86,Utilities,savings,11206.8,False,Water Dept,rajesh_sharma,Rajesh Sharma
f8dc51a3-d7e,2024-08-12,Property Mgmt - Automated dedicated knowledgebase,1186.46,Housing,credit,-57707.4,False,Property Mgmt,priya_singh,Priya Singh
29b73dfb-ab4,2024-08-12,Starbucks - Horizontal static capacity,401.61,Dining,credit,-66819.11,False,Starbucks,priya_singh,Priya Singh
aefd407b-1ea,2024-08-12,ATM Withdrawal - Team-oriented tangible orchestration,429.48,Other,checking,-26100.81,False,ATM Withdrawal,priya_singh,Priya Singh
d3e5b849-9ae,2024-08-12,Internet Provider - Diverse optimal approach,226.18,Utilities,credit,-4967.06,False,Internet Provider,amit_kumar,Amit Kumar
61d029f2-a76,2024-08-12,State Farm - Programmable static database,289.17,Insurance,checking,-20132.11,False,State Farm,priya_singh,Priya Singh
255e2afc-b2a,2024-08-12,Walmart - Re-engineered directional adapter,485.56,Groceries,checking,2952.02,False,Walmart,amit_kumar,Amit Kumar
204750a8-3c1,2024-08-12,State Farm - Public-key fault-tolerant hardware,494.66,Insurance,checking,-16615.33,False,State Farm,priya_singh,Priya Singh
d98604bd-600,2024-08-12,Dental Care - Switchable 4thgeneration leverage,411.73,Healthcare,checking,-4824.46,False,Dental Care,priya_singh,Priya Singh
38f75329-34d,2024-08-13,Uber - Polarized grid-enabled leverage,350.58,Transportation,credit,-58086.9,False,Uber,rajesh_sharma,Rajesh Sharma
f0f3a72f-f14,2024-08-13,Metro Transit - Future-proofed real-time open system,384.73,Transportation,savings,4590.68,False,Metro Transit,priya_singh,Priya Singh
fcc5e568-bd7,2024-08-13,Misc Purchase - Synergized dynamic secured line,169.34,Other,checking,-9728.33,False,Misc Purchase,rajesh_sharma,Rajesh Sharma
fdc77528-df0,2024-08-13,Health Ins Co - Synergistic multimedia superstructure,342.27,Insurance,savings,-27719.0,False,Health Ins Co,amit_kumar,Amit Kumar
0e08e7a9-12f,2024-08-13,Spotify - Cross-group leadingedge function,258.22,Entertainment,checking,-16873.55,False,Spotify,priya_singh,Priya Singh
55f23a70-f5d,2024-08-13,Expedia - Operative secondary forecast,54.54,Travel,checking,-20113.08,False,Expedia,amit_kumar,Amit Kumar
91397141-851,2024-08-13,McDonald's - Public-key non-volatile database,60.94,Dining,checking,-55699.38,False,McDonald's,tanishka_dhanwan,Tanishka Dhanwan
22120890-0f5,2024-08-13,Walmart - Realigned solution-oriented toolset,111.65,Groceries,checking,9548.01,False,Walmart,amit_kumar,Amit Kumar
1b456b07-2bc,2024-08-13,State Farm - Enhanced homogeneous projection,160.44,Insurance,checking,-5928.26,False,State Farm,priya_singh,Priya Singh
666ba981-309,2024-08-14,Cloud Storage - Expanded directional customer loyalty,207.34,Subscriptions,credit,-55477.51,False,Cloud Storage,amit_kumar,Amit Kumar
ddb9ba08-c10,2024-08-14,Payroll - Wood Inc,2057.14,Income,credit,-58930.29,True,Wood Inc,amit_kumar,Amit Kumar
54e2cfba-fb7,2024-08-14,Costco - Optimized solution-oriented paradigm,162.22,Groceries,credit,-39353.73,False,Costco,priya_singh,Priya Singh
7e8dec6b-b82,2024-08-14,Internet Provider - Sharable holistic strategy,135.47,Utilities,savings,-25761.13,False,Internet Provider,amit_kumar,Amit Kumar
6683ffc0-62e,2024-08-14,Spotify - Focused system-worthy structure,364.99,Entertainment,credit,-51379.8,False,Spotify,tanishka_dhanwan,Tanishka Dhanwan
0b698763-223,2024-08-14,Spotify - Fully-configurable web-enabled Graphical User Interface,420.74,Entertainment,credit,-36700.7,False,Spotify,priya_singh,Priya Singh
be165c51-071,2024-08-14,Chipotle - Phased methodical extranet,133.35,Dining,credit,-51573.17,False,Chipotle,tanishka_dhanwan,Tanishka Dhanwan
c5a4a512-e1c,2024-08-14,Payroll - Williams Inc,3511.33,Income,credit,-73667.95,True,Williams Inc,rajesh_sharma,Rajesh Sharma
9978453f-4fc,2024-08-14,Student Loan - De-engineered didactic superstructure,132.39,Debt Payment,credit,-4627.48,False,Student Loan,priya_singh,Priya Singh
8d46cb62-391,2024-08-14,HOA Fees - Pre-emptive dynamic focus group,1436.02,Housing,credit,-46355.31,False,HOA Fees,tanishka_dhanwan,Tanishka Dhanwan
ffbe2490-878,2024-08-14,Dental Care - Polarized asynchronous groupware,203.73,Healthcare,credit,-63511.07,False,Dental Care,amit_kumar,Amit Kumar
43ca110c-dae,2024-08-14,Property Mgmt - Reduced transitional hardware,885.63,Housing,credit,-42298.56,False,Property Mgmt,tanishka_dhanwan,Tanishka Dhanwan
7be41572-023,2024-08-14,Starbucks - Right-sized systemic hub,283.76,Dining,checking,-57220.17,False,Starbucks,tanishka_dhanwan,Tanishka Dhanwan
373206e0-7c5,2024-08-14,Student Loan - Multi-channeled 24hour pricing structure,61.88,Debt Payment,credit,-77944.56,False,Student Loan,amit_kumar,Amit Kumar
2c429ca6-881,2024-08-14,Walmart - Seamless user-facing attitude,358.5,Groceries,checking,-17345.59,False,Walmart,rajesh_sharma,Rajesh Sharma
7a7bc1e7-e3d,2024-08-14,Chipotle - Profit-focused logistical encoding,118.53,Dining,credit,-52244.19,False,Chipotle,rajesh_sharma,Rajesh Sharma
58ebe1f1-14d,2024-08-14,Tuition - Face-to-face grid-enabled model,289.57,Education,savings,-17949.27,False,Tuition,rajesh_sharma,Rajesh Sharma
c5f8f468-8bb,2024-08-14,Health Ins Co - Decentralized dynamic definition,164.51,Insurance,savings,20866.89,False,Health Ins Co,rajesh_sharma,Rajesh Sharma
5fb620d7-8d3,2024-08-14,Health Ins Co - Synchronized didactic task-force,240.48,Insurance,savings,-29664.86,False,Health Ins Co,rajesh_sharma,Rajesh Sharma
e049ddec-358,2024-08-14,Netflix - Organized logistical analyzer,297.95,Entertainment,checking,-49696.95,False,Netflix,priya_singh,Priya Singh
3fe3b78b-336,2024-08-14,Shell Gas - Public-key 24/7 benchmark,117.43,Transportation,savings,-24381.91,False,Shell Gas,rajesh_sharma,Rajesh Sharma
3d04f324-e33,2024-08-14,Health Ins Co - User-centric high-level synergy,188.58,Insurance,checking,-47207.73,False,Health Ins Co,amit_kumar,Amit Kumar
9bcb14fc-3dc,2024-08-14,Adobe - Ameliorated foreground firmware,263.13,Subscriptions,credit,-3421.42,False,Adobe,priya_singh,Priya Singh
bbee9a9f-3c7,2024-08-15,Walmart - Horizontal directional software,379.29,Groceries,savings,-19881.76,False,Walmart,amit_kumar,Amit Kumar
8b4da3ea-e8e,2024-08-15,Whole Foods - Vision-oriented systematic projection,59.26,Groceries,checking,-8486.45,False,Whole Foods,priya_singh,Priya Singh
16d160fd-030,2024-08-15,Expedia - Persistent non-volatile pricing structure,228.76,Travel,checking,-16691.11,False,Expedia,rajesh_sharma,Rajesh Sharma
13e6673a-de4,2024-08-15,Best Buy - Sharable 24hour function,369.0,Shopping,savings,-26394.76,False,Best Buy,tanishka_dhanwan,Tanishka Dhanwan
78da83ff-79a,2024-08-15,"Payroll - Myers, Larson and Hurley",1847.37,Income,checking,-26572.41,True,"Myers, Larson and Hurley",rajesh_sharma,Rajesh Sharma
00d186b9-ead,2024-08-15,Misc Purchase - Open-source static support,381.38,Other,credit,-16568.55,False,Misc Purchase,rajesh_sharma,Rajesh Sharma
82b0446e-2eb,2024-08-15,Chipotle - Programmable real-time extranet,206.35,Dining,savings,-32968.21,False,Chipotle,tanishka_dhanwan,Tanishka Dhanwan
ff2e6895-f36,2024-08-15,HOA Fees - Multi-channeled mission-critical productivity,1922.9,Housing,savings,-29997.13,False,HOA Fees,tanishka_dhanwan,Tanishka Dhanwan
fb1a2ae8-1b5,2024-08-15,Trader Joe's - Inverse bi-directional strategy,135.94,Groceries,savings,25005.59,False,Trader Joe's,priya_singh,Priya Singh
507e79f7-dc7,2024-08-15,McDonald's - Polarized bifurcated intranet,298.74,Dining,savings,-31230.67,False,McDonald's,tanishka_dhanwan,Tanishka Dhanwan
1229e07f-f1b,2024-08-15,Property Mgmt - Cross-platform optimizing Graphical User Interface,2035.47,Housing,checking,9137.01,False,Property Mgmt,amit_kumar,Amit Kumar
3a107b06-ab7,2024-08-15,Water Dept - Right-sized dedicated archive,215.43,Utilities,savings,6266.26,False,Water Dept,tanishka_dhanwan,Tanishka Dhanwan
2f0b7f71-079,2024-08-15,Netflix - Multi-lateral hybrid definition,407.65,Entertainment,credit,-30377.56,False,Netflix,priya_singh,Priya Singh
69a54f40-fd2,2024-08-15,Spotify - Devolved zero-defect moderator,141.23,Entertainment,savings,5724.03,False,Spotify,priya_singh,Priya Singh
e8492178-dcb,2024-08-15,Walmart - Compatible asynchronous orchestration,208.51,Groceries,checking,-60917.94,False,Walmart,priya_singh,Priya Singh
c6fabf2c-bd1,2024-08-15,Local Bistro - Virtual contextually-based leverage,149.95,Dining,savings,15045.96,False,Local Bistro,tanishka_dhanwan,Tanishka Dhanwan
63c58c90-b9b,2024-08-15,HOA Fees - Centralized non-volatile hardware,1698.23,Housing,savings,-54047.96,False,HOA Fees,rajesh_sharma,Rajesh Sharma
733a5ae4-43a,2024-08-16,Payroll - Brooks-Williamson,3682.64,Income,checking,-29812.29,True,Brooks-Williamson,rajesh_sharma,Rajesh Sharma
8e705377-0e7,2024-08-16,CVS Pharmacy - Cloned empowering definition,17.32,Healthcare,checking,-9409.45,False,CVS Pharmacy,priya_singh,Priya Singh
ae194fc5-515,2024-08-16,McDonald's - Quality-focused 24hour portal,187.47,Dining,credit,-55990.42,False,McDonald's,priya_singh,Priya Singh
a6049ccc-280,2024-08-16,Delta Airlines - Object-based uniform throughput,375.89,Travel,credit,-43551.85,False,Delta Airlines,tanishka_dhanwan,Tanishka Dhanwan
cee5a506-4a1,2024-08-16,Health Ins Co - Customer-focused intangible interface,449.04,Insurance,savings,-17970.71,False,Health Ins Co,tanishka_dhanwan,Tanishka Dhanwan
8c0ed58f-fe7,2024-08-16,Payroll - Evans Inc,4276.36,Income,checking,7682.72,True,Evans Inc,amit_kumar,Amit Kumar
d13d7ef3-811,2024-08-16,Tuition - Horizontal maximized concept,44.58,Education,checking,-48847.71,False,Tuition,priya_singh,Priya Singh
c45e1da4-b10,2024-08-16,Local Bistro - Profound impactful core,43.73,Dining,credit,-15694.52,False,Local Bistro,tanishka_dhanwan,Tanishka Dhanwan
a3186c39-a78,2024-08-16,"Payroll - Johnson, Miller and King",3281.83,Income,checking,-12270.03,True,"Johnson, Miller and King",rajesh_sharma,Rajesh Sharma
088600ed-4d1,2024-08-16,Whole Foods - Assimilated executive knowledgebase,375.45,Groceries,savings,-21417.18,False,Whole Foods,tanishka_dhanwan,Tanishka Dhanwan
79a5587d-073,2024-08-16,Trader Joe's - Ameliorated client-server parallelism,8.68,Groceries,credit,-82619.7,False,Trader Joe's,rajesh_sharma,Rajesh Sharma
890bd3ed-642,2024-08-16,Rent Payment - Object-based foreground frame,1664.53,Housing,checking,-28564.14,False,Rent Payment,rajesh_sharma,Rajesh Sharma
ae83c8a9-b55,2024-08-16,Payroll - Williams-Butler,3689.67,Income,checking,6846.25,True,Williams-Butler,amit_kumar,Amit Kumar
597b0c2c-daf,2024-08-17,Misc Purchase - Phased maximized database,48.69,Other,savings,-33016.9,False,Misc Purchase,tanishka_dhanwan,Tanishka Dhanwan
1a72b127-e5e,2024-08-17,Rent Payment - Front-line asymmetric monitoring,1839.9,Housing,savings,-7729.71,False,Rent Payment,tanishka_dhanwan,Tanishka Dhanwan
a07f55af-182,2024-08-17,ATM Withdrawal - Open-architected zero administration Graphic Interface,421.15,Other,credit,-38483.7,False,ATM Withdrawal,tanishka_dhanwan,Tanishka Dhanwan
8a40188c-0c9,2024-08-17,HOA Fees - Sharable reciprocal concept,1576.34,Housing,credit,-78603.18,False,HOA Fees,priya_singh,Priya Singh
13fc79e7-35d,2024-08-17,AMC Theaters - Innovative methodical moderator,468.64,Entertainment,savings,25783.55,False,AMC Theaters,amit_kumar,Amit Kumar
8b096311-274,2024-08-17,Uber - Up-sized static paradigm,287.09,Transportation,credit,-4150.82,False,Uber,tanishka_dhanwan,Tanishka Dhanwan
6170e676-3aa,2024-08-17,AMC Theaters - Balanced asymmetric firmware,327.44,Entertainment,credit,-11647.1,False,AMC Theaters,priya_singh,Priya Singh
da77aeb5-eb4,2024-08-17,Health Ins Co - Down-sized non-volatile product,319.95,Insurance,checking,-55416.28,False,Health Ins Co,tanishka_dhanwan,Tanishka Dhanwan
b051d3f2-b50,2024-08-17,"Payroll - Newman, Carter and Brown",2505.15,Income,savings,-14660.31,True,"Newman, Carter and Brown",priya_singh,Priya Singh
595f4b5c-ac5,2024-08-17,Walmart - Digitized 4thgeneration Graphic Interface,266.11,Groceries,checking,-23364.46,False,Walmart,tanishka_dhanwan,Tanishka Dhanwan
05fe81e1-dd2,2024-08-17,Chipotle - Customer-focused full-range forecast,159.63,Dining,checking,-37128.02,False,Chipotle,rajesh_sharma,Rajesh Sharma
43a7c38c-52e,2024-08-17,Metro Transit - Customer-focused next generation focus group,477.77,Transportation,checking,6960.67,False,Metro Transit,tanishka_dhanwan,Tanishka Dhanwan
85e1f9a9-73c,2024-08-17,Credit Card Payment - Organized heuristic array,53.2,Debt Payment,savings,16840.68,False,Credit Card Payment,amit_kumar,Amit Kumar
40021d6c-dcd,2024-08-18,Walmart - Vision-oriented solution-oriented analyzer,382.74,Groceries,credit,-27682.53,False,Walmart,rajesh_sharma,Rajesh Sharma
3d1782d8-537,2024-08-18,Expedia - Diverse encompassing challenge,326.11,Travel,checking,2774.8,False,Expedia,amit_kumar,Amit Kumar
5b482315-b94,2024-08-18,Tuition - Visionary fresh-thinking monitoring,444.15,Education,savings,-31596.51,False,Tuition,tanishka_dhanwan,Tanishka Dhanwan
bdc30f92-84c,2024-08-18,Parking Co - Monitored non-volatile middleware,312.46,Transportation,checking,-67122.25,False,Parking Co,rajesh_sharma,Rajesh Sharma
7f73c0fc-0d2,2024-08-18,Walmart - Devolved grid-enabled forecast,346.15,Groceries,checking,-17549.69,False,Walmart,priya_singh,Priya Singh
f963e016-cae,2024-08-18,Payroll - Phelps-Villarreal,2319.98,Income,savings,758.56,True,Phelps-Villarreal,rajesh_sharma,Rajesh Sharma
f30d9a92-efe,2024-08-18,Student Loan - Business-focused secondary firmware,418.23,Debt Payment,credit,-63725.25,False,Student Loan,priya_singh,Priya Singh
6882dd8b-82d,2024-08-18,Water Dept - Right-sized regional intranet,145.56,Utilities,checking,1881.15,False,Water Dept,amit_kumar,Amit Kumar
fdffd451-0f2,2024-08-18,Student Loan - Innovative web-enabled info-mediaries,370.77,Debt Payment,savings,5145.11,False,Student Loan,rajesh_sharma,Rajesh Sharma
7b975aaf-045,2024-08-18,McDonald's - Versatile 4thgeneration encryption,473.47,Dining,credit,-28156.0,False,McDonald's,rajesh_sharma,Rajesh Sharma
97fcdfbc-6e5,2024-08-18,Spotify - Enhanced cohesive infrastructure,115.35,Entertainment,credit,-39512.03,False,Spotify,tanishka_dhanwan,Tanishka Dhanwan
bd1153a0-8ef,2024-08-18,Rent Payment - De-engineered explicit approach,1693.84,Housing,savings,-6550.06,False,Rent Payment,priya_singh,Priya Singh
27ea9d86-bce,2024-08-18,Credit Card Payment - Networked heuristic conglomeration,211.76,Debt Payment,checking,-68350.17,False,Credit Card Payment,rajesh_sharma,Rajesh Sharma
d4000d90-2de,2024-08-18,Spotify - Total well-modulated workforce,61.67,Entertainment,checking,-18945.29,False,Spotify,tanishka_dhanwan,Tanishka Dhanwan
110c8515-e09,2024-08-18,Whole Foods - Pre-emptive bottom-line algorithm,168.48,Groceries,checking,-12438.51,False,Whole Foods,rajesh_sharma,Rajesh Sharma
8f54f1fe-edf,2024-08-18,Starbucks - Profit-focused needs-based solution,318.19,Dining,checking,-8550.3,False,Starbucks,priya_singh,Priya Singh
15775d5a-417,2024-08-18,Amazon - Future-proofed composite extranet,152.37,Shopping,credit,-55954.48,False,Amazon,rajesh_sharma,Rajesh Sharma
82989fc5-2b1,2024-08-18,McDonald's - De-engineered national instruction set,266.4,Dining,savings,426.99,False,McDonald's,amit_kumar,Amit Kumar
a8a0eb8d-cfa,2024-08-18,Walmart - Configurable web-enabled circuit,364.72,Groceries,savings,25576.42,False,Walmart,priya_singh,Priya Singh
7ffad22e-9c2,2024-08-18,Credit Card Payment - Business-focused system-worthy model,286.75,Debt Payment,credit,-52255.9,False,Credit Card Payment,priya_singh,Priya Singh
edfa0a10-e28,2024-08-19,Local Bistro - Networked zero administration paradigm,41.72,Dining,savings,5515.88,False,Local Bistro,rajesh_sharma,Rajesh Sharma
c21ee202-876,2024-08-19,Credit Card Payment - Switchable modular matrix,217.51,Debt Payment,checking,12434.98,False,Credit Card Payment,amit_kumar,Amit Kumar
dcbc7adb-c17,2024-08-19,ATM Withdrawal - Optional zero-defect standardization,318.34,Other,checking,-26223.27,False,ATM Withdrawal,priya_singh,Priya Singh
9c06c348-195,2024-08-19,Health Ins Co - Secured analyzing definition,71.31,Insurance,checking,7288.18,False,Health Ins Co,tanishka_dhanwan,Tanishka Dhanwan
f759b54f-b6b,2024-08-19,Walmart - Business-focused high-level definition,437.29,Groceries,checking,-26411.92,False,Walmart,priya_singh,Priya Singh
b3f03d87-a2f,2024-08-19,Internet Provider - Sharable object-oriented time-frame,455.19,Utilities,savings,-18188.28,False,Internet Provider,amit_kumar,Amit Kumar
5c0110bf-61d,2024-08-19,Chipotle - Realigned client-driven website,380.32,Dining,credit,-31818.53,False,Chipotle,tanishka_dhanwan,Tanishka Dhanwan
52fa57ed-99d,2024-08-19,Parking Co - Phased encompassing paradigm,476.59,Transportation,credit,-54841.49,False,Parking Co,amit_kumar,Amit Kumar
9c298230-80c,2024-08-19,Property Mgmt - Public-key bottom-line knowledgebase,1678.94,Housing,credit,-58233.68,False,Property Mgmt,rajesh_sharma,Rajesh Sharma
3b651867-a6d,2024-08-19,Health Ins Co - Organized discrete superstructure,366.58,Insurance,checking,-52331.48,False,Health Ins Co,amit_kumar,Amit Kumar
a012fbad-b98,2024-08-19,Shell Gas - Switchable homogeneous artificial intelligence,400.02,Transportation,savings,-34856.95,False,Shell Gas,rajesh_sharma,Rajesh Sharma
1fac840a-a7f,2024-08-19,City Hospital - Inverse human-resource access,413.56,Healthcare,checking,-29196.63,False,City Hospital,rajesh_sharma,Rajesh Sharma
ba206f88-69a,2024-08-19,Metro Transit - Upgradable disintermediate protocol,155.5,Transportation,checking,-15389.01,False,Metro Transit,priya_singh,Priya Singh
905b1a69-438,2024-08-19,Adobe - Function-based optimal artificial intelligence,110.68,Subscriptions,savings,16484.62,False,Adobe,amit_kumar,Amit Kumar
3c9bf96b-3a2,2024-08-20,Water Dept - Digitized clear-thinking utilization,465.62,Utilities,checking,-3679.58,False,Water Dept,amit_kumar,Amit Kumar
a9ec9046-ba7,2024-08-20,Adobe - Assimilated needs-based flexibility,75.99,Subscriptions,credit,-36594.68,False,Adobe,tanishka_dhanwan,Tanishka Dhanwan
8027027a-11d,2024-08-20,Tuition - Fundamental exuding productivity,428.17,Education,credit,-3207.03,False,Tuition,amit_kumar,Amit Kumar
dc2b55f1-637,2024-08-20,State Farm - Proactive coherent database,204.38,Insurance,credit,-77083.62,False,State Farm,priya_singh,Priya Singh
f69594ca-e45,2024-08-20,Property Mgmt - Self-enabling 5thgeneration productivity,1909.34,Housing,credit,-34400.42,False,Property Mgmt,tanishka_dhanwan,Tanishka Dhanwan
3d72cdb6-f21,2024-08-20,Water Dept - Synchronized incremental interface,308.53,Utilities,savings,11730.35,False,Water Dept,priya_singh,Priya Singh
e2f8c0df-903,2024-08-20,Local Bistro - Managed user-facing implementation,397.67,Dining,checking,-629.3,False,Local Bistro,amit_kumar,Amit Kumar
9dbd3620-080,2024-08-20,Whole Foods - Profound actuating service-desk,469.1,Groceries,credit,-78703.0,False,Whole Foods,rajesh_sharma,Rajesh Sharma
1b4df879-0a9,2024-08-20,Bookstore - Managed heuristic standardization,344.07,Education,savings,-368.7,False,Bookstore,rajesh_sharma,Rajesh Sharma
4e10acd0-9eb,2024-08-20,Misc Purchase - Customer-focused mobile core,205.8,Other,credit,-58051.09,False,Misc Purchase,priya_singh,Priya Singh
283718d4-b5b,2024-08-20,Payroll - Tran Group,3702.51,Income,savings,19856.96,True,Tran Group,priya_singh,Priya Singh
9d833ad4-97c,2024-08-20,Uber - Grass-roots content-based projection,375.56,Transportation,credit,-30160.01,False,Uber,tanishka_dhanwan,Tanishka Dhanwan
88ece6b8-b78,2024-08-20,Costco - Configurable dedicated challenge,237.42,Groceries,checking,-57793.97,False,Costco,amit_kumar,Amit Kumar
14bd0c9f-6ee,2024-08-20,Expedia - Configurable asynchronous superstructure,332.37,Travel,credit,-74322.46,False,Expedia,amit_kumar,Amit Kumar
993d0110-e69,2024-08-20,Spotify - Diverse maximized moratorium,30.9,Entertainment,savings,-16005.01,False,Spotify,tanishka_dhanwan,Tanishka Dhanwan
6c972747-023,2024-08-20,Dental Care - Multi-channeled content-based Graphical User Interface,62.08,Healthcare,checking,-21291.41,False,Dental Care,tanishka_dhanwan,Tanishka Dhanwan
8b8bac59-094,2024-08-20,Misc Purchase - Balanced analyzing capacity,38.86,Other,checking,1340.74,False,Misc Purchase,amit_kumar,Amit Kumar
5745060c-a63,2024-08-20,Rent Payment - Proactive disintermediate hub,1801.85,Housing,savings,-7105.61,False,Rent Payment,priya_singh,Priya Singh
43f09e75-e6f,2024-08-21,Costco - Reactive client-server Internet solution,278.2,Groceries,savings,10877.46,False,Costco,rajesh_sharma,Rajesh Sharma
c96295e8-463,2024-08-21,Delta Airlines - Triple-buffered interactive open architecture,490.22,Travel,credit,-15524.71,False,Delta Airlines,rajesh_sharma,Rajesh Sharma
1199956a-27e,2024-08-21,Costco - Switchable global throughput,61.35,Groceries,checking,-25818.28,False,Costco,rajesh_sharma,Rajesh Sharma
a7b3d50e-04e,2024-08-21,Credit Card Payment - Integrated neutral website,397.71,Debt Payment,credit,777.16,False,Credit Card Payment,tanishka_dhanwan,Tanishka Dhanwan
8acef801-e12,2024-08-21,Tuition - Stand-alone human-resource protocol,246.24,Education,checking,-25974.63,False,Tuition,priya_singh,Priya Singh
697dea2c-8d7,2024-08-21,Walmart - Balanced didactic forecast,385.19,Groceries,savings,-9324.32,False,Walmart,tanishka_dhanwan,Tanishka Dhanwan
14970862-b70,2024-08-21,Payroll - Pittman-Golden,1660.67,Income,checking,-32236.95,True,Pittman-Golden,tanishka_dhanwan,Tanishka Dhanwan
2428af00-080,2024-08-21,Water Dept - Sharable human-resource superstructure,423.37,Utilities,savings,-695.1,False,Water Dept,tanishka_dhanwan,Tanishka Dhanwan
3a1cebed-858,2024-08-21,Best Buy - Centralized even-keeled challenge,196.21,Shopping,checking,-67651.34,False,Best Buy,priya_singh,Priya Singh
7034f9f1-782,2024-08-21,Local Bistro - Vision-oriented zero administration software,452.31,Dining,credit,1533.32,False,Local Bistro,priya_singh,Priya Singh
045baed4-727,2024-08-21,Internet Provider - Enhanced logistical capability,15.77,Utilities,checking,-13727.16,False,Internet Provider,priya_singh,Priya Singh
042f594c-da3,2024-08-22,HOA Fees - Multi-layered composite portal,1694.53,Housing,savings,2206.31,False,HOA Fees,rajesh_sharma,Rajesh Sharma
c57ec06b-302,2024-08-22,Metro Transit - Vision-oriented executive help-desk,446.89,Transportation,credit,-46297.7,False,Metro Transit,priya_singh,Priya Singh
8a980606-c83,2024-08-22,State Farm - Polarized dedicated array,56.58,Insurance,credit,-15475.45,False,State Farm,tanishka_dhanwan,Tanishka Dhanwan
826e8243-c85,2024-08-22,Water Dept - Switchable hybrid parallelism,310.78,Utilities,checking,-70511.41,False,Water Dept,rajesh_sharma,Rajesh Sharma
1355a297-4a3,2024-08-22,HOA Fees - Front-line actuating service-desk,1165.0,Housing,credit,-71929.89,False,HOA Fees,amit_kumar,Amit Kumar
2d5e8e47-ad2,2024-08-22,CVS Pharmacy - Vision-oriented discrete portal,186.07,Healthcare,checking,-12209.94,False,CVS Pharmacy,rajesh_sharma,Rajesh Sharma
64b53f76-5dc,2024-08-22,Electric Co - Customer-focused 5thgeneration hub,158.12,Utilities,checking,-51420.46,False,Electric Co,tanishka_dhanwan,Tanishka Dhanwan
c8b0e106-cb0,2024-08-22,Dental Care - Intuitive object-oriented interface,429.03,Healthcare,savings,-11845.32,False,Dental Care,rajesh_sharma,Rajesh Sharma
5d806541-51a,2024-08-22,Credit Card Payment - Up-sized system-worthy portal,197.34,Debt Payment,savings,2134.77,False,Credit Card Payment,priya_singh,Priya Singh
8d1edb0d-dd9,2024-08-22,Electric Co - Implemented intangible data-warehouse,412.25,Utilities,savings,-1771.44,False,Electric Co,tanishka_dhanwan,Tanishka Dhanwan
d05d0b59-956,2024-08-22,Delta Airlines - Phased maximized moratorium,425.9,Travel,savings,36352.7,False,Delta Airlines,priya_singh,Priya Singh
ec7c4780-539,2024-08-22,Walmart - Seamless regional encryption,245.81,Groceries,savings,14125.62,False,Walmart,priya_singh,Priya Singh
89d61312-39a,2024-08-22,Student Loan - Upgradable background benchmark,82.32,Debt Payment,checking,-26792.19,False,Student Loan,amit_kumar,Amit Kumar
85355da2-f93,2024-08-22,Walmart - Cloned human-resource implementation,200.91,Groceries,credit,-3973.83,False,Walmart,rajesh_sharma,Rajesh Sharma
50f6f2aa-d76,2024-08-22,Chipotle - Ergonomic regional extranet,61.54,Dining,credit,-52952.47,False,Chipotle,rajesh_sharma,Rajesh Sharma
e91d34a2-f25,2024-08-23,Rent Payment - Front-line fault-tolerant budgetary management,1553.78,Housing,checking,-36399.4,False,Rent Payment,rajesh_sharma,Rajesh Sharma
633d9540-2d3,2024-08-23,Trader Joe's - Organic user-facing groupware,458.12,Groceries,savings,-4779.51,False,Trader Joe's,amit_kumar,Amit Kumar
63632b00-c59,2024-08-23,Chipotle - Self-enabling foreground collaboration,191.36,Dining,credit,-46673.19,False,Chipotle,rajesh_sharma,Rajesh Sharma
964bc3a0-d24,2024-08-23,Spotify - Synergistic bottom-line monitoring,234.09,Entertainment,savings,11051.22,False,Spotify,priya_singh,Priya Singh
dc20d8f8-dfd,2024-08-23,Cloud Storage - Reverse-engineered uniform knowledgebase,219.31,Subscriptions,credit,-19208.37,False,Cloud Storage,amit_kumar,Amit Kumar
c389825d-8e0,2024-08-23,Payroll - Williams-Garner,4377.89,Income,savings,-821.33,True,Williams-Garner,rajesh_sharma,Rajesh Sharma
92fadd30-919,2024-08-23,McDonald's - Networked 24/7 open architecture,389.09,Dining,checking,8994.77,False,McDonald's,tanishka_dhanwan,Tanishka Dhanwan
8e3df5b3-149,2024-08-23,Gym Membership - Devolved tangible moratorium,107.47,Subscriptions,checking,-15995.94,False,Gym Membership,priya_singh,Priya Singh
5342daf7-0e5,2024-08-23,Marriott - Up-sized bandwidth-monitored extranet,410.41,Travel,savings,16934.93,False,Marriott,priya_singh,Priya Singh
1fc3bddf-656,2024-08-23,Payroll - Davis Inc,3488.99,Income,checking,13795.82,True,Davis Inc,tanishka_dhanwan,Tanishka Dhanwan
d829bb5e-2c6,2024-08-23,Payroll - Garner-Green,4103.69,Income,savings,28226.02,True,Garner-Green,priya_singh,Priya Singh
be94e4e0-41e,2024-08-23,Local Bistro - Mandatory foreground capability,327.8,Dining,savings,-39542.78,False,Local Bistro,tanishka_dhanwan,Tanishka Dhanwan
7d2e3bcd-1fb,2024-08-23,Delta Airlines - Inverse foreground software,289.06,Travel,checking,2340.41,False,Delta Airlines,amit_kumar,Amit Kumar
a9ac9ff3-a23,2024-08-23,Best Buy - Customer-focused bifurcated knowledgebase,224.11,Shopping,credit,-13893.88,False,Best Buy,tanishka_dhanwan,Tanishka Dhanwan
439c65a1-9ae,2024-08-23,Walmart - Front-line background concept,213.26,Groceries,checking,-47919.59,False,Walmart,amit_kumar,Amit Kumar
90a00b38-cd9,2024-08-23,Cloud Storage - Balanced non-volatile approach,360.71,Subscriptions,credit,-75278.92,False,Cloud Storage,amit_kumar,Amit Kumar
ca827297-318,2024-08-23,Internet Provider - Robust methodical alliance,200.68,Utilities,credit,3369.6,False,Internet Provider,priya_singh,Priya Singh
54368480-151,2024-08-24,State Farm - Streamlined contextually-based interface,113.07,Insurance,credit,-39224.49,False,State Farm,tanishka_dhanwan,Tanishka Dhanwan
61c8be8e-1e1,2024-08-24,Spotify - Reactive coherent pricing structure,154.05,Entertainment,checking,-25651.51,False,Spotify,priya_singh,Priya Singh
e31f980b-237,2024-08-24,State Farm - User-centric reciprocal secured line,431.8,Insurance,savings,-28334.77,False,State Farm,tanishka_dhanwan,Tanishka Dhanwan
34cd0b64-867,2024-08-24,State Farm - Versatile zero tolerance installation,315.18,Insurance,checking,-39682.48,False,State Farm,rajesh_sharma,Rajesh Sharma
55c3bc43-e09,2024-08-24,Dental Care - Multi-layered intermediate initiative,31.92,Healthcare,checking,-32302.12,False,Dental Care,rajesh_sharma,Rajesh Sharma
d7cd0b33-c07,2024-08-24,CVS Pharmacy - Sharable empowering complexity,51.14,Healthcare,savings,11155.66,False,CVS Pharmacy,rajesh_sharma,Rajesh Sharma
b03ee82b-315,2024-08-24,McDonald's - Enhanced optimizing policy,124.73,Dining,checking,-16120.67,False,McDonald's,priya_singh,Priya Singh
4d65af21-b0e,2024-08-24,AMC Theaters - Compatible eco-centric moratorium,178.79,Entertainment,savings,-29087.59,False,AMC Theaters,tanishka_dhanwan,Tanishka Dhanwan
4bebb301-568,2024-08-24,Local Bistro - Adaptive cohesive array,304.24,Dining,credit,-36980.43,False,Local Bistro,priya_singh,Priya Singh
4ea9da9a-dfd,2024-08-24,"Payroll - Chen, Henry and Wells",3429.94,Income,credit,-33039.54,True,"Chen, Henry and Wells",tanishka_dhanwan,Tanishka Dhanwan
cb7b79fd-b05,2024-08-24,CVS Pharmacy - Open-architected intangible superstructure,277.31,Healthcare,savings,-16952.71,False,CVS Pharmacy,rajesh_sharma,Rajesh Sharma
080debe4-95f,2024-08-24,State Farm - Team-oriented zero tolerance frame,428.77,Insurance,checking,-7464.1,False,State Farm,priya_singh,Priya Singh
25f77759-d2f,2024-08-24,Netflix - De-engineered background website,278.69,Entertainment,credit,-59688.14,False,Netflix,priya_singh,Priya Singh
d7400957-21c,2024-08-24,Gym Membership - Cross-platform even-keeled definition,154.22,Subscriptions,checking,-2936.96,False,Gym Membership,tanishka_dhanwan,Tanishka Dhanwan
4a59e049-b3f,2024-08-25,Student Loan - Switchable next generation contingency,260.19,Debt Payment,savings,17670.34,False,Student Loan,priya_singh,Priya Singh
bad1e704-468,2024-08-25,Shell Gas - Future-proofed scalable standardization,152.92,Transportation,savings,-20150.77,False,Shell Gas,amit_kumar,Amit Kumar
f8a8def0-6d6,2024-08-25,State Farm - Synchronized upward-trending synergy,339.61,Insurance,checking,8655.16,False,State Farm,tanishka_dhanwan,Tanishka Dhanwan
9bb22775-115,2024-08-25,Amazon - Intuitive 3rdgeneration database,272.16,Shopping,credit,-64778.11,False,Amazon,rajesh_sharma,Rajesh Sharma
99cd0822-265,2024-08-25,Target - Re-engineered upward-trending hardware,239.89,Shopping,credit,-63307.02,False,Target,priya_singh,Priya Singh
becafe03-967,2024-08-25,Gym Membership - Profit-focused bifurcated contingency,165.56,Subscriptions,savings,2534.96,False,Gym Membership,priya_singh,Priya Singh
b2626791-acf,2024-08-25,Adobe - Pre-emptive impactful instruction set,106.02,Subscriptions,credit,-63864.91,False,Adobe,amit_kumar,Amit Kumar
3c2c61e0-ea5,2024-08-25,Target - Innovative modular open architecture,450.43,Shopping,credit,-2778.86,False,Target,amit_kumar,Amit Kumar
3af17a8c-c6b,2024-08-25,Costco - Enterprise-wide tertiary challenge,24.03,Groceries,checking,-29353.8,False,Costco,amit_kumar,Amit Kumar
fb4cbe05-ebe,2024-08-25,Netflix - Phased responsive attitude,230.22,Entertainment,credit,-47685.86,False,Netflix,priya_singh,Priya Singh
0de0ff37-d3c,2024-08-26,McDonald's - Centralized needs-based standardization,485.81,Dining,credit,-33764.08,False,McDonald's,tanishka_dhanwan,Tanishka Dhanwan
7a0415a0-f5c,2024-08-26,Whole Foods - Virtual coherent data-warehouse,193.29,Groceries,credit,-15093.1,False,Whole Foods,tanishka_dhanwan,Tanishka Dhanwan
386e7dfb-892,2024-08-26,ATM Withdrawal - Public-key national methodology,327.19,Other,credit,-2669.82,False,ATM Withdrawal,tanishka_dhanwan,Tanishka Dhanwan
e7ee1b9e-a08,2024-08-26,Misc Purchase - Upgradable zero tolerance protocol,477.27,Other,checking,-19882.51,False,Misc Purchase,rajesh_sharma,Rajesh Sharma
faf490b3-13e,2024-08-26,Uber - Up-sized content-based functionalities,57.56,Transportation,checking,-18852.74,False,Uber,rajesh_sharma,Rajesh Sharma
49c5b237-a7f,2024-08-26,Spotify - Exclusive systematic groupware,375.03,Entertainment,checking,-6998.64,False,Spotify,amit_kumar,Amit Kumar
232550fc-970,2024-08-26,Property Mgmt - Programmable content-based artificial intelligence,1699.27,Housing,savings,244.44,False,Property Mgmt,rajesh_sharma,Rajesh Sharma
4084e5a6-f29,2024-08-26,Property Mgmt - Upgradable clear-thinking knowledgebase,1319.52,Housing,checking,9549.08,False,Property Mgmt,tanishka_dhanwan,Tanishka Dhanwan
26639596-cef,2024-08-26,Misc Purchase - Integrated uniform adapter,5.78,Other,checking,-33785.15,False,Misc Purchase,rajesh_sharma,Rajesh Sharma
c5647bbd-5c5,2024-08-26,Spotify - Down-sized methodical ability,53.44,Entertainment,checking,-51216.1,False,Spotify,tanishka_dhanwan,Tanishka Dhanwan
d1f4aaf7-257,2024-08-26,HOA Fees - Visionary scalable orchestration,1157.63,Housing,savings,12160.69,False,HOA Fees,priya_singh,Priya Singh
d4aea33c-4fd,2024-08-26,Student Loan - Down-sized logistical ability,434.57,Debt Payment,credit,-36814.79,False,Student Loan,tanishka_dhanwan,Tanishka Dhanwan
9a6558ae-bce,2024-08-27,Spotify - Cloned 4thgeneration database,492.38,Entertainment,credit,-43766.78,False,Spotify,tanishka_dhanwan,Tanishka Dhanwan
d859b320-c03,2024-08-27,Rent Payment - Pre-emptive bandwidth-monitored moderator,1936.75,Housing,credit,-75863.55,False,Rent Payment,amit_kumar,Amit Kumar
90f6ae36-1fa,2024-08-27,Health Ins Co - Intuitive 24/7 info-mediaries,33.29,Insurance,checking,-16044.04,False,Health Ins Co,amit_kumar,Amit Kumar
d4c8bd09-0d5,2024-08-27,Best Buy - Ergonomic didactic support,251.64,Shopping,credit,-32102.79,False,Best Buy,rajesh_sharma,Rajesh Sharma
41d87c45-b61,2024-08-27,Dental Care - Networked next generation middleware,110.41,Healthcare,credit,-59581.53,False,Dental Care,rajesh_sharma,Rajesh Sharma
db3d11ad-e77,2024-08-27,Water Dept - Managed value-added success,355.78,Utilities,credit,-44158.85,False,Water Dept,tanishka_dhanwan,Tanishka Dhanwan
415512c1-7f3,2024-08-27,Payroll - Short-Logan,1912.81,Income,credit,-58228.31,True,Short-Logan,amit_kumar,Amit Kumar
d45f13d4-dc6,2024-08-27,Rent Payment - Customizable content-based adapter,1718.05,Housing,credit,-56959.42,False,Rent Payment,rajesh_sharma,Rajesh Sharma
aecae158-d74,2024-08-27,Water Dept - Assimilated zero tolerance algorithm,385.27,Utilities,credit,-50568.32,False,Water Dept,tanishka_dhanwan,Tanishka Dhanwan
fd9789e7-38f,2024-08-27,Gym Membership - Synchronized stable array,248.92,Subscriptions,credit,-77636.97,False,Gym Membership,amit_kumar,Amit Kumar
6dc2d711-c0a,2024-08-27,Gym Membership - Public-key object-oriented encoding,200.47,Subscriptions,checking,-17846.47,False,Gym Membership,tanishka_dhanwan,Tanishka Dhanwan
74a0dcf9-159,2024-08-27,Marriott - Triple-buffered real-time database,417.53,Travel,credit,-39779.81,False,Marriott,amit_kumar,Amit Kumar
d197653f-930,2024-08-27,Trader Joe's - Integrated zero tolerance Graphic Interface,198.14,Groceries,checking,-40877.0,False,Trader Joe's,tanishka_dhanwan,Tanishka Dhanwan
cc8fde2b-254,2024-08-27,Metro Transit - Re-engineered discrete firmware,344.16,Transportation,savings,11493.39,False,Metro Transit,priya_singh,Priya Singh
51fa8f81-05a,2024-08-27,Costco - Organized disintermediate infrastructure,313.65,Groceries,credit,-55791.16,False,Costco,amit_kumar,Amit Kumar
15e06455-fb4,2024-08-28,Netflix - Automated impactful product,187.16,Entertainment,savings,-29351.23,False,Netflix,tanishka_dhanwan,Tanishka Dhanwan
b8b6990c-8c2,2024-08-28,"Payroll - Thomas, Kim and Alexander",2733.22,Income,checking,-49336.98,True,"Thomas, Kim and Alexander",tanishka_dhanwan,Tanishka Dhanwan
15d81cf5-fec,2024-08-28,State Farm - Phased motivating collaboration,234.56,Insurance,savings,-13131.62,False,State Farm,rajesh_sharma,Rajesh Sharma
6947f189-683,2024-08-28,Amazon - Multi-layered hybrid Local Area Network,259.17,Shopping,checking,-32853.33,False,Amazon,rajesh_sharma,Rajesh Sharma
e2ecd16a-c9a,2024-08-28,Payroll - Walker Inc,2177.67,Income,checking,-36195.62,True,Walker Inc,amit_kumar,Amit Kumar
0dcee2cb-5b3,2024-08-28,Cloud Storage - Proactive transitional frame,235.67,Subscriptions,savings,-11472.9,False,Cloud Storage,rajesh_sharma,Rajesh Sharma
ac5975cd-b40,2024-08-28,Spotify - Streamlined static forecast,480.37,Entertainment,credit,-3687.4,False,Spotify,amit_kumar,Amit Kumar
d32b6dff-8e6,2024-08-28,Adobe - Customer-focused client-driven capability,388.87,Subscriptions,savings,-61334.19,False,Adobe,rajesh_sharma,Rajesh Sharma
2e31263e-170,2024-08-28,Payroll - Ortiz Inc,2642.01,Income,credit,-54017.25,True,Ortiz Inc,priya_singh,Priya Singh
5dda0b12-e06,2024-08-28,ATM Withdrawal - Phased dynamic extranet,427.66,Other,credit,-34797.26,False,ATM Withdrawal,tanishka_dhanwan,Tanishka Dhanwan
1bd04d39-eca,2024-08-28,Adobe - Polarized demand-driven groupware,269.84,Subscriptions,savings,-33162.37,False,Adobe,rajesh_sharma,Rajesh Sharma
a3aac553-85c,2024-08-29,AMC Theaters - Open-source reciprocal software,225.41,Entertainment,checking,-49136.71,False,AMC Theaters,rajesh_sharma,Rajesh Sharma
63f3c50d-70f,2024-08-29,Payroll - Roberts-Montes,2443.18,Income,checking,-691.74,True,Roberts-Montes,tanishka_dhanwan,Tanishka Dhanwan
42a2482b-a48,2024-08-29,Gym Membership - Extended fault-tolerant project,153.45,Subscriptions,checking,-50746.22,False,Gym Membership,amit_kumar,Amit Kumar
b5dda30c-dcc,2024-08-29,Cloud Storage - Polarized mission-critical database,400.11,Subscriptions,credit,-39024.46,False,Cloud Storage,priya_singh,Priya Singh
f14e57a4-ab0,2024-08-29,"Payroll - Harding, Parker and Becker",3607.35,Income,savings,-19905.91,True,"Harding, Parker and Becker",tanishka_dhanwan,Tanishka Dhanwan
55f0f28e-2cb,2024-08-29,State Farm - Centralized local benchmark,472.43,Insurance,checking,-25194.87,False,State Farm,rajesh_sharma,Rajesh Sharma
f2142c6e-a81,2024-08-29,Starbucks - Switchable tangible attitude,42.73,Dining,credit,-72454.55,False,Starbucks,amit_kumar,Amit Kumar
98ff0815-735,2024-08-29,Shell Gas - User-centric clear-thinking function,326.19,Transportation,savings,-20232.1,False,Shell Gas,tanishka_dhanwan,Tanishka Dhanwan
ea1aaf14-62e,2024-08-29,Internet Provider - Networked multimedia architecture,384.09,Utilities,credit,-35009.36,False,Internet Provider,tanishka_dhanwan,Tanishka Dhanwan
73800c1d-84e,2024-08-29,Target - Total 5thgeneration groupware,138.34,Shopping,credit,-56331.37,False,Target,priya_singh,Priya Singh
1a5740a3-951,2024-08-29,Spotify - Re-contextualized exuding artificial intelligence,208.14,Entertainment,savings,-2667.32,False,Spotify,rajesh_sharma,Rajesh Sharma
5f28e331-3f5,2024-08-30,Netflix - Front-line user-facing interface,211.9,Entertainment,savings,-3849.16,False,Netflix,amit_kumar,Amit Kumar
50a883bd-362,2024-08-30,Costco - Stand-alone attitude-oriented encryption,36.44,Groceries,checking,-49277.81,False,Costco,rajesh_sharma,Rajesh Sharma
23c180ce-45b,2024-08-30,Rent Payment - Organized asymmetric initiative,1967.94,Housing,checking,-13206.96,False,Rent Payment,amit_kumar,Amit Kumar
f54b2cf2-e4f,2024-08-30,Chipotle - Fully-configurable holistic encoding,472.36,Dining,savings,-3577.0,False,Chipotle,amit_kumar,Amit Kumar
a5227d1a-872,2024-08-30,CVS Pharmacy - Customer-focused systemic knowledge user,62.66,Healthcare,checking,-56134.82,False,CVS Pharmacy,priya_singh,Priya Singh
078e12d8-a2c,2024-08-30,Local Bistro - Seamless scalable initiative,426.8,Dining,savings,-28344.06,False,Local Bistro,rajesh_sharma,Rajesh Sharma
d1ce37c0-69b,2024-08-30,State Farm - Fundamental context-sensitive software,361.87,Insurance,credit,-13313.52,False,State Farm,amit_kumar,Amit Kumar
78e0c7b6-e8c,2024-08-30,Dental Care - Centralized reciprocal Graphic Interface,311.33,Healthcare,credit,-36863.09,False,Dental Care,amit_kumar,Amit Kumar
fc8ffcba-8ed,2024-08-30,Misc Purchase - Exclusive coherent core,448.68,Other,checking,-24699.22,False,Misc Purchase,amit_kumar,Amit Kumar
5daf839a-411,2024-08-30,Parking Co - Stand-alone static migration,14.16,Transportation,checking,-42483.39,False,Parking Co,amit_kumar,Amit Kumar
99e19893-143,2024-08-30,McDonald's - Mandatory analyzing Graphical User Interface,345.52,Dining,savings,-11988.98,False,McDonald's,priya_singh,Priya Singh
cab03de7-b37,2024-08-30,"Payroll - Raymond, Little and Mullins",3640.78,Income,checking,-15706.7,True,"Raymond, Little and Mullins",rajesh_sharma,Rajesh Sharma
c0883a82-143,2024-08-30,Property Mgmt - Programmable system-worthy standardization,1880.72,Housing,credit,-14039.53,False,Property Mgmt,priya_singh,Priya Singh
7ff42725-3b4,2024-08-30,AMC Theaters - Customer-focused systematic toolset,132.85,Entertainment,credit,-73518.98,False,AMC Theaters,amit_kumar,Amit Kumar
910e98a9-b48,2024-08-30,Costco - Customer-focused fresh-thinking model,228.91,Groceries,savings,15146.6,False,Costco,amit_kumar,Amit Kumar
467b8105-711,2024-08-31,Starbucks - Digitized explicit analyzer,70.43,Dining,savings,-26994.13,False,Starbucks,rajesh_sharma,Rajesh Sharma
1945c092-e41,2024-08-31,Credit Card Payment - Seamless encompassing moderator,151.77,Debt Payment,checking,-26882.67,False,Credit Card Payment,priya_singh,Priya Singh
432e6608-a55,2024-08-31,Marriott - Automated motivating hardware,8.91,Travel,checking,-13711.39,False,Marriott,priya_singh,Priya Singh
df79fb0a-069,2024-08-31,Misc Purchase - Future-proofed incremental array,380.73,Other,checking,-53667.23,False,Misc Purchase,priya_singh,Priya Singh
07d64d0d-ed3,2024-08-31,City Hospital - Object-based optimizing budgetary management,272.0,Healthcare,credit,-55373.9,False,City Hospital,rajesh_sharma,Rajesh Sharma
cd777794-54a,2024-08-31,Health Ins Co - Multi-lateral zero-defect process improvement,320.24,Insurance,savings,17605.29,False,Health Ins Co,priya_singh,Priya Singh
67793b3f-6fd,2024-08-31,Cloud Storage - Diverse real-time orchestration,218.46,Subscriptions,credit,-59389.31,False,Cloud Storage,amit_kumar,Amit Kumar
497015fb-7ca,2024-08-31,Local Bistro - Organic value-added productivity,455.08,Dining,savings,5030.65,False,Local Bistro,priya_singh,Priya Singh
636b8f87-130,2024-08-31,AMC Theaters - Polarized exuding access,285.98,Entertainment,savings,28184.68,False,AMC Theaters,priya_singh,Priya Singh
5345539a-92a,2024-08-31,Metro Transit - Organic global contingency,247.47,Transportation,savings,-2459.18,False,Metro Transit,rajesh_sharma,Rajesh Sharma
5a8c7f0f-c52,2024-08-31,Trader Joe's - Profound human-resource open architecture,486.17,Groceries,checking,-50214.35,False,Trader Joe's,amit_kumar,Amit Kumar
b6b0f363-cb8,2024-08-31,Rent Payment - Multi-lateral responsive strategy,1884.59,Housing,credit,-67728.02,False,Rent Payment,amit_kumar,Amit Kumar
59e2b74a-19b,2024-08-31,Dental Care - Configurable discrete attitude,67.25,Healthcare,checking,1433.35,False,Dental Care,rajesh_sharma,Rajesh Sharma
4e799457-46e,2024-08-31,Dental Care - Re-engineered object-oriented leverage,449.12,Healthcare,savings,20417.77,False,Dental Care,rajesh_sharma,Rajesh Sharma
fb5daa4e-787,2024-08-31,Payroll - Hester-Anderson,3941.45,Income,checking,-31619.02,True,Hester-Anderson,rajesh_sharma,Rajesh Sharma
df0e2eaa-272,2024-08-31,CVS Pharmacy - Expanded incremental flexibility,184.01,Healthcare,credit,-5021.78,False,CVS Pharmacy,amit_kumar,Amit Kumar
f22aa7ff-3ca,2024-09-01,Payroll - Bell-Stanley,3562.36,Income,checking,9930.57,True,Bell-Stanley,amit_kumar,Amit Kumar
167a683f-37f,2024-09-01,Local Bistro - Realigned secondary policy,175.86,Dining,savings,19519.08,False,Local Bistro,priya_singh,Priya Singh
a22f4d10-af8,2024-09-01,ATM Withdrawal - Proactive scalable toolset,400.1,Other,checking,12965.28,False,ATM Withdrawal,amit_kumar,Amit Kumar
703d0dfe-309,2024-09-01,Student Loan - Right-sized mission-critical customer loyalty,369.15,Debt Payment,checking,-2925.87,False,Student Loan,priya_singh,Priya Singh
1dc663e6-9aa,2024-09-01,Rent Payment - Future-proofed client-server archive,1058.69,Housing,savings,-6673.89,False,Rent Payment,rajesh_sharma,Rajesh Sharma
1ff7d3cf-81f,2024-09-01,AMC Theaters - Managed incremental projection,456.24,Entertainment,savings,-34296.98,False,AMC Theaters,tanishka_dhanwan,Tanishka Dhanwan
00ac35b4-abc,2024-09-01,Health Ins Co - Persistent upward-trending application,349.28,Insurance,savings,19537.04,False,Health Ins Co,rajesh_sharma,Rajesh Sharma
781a2052-4f1,2024-09-01,HOA Fees - Open-architected homogeneous Internet solution,1949.53,Housing,credit,-66229.93,False,HOA Fees,priya_singh,Priya Singh
a1fc13b3-29d,2024-09-01,Health Ins Co - Total full-range infrastructure,227.42,Insurance,savings,-8895.16,False,Health Ins Co,priya_singh,Priya Singh
2108aecd-3ee,2024-09-01,Health Ins Co - Adaptive neutral hub,133.41,Insurance,credit,-52710.19,False,Health Ins Co,priya_singh,Priya Singh
742acfc5-a65,2024-09-01,Payroll - Phillips and Sons,3387.6,Income,savings,16142.88,True,Phillips and Sons,tanishka_dhanwan,Tanishka Dhanwan
6a619498-e9b,2024-09-01,Local Bistro - Multi-lateral holistic forecast,217.56,Dining,checking,-26102.57,False,Local Bistro,rajesh_sharma,Rajesh Sharma
029fe4d0-dbc,2024-09-01,Spotify - Vision-oriented mission-critical workforce,478.84,Entertainment,checking,-36269.95,False,Spotify,tanishka_dhanwan,Tanishka Dhanwan
fd09e808-d78,2024-09-01,Internet Provider - Future-proofed incremental core,125.75,Utilities,credit,-54115.81,False,Internet Provider,priya_singh,Priya Singh
04422dfb-9bd,2024-09-01,AMC Theaters - Devolved even-keeled functionalities,197.24,Entertainment,checking,-20058.54,False,AMC Theaters,amit_kumar,Amit Kumar
b66c4df0-f3a,2024-09-02,Credit Card Payment - Total impactful success,218.15,Debt Payment,savings,-10697.77,False,Credit Card Payment,amit_kumar,Amit Kumar
45ef50a1-c10,2024-09-02,Spotify - Diverse asymmetric hardware,288.26,Entertainment,checking,-47925.35,False,Spotify,tanishka_dhanwan,Tanishka Dhanwan
9a05304f-810,2024-09-02,Shell Gas - Switchable attitude-oriented forecast,482.19,Transportation,credit,-18612.55,False,Shell Gas,rajesh_sharma,Rajesh Sharma
7070c88d-5c7,2024-09-02,Costco - Distributed global infrastructure,494.05,Groceries,savings,7876.9,False,Costco,priya_singh,Priya Singh
9eb8648f-e9d,2024-09-02,Credit Card Payment - Grass-roots empowering methodology,219.95,Debt Payment,savings,-31098.46,False,Credit Card Payment,tanishka_dhanwan,Tanishka Dhanwan
a1997ec4-17b,2024-09-02,Uber - Balanced optimal conglomeration,26.82,Transportation,savings,22359.69,False,Uber,amit_kumar,Amit Kumar
8dd08dac-f15,2024-09-02,Water Dept - Face-to-face background instruction set,176.65,Utilities,credit,-51089.87,False,Water Dept,tanishka_dhanwan,Tanishka Dhanwan
bfd70188-703,2024-09-02,Misc Purchase - Extended zero tolerance installation,125.58,Other,savings,-34482.45,False,Misc Purchase,tanishka_dhanwan,Tanishka Dhanwan
3a923d21-f45,2024-09-02,Walmart - Compatible user-facing structure,138.22,Groceries,checking,-53275.92,False,Walmart,priya_singh,Priya Singh
a13cd53d-654,2024-09-02,Credit Card Payment - Self-enabling optimal task-force,471.69,Debt Payment,credit,-53428.86,False,Credit Card Payment,amit_kumar,Amit Kumar
73cee16c-cb8,2024-09-02,Walmart - Configurable intermediate portal,182.95,Groceries,credit,-48589.24,False,Walmart,rajesh_sharma,Rajesh Sharma
36652ed2-783,2024-09-02,Delta Airlines - Integrated reciprocal Graphical User Interface,116.24,Travel,savings,-2644.63,False,Delta Airlines,priya_singh,Priya Singh
f9f120d0-8d6,2024-09-02,Parking Co - Enhanced 24/7 service-desk,476.51,Transportation,checking,11938.66,False,Parking Co,amit_kumar,Amit Kumar
52f19d94-20f,2024-09-02,Costco - Robust coherent service-desk,61.1,Groceries,checking,-35196.53,False,Costco,rajesh_sharma,Rajesh Sharma
3750a839-fe2,2024-09-02,Target - Seamless dedicated array,18.52,Shopping,checking,-43978.56,False,Target,amit_kumar,Amit Kumar
8347075f-d14,2024-09-03,Trader Joe's - Focused explicit protocol,327.91,Groceries,savings,1032.69,False,Trader Joe's,amit_kumar,Amit Kumar
95061805-f62,2024-09-03,Marriott - Stand-alone logistical circuit,87.32,Travel,checking,10085.95,False,Marriott,rajesh_sharma,Rajesh Sharma
a7002175-81e,2024-09-03,AMC Theaters - Multi-lateral bifurcated data-warehouse,325.77,Entertainment,credit,-15418.87,False,AMC Theaters,tanishka_dhanwan,Tanishka Dhanwan
3b5311a5-47f,2024-09-03,State Farm - Reverse-engineered analyzing help-desk,152.75,Insurance,credit,-46825.94,False,State Farm,rajesh_sharma,Rajesh Sharma
4dc4272c-343,2024-09-03,Expedia - Cloned incremental hierarchy,460.18,Travel,credit,-6970.92,False,Expedia,amit_kumar,Amit Kumar
8c53d9da-a5c,2024-09-03,Local Bistro - Implemented cohesive analyzer,163.06,Dining,checking,-1924.54,False,Local Bistro,priya_singh,Priya Singh
ddfaf808-358,2024-09-03,AMC Theaters - Cross-group composite strategy,351.66,Entertainment,credit,-33664.08,False,AMC Theaters,amit_kumar,Amit Kumar
0e0a7dc9-e5e,2024-09-03,Property Mgmt - Devolved fresh-thinking pricing structure,1529.3,Housing,checking,-38905.1,False,Property Mgmt,rajesh_sharma,Rajesh Sharma
0d2d30e0-63d,2024-09-03,City Hospital - Visionary intangible array,9.52,Healthcare,credit,-34969.43,False,City Hospital,tanishka_dhanwan,Tanishka Dhanwan
2ef97539-c22,2024-09-03,CVS Pharmacy - Ameliorated secondary toolset,416.28,Healthcare,credit,-21396.44,False,CVS Pharmacy,tanishka_dhanwan,Tanishka Dhanwan
0f7556db-b16,2024-09-03,Electric Co - User-friendly disintermediate capacity,362.05,Utilities,checking,-26774.17,False,Electric Co,tanishka_dhanwan,Tanishka Dhanwan
3fc82e18-5d2,2024-09-03,Credit Card Payment - Networked clear-thinking budgetary management,131.63,Debt Payment,savings,-24913.93,False,Credit Card Payment,amit_kumar,Amit Kumar
209a4fdc-6b5,2024-09-03,Health Ins Co - Focused uniform synergy,493.98,Insurance,credit,-59028.16,False,Health Ins Co,amit_kumar,Amit Kumar
bbe42c84-652,2024-09-03,Payroll - Smith LLC,2471.78,Income,savings,-21417.24,True,Smith LLC,amit_kumar,Amit Kumar
875dfaf8-175,2024-09-03,State Farm - Mandatory mission-critical service-desk,468.06,Insurance,checking,-58619.49,False,State Farm,tanishka_dhanwan,Tanishka Dhanwan
db754745-350,2024-09-03,Rent Payment - Customizable asynchronous adapter,1018.64,Housing,checking,5978.22,False,Rent Payment,amit_kumar,Amit Kumar
9dc6c3c9-84b,2024-09-03,Misc Purchase - Upgradable dynamic access,411.86,Other,checking,-39924.16,False,Misc Purchase,tanishka_dhanwan,Tanishka Dhanwan
7542b496-0c3,2024-09-03,Costco - Customer-focused impactful installation,103.31,Groceries,savings,20225.4,False,Costco,priya_singh,Priya Singh
e53bc5d8-2a9,2024-09-03,Payroll - Smith-Moreno,4362.47,Income,checking,-27555.87,True,Smith-Moreno,rajesh_sharma,Rajesh Sharma
9ea363bd-300,2024-09-03,Property Mgmt - Phased modular complexity,1034.29,Housing,savings,-30209.4,False,Property Mgmt,tanishka_dhanwan,Tanishka Dhanwan
7ec7914f-1dc,2024-09-03,Starbucks - Multi-tiered zero administration customer loyalty,352.98,Dining,checking,-14359.41,False,Starbucks,amit_kumar,Amit Kumar
fad930db-97c,2024-09-04,Internet Provider - Innovative value-added intranet,73.09,Utilities,savings,6268.42,False,Internet Provider,priya_singh,Priya Singh
9715d89b-1bf,2024-09-04,Parking Co - Open-architected full-range focus group,154.55,Transportation,savings,11835.53,False,Parking Co,rajesh_sharma,Rajesh Sharma
0c14ac6a-fa9,2024-09-04,Payroll - Smith-Ward,2094.83,Income,credit,-72411.82,True,Smith-Ward,amit_kumar,Amit Kumar
e3cd4c5f-777,2024-09-04,Expedia - Ergonomic national encryption,333.91,Travel,checking,8005.24,False,Expedia,tanishka_dhanwan,Tanishka Dhanwan
d547304a-3a9,2024-09-04,State Farm - Front-line bifurcated orchestration,47.1,Insurance,savings,7416.62,False,State Farm,amit_kumar,Amit Kumar
4cd09f88-da2,2024-09-04,Misc Purchase - Quality-focused dynamic solution,487.03,Other,savings,-17749.65,False,Misc Purchase,tanishka_dhanwan,Tanishka Dhanwan
f2a442c9-1b5,2024-09-04,Gym Membership - Innovative maximized service-desk,81.27,Subscriptions,checking,-32571.24,False,Gym Membership,rajesh_sharma,Rajesh Sharma
dc55a35e-d22,2024-09-04,ATM Withdrawal - User-friendly 24hour structure,159.12,Other,credit,-75862.16,False,ATM Withdrawal,amit_kumar,Amit Kumar
dfc5e215-3e4,2024-09-04,Water Dept - Centralized explicit help-desk,141.6,Utilities,savings,-2667.2,False,Water Dept,rajesh_sharma,Rajesh Sharma
aa820c7d-4b9,2024-09-04,State Farm - Profit-focused zero-defect collaboration,348.49,Insurance,checking,10683.9,False,State Farm,tanishka_dhanwan,Tanishka Dhanwan
8b925e40-34e,2024-09-04,Health Ins Co - Exclusive next generation array,394.12,Insurance,credit,-47138.68,False,Health Ins Co,tanishka_dhanwan,Tanishka Dhanwan
9e38e2a4-359,2024-09-04,Electric Co - Triple-buffered local flexibility,167.08,Utilities,savings,1426.9,False,Electric Co,amit_kumar,Amit Kumar
49eb7184-bcb,2024-09-04,Dental Care - Mandatory empowering workforce,238.63,Healthcare,credit,-41226.1,False,Dental Care,tanishka_dhanwan,Tanishka Dhanwan
d11d1822-5bd,2024-09-04,Netflix - Ergonomic 3rdgeneration service-desk,455.87,Entertainment,savings,14410.3,False,Netflix,priya_singh,Priya Singh
64447f7a-95a,2024-09-04,HOA Fees - Phased real-time protocol,1167.38,Housing,savings,-23169.37,False,HOA Fees,tanishka_dhanwan,Tanishka Dhanwan
b7799b04-fdb,2024-09-04,ATM Withdrawal - User-centric maximized definition,283.21,Other,savings,25500.34,False,ATM Withdrawal,amit_kumar,Amit Kumar
d672a19b-0a5,2024-09-04,McDonald's - Secured composite success,19.26,Dining,credit,-51355.33,False,McDonald's,rajesh_sharma,Rajesh Sharma
e7563a8c-a35,2024-09-04,"Payroll - Figueroa, Swanson and Lewis",4017.98,Income,savings,14321.29,True,"Figueroa, Swanson and Lewis",priya_singh,Priya Singh
2e33178d-aaf,2024-09-04,State Farm - Enterprise-wide fresh-thinking interface,332.35,Insurance,credit,-18547.84,False,State Farm,tanishka_dhanwan,Tanishka Dhanwan
b612b415-523,2024-09-05,Payroll - Ferguson PLC,3639.29,Income,checking,-24353.83,True,Ferguson PLC,priya_singh,Priya Singh
09ffda33-2e4,2024-09-05,State Farm - Robust content-based architecture,337.8,Insurance,savings,-18219.08,False,State Farm,amit_kumar,Amit Kumar
d3c329f5-dad,2024-09-05,"Payroll - Washington, Robles and Myers",1715.45,Income,savings,-34275.26,True,"Washington, Robles and Myers",tanishka_dhanwan,Tanishka Dhanwan
f94cf2bf-eba,2024-09-05,Chipotle - Grass-roots intangible framework,174.68,Dining,credit,-60933.71,False,Chipotle,rajesh_sharma,Rajesh Sharma
e43403e6-68c,2024-09-05,Metro Transit - Phased exuding artificial intelligence,481.22,Transportation,checking,-3149.13,False,Metro Transit,priya_singh,Priya Singh
6975d6aa-67e,2024-09-05,Rent Payment - Persevering foreground synergy,1921.1,Housing,savings,-39015.78,False,Rent Payment,tanishka_dhanwan,Tanishka Dhanwan
fc40067a-23a,2024-09-05,Costco - Organic attitude-oriented workforce,383.41,Groceries,credit,-34551.54,False,Costco,amit_kumar,Amit Kumar
0da76cdf-93e,2024-09-05,Gym Membership - Switchable disintermediate concept,25.25,Subscriptions,checking,-4577.13,False,Gym Membership,tanishka_dhanwan,Tanishka Dhanwan
66225f75-79c,2024-09-05,Dental Care - Focused zero administration frame,43.98,Healthcare,checking,1500.6,False,Dental Care,rajesh_sharma,Rajesh Sharma
ed028168-0cf,2024-09-05,Best Buy - Up-sized actuating forecast,182.76,Shopping,checking,-25371.3,False,Best Buy,rajesh_sharma,Rajesh Sharma
350720ff-075,2024-09-05,AMC Theaters - Customer-focused fresh-thinking Graphic Interface,29.44,Entertainment,checking,-15101.98,False,AMC Theaters,amit_kumar,Amit Kumar
e54ba20f-7a6,2024-09-05,ATM Withdrawal - Upgradable multi-tasking function,43.03,Other,checking,-48775.28,False,ATM Withdrawal,priya_singh,Priya Singh
2f98f565-219,2024-09-05,Cloud Storage - Digitized scalable adapter,202.57,Subscriptions,checking,-4411.96,False,Cloud Storage,tanishka_dhanwan,Tanishka Dhanwan
51071a10-faa,2024-09-05,Student Loan - Front-line non-volatile info-mediaries,92.06,Debt Payment,checking,-28242.03,False,Student Loan,rajesh_sharma,Rajesh Sharma
c774c3b3-d39,2024-09-05,Metro Transit - Assimilated holistic database,278.9,Transportation,checking,-27148.07,False,Metro Transit,tanishka_dhanwan,Tanishka Dhanwan
dd18ecfa-5a4,2024-09-05,Property Mgmt - Reduced grid-enabled paradigm,1849.83,Housing,savings,-25345.04,False,Property Mgmt,tanishka_dhanwan,Tanishka Dhanwan
b2e6804d-5e8,2024-09-05,Best Buy - Profound next generation orchestration,105.06,Shopping,savings,8028.07,False,Best Buy,priya_singh,Priya Singh
2f56c50a-19d,2024-09-06,Netflix - Phased 3rdgeneration hub,396.78,Entertainment,savings,-23324.24,False,Netflix,rajesh_sharma,Rajesh Sharma
51bc2196-1b6,2024-09-06,Costco - Team-oriented maximized matrices,360.3,Groceries,credit,3851.46,False,Costco,tanishka_dhanwan,Tanishka Dhanwan
30626a15-31b,2024-09-06,ATM Withdrawal - Programmable foreground moderator,126.61,Other,checking,-51726.37,False,ATM Withdrawal,tanishka_dhanwan,Tanishka Dhanwan
98cb4ca9-7ca,2024-09-06,Electric Co - Switchable local hub,129.05,Utilities,checking,-50297.88,False,Electric Co,priya_singh,Priya Singh
f97a8468-8d2,2024-09-06,Gym Membership - Adaptive tertiary open architecture,452.31,Subscriptions,checking,-56661.98,False,Gym Membership,priya_singh,Priya Singh
abbc3f7c-e3d,2024-09-06,Local Bistro - Optional 24hour help-desk,114.25,Dining,credit,-70519.34,False,Local Bistro,amit_kumar,Amit Kumar
55536f19-0b1,2024-09-06,Costco - Adaptive optimizing function,8.28,Groceries,savings,-24949.48,False,Costco,tanishka_dhanwan,Tanishka Dhanwan
0c4a41cf-f9f,2024-09-06,Uber - Sharable tangible hierarchy,354.5,Transportation,checking,1937.75,False,Uber,amit_kumar,Amit Kumar
3e0ee551-929,2024-09-06,ATM Withdrawal - Robust client-server functionalities,425.45,Other,savings,-23222.36,False,ATM Withdrawal,rajesh_sharma,Rajesh Sharma
5dffc976-6bc,2024-09-07,Walmart - Grass-roots object-oriented hierarchy,100.76,Groceries,checking,13147.0,False,Walmart,tanishka_dhanwan,Tanishka Dhanwan
024aea78-d22,2024-09-07,Rent Payment - Seamless disintermediate middleware,1868.82,Housing,savings,19000.16,False,Rent Payment,amit_kumar,Amit Kumar
f8229352-378,2024-09-07,Local Bistro - Multi-layered local process improvement,11.3,Dining,credit,-74506.65,False,Local Bistro,amit_kumar,Amit Kumar
46542b06-4cd,2024-09-07,Amazon - Programmable reciprocal complexity,88.46,Shopping,savings,-13380.22,False,Amazon,rajesh_sharma,Rajesh Sharma
46446f01-f76,2024-09-07,Cloud Storage - Implemented multi-tasking productivity,136.33,Subscriptions,checking,2784.01,False,Cloud Storage,amit_kumar,Amit Kumar
90758f14-6f7,2024-09-07,Spotify - Virtual discrete throughput,248.89,Entertainment,credit,-35529.6,False,Spotify,tanishka_dhanwan,Tanishka Dhanwan
51dcd1eb-27b,2024-09-07,Trader Joe's - Versatile demand-driven architecture,134.49,Groceries,savings,3429.05,False,Trader Joe's,priya_singh,Priya Singh
27a54fa0-09d,2024-09-07,AMC Theaters - Upgradable clear-thinking array,210.74,Entertainment,credit,-53564.51,False,AMC Theaters,rajesh_sharma,Rajesh Sharma
1f796e19-b91,2024-09-07,Chipotle - De-engineered dynamic throughput,63.24,Dining,checking,-55503.61,False,Chipotle,amit_kumar,Amit Kumar
906fabb6-856,2024-09-07,Trader Joe's - De-engineered contextually-based throughput,189.97,Groceries,credit,-1980.53,False,Trader Joe's,tanishka_dhanwan,Tanishka Dhanwan
04292da1-787,2024-09-07,Trader Joe's - Fully-configurable tangible definition,40.66,Groceries,checking,-28973.71,False,Trader Joe's,rajesh_sharma,Rajesh Sharma
f72a0b20-52d,2024-09-07,Trader Joe's - Progressive tangible framework,481.31,Groceries,savings,14564.65,False,Trader Joe's,tanishka_dhanwan,Tanishka Dhanwan
320fe7c3-d4c,2024-09-07,Netflix - Function-based mobile intranet,299.2,Entertainment,credit,-33750.34,False,Netflix,tanishka_dhanwan,Tanishka Dhanwan
92d207ed-309,2024-09-08,Cloud Storage - Intuitive tertiary alliance,474.82,Subscriptions,credit,-57303.22,False,Cloud Storage,priya_singh,Priya Singh
9d8b65c6-9c0,2024-09-08,Rent Payment - Object-based content-based groupware,1565.61,Housing,savings,6595.77,False,Rent Payment,amit_kumar,Amit Kumar
b2b538de-e94,2024-09-08,Parking Co - Decentralized bi-directional circuit,298.96,Transportation,credit,-44320.72,False,Parking Co,tanishka_dhanwan,Tanishka Dhanwan
92d1753a-60b,2024-09-08,"Payroll - Thompson, Gibson and Riley",2188.52,Income,credit,-55038.61,True,"Thompson, Gibson and Riley",priya_singh,Priya Singh
20338582-81e,2024-09-08,Metro Transit - Open-architected intangible secured line,165.4,Transportation,credit,-31169.85,False,Metro Transit,tanishka_dhanwan,Tanishka Dhanwan
86b2078e-6f2,2024-09-08,McDonald's - Enterprise-wide local analyzer,157.51,Dining,checking,-4061.53,False,McDonald's,priya_singh,Priya Singh
09d75b70-f44,2024-09-08,Starbucks - Exclusive systemic hub,45.78,Dining,credit,-65802.35,False,Starbucks,priya_singh,Priya Singh
5a52cb93-73c,2024-09-08,Walmart - Visionary object-oriented firmware,449.57,Groceries,savings,-21529.82,False,Walmart,rajesh_sharma,Rajesh Sharma
c61c5713-90d,2024-09-08,State Farm - Re-engineered reciprocal functionalities,116.88,Insurance,checking,-23977.18,False,State Farm,tanishka_dhanwan,Tanishka Dhanwan
e7ef5962-521,2024-09-08,Health Ins Co - Synchronized static artificial intelligence,387.96,Insurance,checking,-31248.64,False,Health Ins Co,rajesh_sharma,Rajesh Sharma
d16391f7-4b3,2024-09-08,City Hospital - Reduced mobile groupware,103.87,Healthcare,checking,-2679.5,False,City Hospital,priya_singh,Priya Singh
30cba66b-32e,2024-09-08,ATM Withdrawal - Enhanced fresh-thinking structure,482.2,Other,credit,-54364.9,False,ATM Withdrawal,amit_kumar,Amit Kumar
8f180155-947,2024-09-08,Payroll - Hunt Group,3379.25,Income,credit,-40174.88,True,Hunt Group,tanishka_dhanwan,Tanishka Dhanwan
4caf4992-4a2,2024-09-08,McDonald's - Expanded hybrid architecture,385.51,Dining,savings,2314.1,False,McDonald's,amit_kumar,Amit Kumar
40adf931-be1,2024-09-08,Credit Card Payment - User-friendly bifurcated encoding,344.68,Debt Payment,credit,-25802.88,False,Credit Card Payment,tanishka_dhanwan,Tanishka Dhanwan
7fe8e739-0c2,2024-09-08,Whole Foods - Multi-layered multi-tasking solution,480.75,Groceries,checking,-148.43,False,Whole Foods,amit_kumar,Amit Kumar
ba23f9fa-f08,2024-09-08,HOA Fees - Adaptive multi-state task-force,903.7,Housing,savings,28470.66,False,HOA Fees,priya_singh,Priya Singh
bf9ff8af-8cf,2024-09-08,Property Mgmt - Cross-platform actuating infrastructure,1822.52,Housing,checking,-2556.72,False,Property Mgmt,priya_singh,Priya Singh
6aa04296-bac,2024-09-08,Internet Provider - Organized dynamic system engine,307.88,Utilities,savings,1943.71,False,Internet Provider,rajesh_sharma,Rajesh Sharma
70d4182e-9f9,2024-09-09,Credit Card Payment - Focused didactic benchmark,8.67,Debt Payment,credit,-59142.35,False,Credit Card Payment,amit_kumar,Amit Kumar
1d563d31-81c,2024-09-09,AMC Theaters - Cross-group dynamic leverage,79.27,Entertainment,checking,-57847.02,False,AMC Theaters,priya_singh,Priya Singh
1e67cc96-89f,2024-09-09,Netflix - Diverse encompassing knowledge user,27.66,Entertainment,credit,-46844.81,False,Netflix,rajesh_sharma,Rajesh Sharma
2c97c55b-769,2024-09-09,Rent Payment - Ergonomic systematic orchestration,1969.86,Housing,savings,3199.84,False,Rent Payment,tanishka_dhanwan,Tanishka Dhanwan
f3834c65-d13,2024-09-09,Chipotle - Stand-alone background hierarchy,380.67,Dining,checking,-62481.88,False,Chipotle,priya_singh,Priya Singh
a8797a88-4ba,2024-09-09,Trader Joe's - Public-key context-sensitive complexity,50.25,Groceries,credit,-70679.14,False,Trader Joe's,priya_singh,Priya Singh
b4e7411f-143,2024-09-09,Health Ins Co - Cross-platform empowering framework,468.81,Insurance,credit,-35852.32,False,Health Ins Co,tanishka_dhanwan,Tanishka Dhanwan
56c7e883-32f,2024-09-09,Rent Payment - Optional multi-tasking workforce,2000.18,Housing,checking,-13030.51,False,Rent Payment,tanishka_dhanwan,Tanishka Dhanwan
69cd8171-213,2024-09-09,HOA Fees - Mandatory non-volatile analyzer,1746.14,Housing,savings,-21080.25,False,HOA Fees,rajesh_sharma,Rajesh Sharma
45f8696f-4f8,2024-09-09,Spotify - Pre-emptive regional solution,396.0,Entertainment,checking,-3568.04,False,Spotify,tanishka_dhanwan,Tanishka Dhanwan
a1eb3bf1-8a1,2024-09-09,Local Bistro - Re-contextualized radical artificial intelligence,87.34,Dining,savings,-14885.39,False,Local Bistro,rajesh_sharma,Rajesh Sharma
0f859d3a-0fc,2024-09-09,Marriott - Polarized actuating info-mediaries,229.63,Travel,savings,-31942.78,False,Marriott,tanishka_dhanwan,Tanishka Dhanwan
7e9ba593-c09,2024-09-09,Walmart - Synergistic leadingedge emulation,306.42,Groceries,savings,-11502.79,False,Walmart,amit_kumar,Amit Kumar
631cff30-87a,2024-09-09,Whole Foods - Balanced real-time initiative,187.1,Groceries,savings,-17936.75,False,Whole Foods,tanishka_dhanwan,Tanishka Dhanwan
aec3395e-4be,2024-09-09,Student Loan - Re-engineered directional workforce,283.99,Debt Payment,credit,-53180.79,False,Student Loan,rajesh_sharma,Rajesh Sharma
df088cc9-838,2024-09-09,AMC Theaters - Switchable system-worthy standardization,14.53,Entertainment,savings,-555.09,False,AMC Theaters,priya_singh,Priya Singh
fb9af395-5e0,2024-09-09,Walmart - Pre-emptive content-based Graphic Interface,206.55,Groceries,savings,26210.82,False,Walmart,priya_singh,Priya Singh
81830a24-95a,2024-09-09,Gym Membership - Reduced human-resource array,355.0,Subscriptions,checking,-47914.09,False,Gym Membership,amit_kumar,Amit Kumar
e85849e3-c13,2024-09-09,Internet Provider - Vision-oriented responsive pricing structure,141.58,Utilities,savings,14377.97,False,Internet Provider,priya_singh,Priya Singh
345ffcc2-e05,2024-09-09,Internet Provider - Customer-focused background implementation,498.78,Utilities,credit,-3681.97,False,Internet Provider,rajesh_sharma,Rajesh Sharma
30b8d2e2-247,2024-09-09,McDonald's - Re-contextualized tangible array,5.65,Dining,savings,-23390.34,False,McDonald's,tanishka_dhanwan,Tanishka Dhanwan
2bf95184-2cd,2024-09-09,Whole Foods - Profit-focused heuristic capability,443.45,Groceries,savings,15859.7,False,Whole Foods,amit_kumar,Amit Kumar
a56e7831-127,2024-09-10,Water Dept - Focused executive strategy,460.22,Utilities,savings,-4416.81,False,Water Dept,rajesh_sharma,Rajesh Sharma
b492829d-670,2024-09-10,Internet Provider - De-engineered fresh-thinking system engine,164.52,Utilities,checking,-42249.37,False,Internet Provider,amit_kumar,Amit Kumar
a528ba15-414,2024-09-10,Credit Card Payment - Horizontal tangible process improvement,316.84,Debt Payment,savings,-534.9,False,Credit Card Payment,tanishka_dhanwan,Tanishka Dhanwan
36ada24e-561,2024-09-10,Netflix - Balanced heuristic database,411.27,Entertainment,savings,14077.1,False,Netflix,rajesh_sharma,Rajesh Sharma
d8ed4ab2-d6e,2024-09-10,Shell Gas - Compatible 3rdgeneration architecture,395.65,Transportation,savings,-62386.27,False,Shell Gas,rajesh_sharma,Rajesh Sharma
04ea019c-c80,2024-09-10,Chipotle - Distributed even-keeled portal,231.58,Dining,credit,-47488.02,False,Chipotle,tanishka_dhanwan,Tanishka Dhanwan
6242b5c8-730,2024-09-10,Property Mgmt - Universal bandwidth-monitored matrices,1310.36,Housing,checking,-51541.16,False,Property Mgmt,tanishka_dhanwan,Tanishka Dhanwan
054a5c2d-3ef,2024-09-10,City Hospital - Cross-platform directional superstructure,443.8,Healthcare,credit,-30992.77,False,City Hospital,tanishka_dhanwan,Tanishka Dhanwan
c972817a-383,2024-09-10,Target - Organized 6thgeneration ability,75.88,Shopping,savings,5265.97,False,Target,amit_kumar,Amit Kumar
48a6b7cd-aa8,2024-09-10,Misc Purchase - Polarized asynchronous capacity,339.84,Other,checking,-44993.54,False,Misc Purchase,rajesh_sharma,Rajesh Sharma
03e249a5-1f1,2024-09-10,Cloud Storage - Enhanced empowering toolset,123.81,Subscriptions,savings,-6662.97,False,Cloud Storage,priya_singh,Priya Singh
3c9f129f-da3,2024-09-10,Dental Care - Cloned 24hour synergy,420.2,Healthcare,savings,-22718.47,False,Dental Care,tanishka_dhanwan,Tanishka Dhanwan
9732a854-622,2024-09-10,Spotify - Synergized disintermediate algorithm,81.61,Entertainment,savings,-34356.87,False,Spotify,tanishka_dhanwan,Tanishka Dhanwan
d6755105-e0c,2024-09-10,City Hospital - Balanced even-keeled portal,348.96,Healthcare,savings,-22551.46,False,City Hospital,tanishka_dhanwan,Tanishka Dhanwan
ee0045a0-696,2024-09-10,Best Buy - Fully-configurable client-server structure,464.5,Shopping,credit,-67481.03,False,Best Buy,rajesh_sharma,Rajesh Sharma
09744cef-eb6,2024-09-11,Credit Card Payment - Proactive composite product,426.16,Debt Payment,savings,-33982.48,False,Credit Card Payment,tanishka_dhanwan,Tanishka Dhanwan
35e3f8ba-1e4,2024-09-11,Property Mgmt - Advanced web-enabled attitude,2071.17,Housing,checking,3554.01,False,Property Mgmt,amit_kumar,Amit Kumar
3ea52135-32f,2024-09-11,Parking Co - Mandatory demand-driven knowledgebase,149.81,Transportation,savings,1277.09,False,Parking Co,amit_kumar,Amit Kumar
482fab33-7b5,2024-09-11,Parking Co - Proactive exuding encoding,156.55,Transportation,savings,12707.36,False,Parking Co,amit_kumar,Amit Kumar
d2268b64-129,2024-09-11,CVS Pharmacy - Progressive regional Internet solution,252.89,Healthcare,savings,3096.14,False,CVS Pharmacy,amit_kumar,Amit Kumar
4ec8c1b9-ada,2024-09-11,Amazon - Implemented fault-tolerant structure,428.16,Shopping,savings,-25034.48,False,Amazon,tanishka_dhanwan,Tanishka Dhanwan
4f623bf8-a54,2024-09-11,Whole Foods - Customer-focused context-sensitive project,25.66,Groceries,savings,17458.74,False,Whole Foods,priya_singh,Priya Singh
0033a7c5-b02,2024-09-11,"Payroll - Schmidt, Carter and Johnson",2591.77,Income,checking,-57546.12,True,"Schmidt, Carter and Johnson",tanishka_dhanwan,Tanishka Dhanwan
ab296180-ffa,2024-09-11,AMC Theaters - Innovative stable complexity,475.81,Entertainment,savings,-17084.62,False,AMC Theaters,amit_kumar,Amit Kumar
e31ba214-e1f,2024-09-11,Internet Provider - Re-engineered bandwidth-monitored interface,407.87,Utilities,checking,-9648.18,False,Internet Provider,priya_singh,Priya Singh
bcdb4e17-93a,2024-09-11,Marriott - Intuitive zero administration project,75.06,Travel,credit,-10737.9,False,Marriott,amit_kumar,Amit Kumar
2cb7da7e-08c,2024-09-11,Expedia - Persevering fault-tolerant software,95.62,Travel,credit,-60991.81,False,Expedia,priya_singh,Priya Singh
7c6477ae-1e4,2024-09-11,Metro Transit - Vision-oriented needs-based hierarchy,64.72,Transportation,checking,-36194.82,False,Metro Transit,rajesh_sharma,Rajesh Sharma
61be2298-996,2024-09-11,Misc Purchase - Progressive didactic implementation,114.34,Other,savings,-14798.05,False,Misc Purchase,rajesh_sharma,Rajesh Sharma
ff250eea-49f,2024-09-12,ATM Withdrawal - Automated radical contingency,323.67,Other,credit,-69082.99,False,ATM Withdrawal,priya_singh,Priya Singh
538ae042-cf9,2024-09-12,Expedia - Digitized motivating capacity,274.0,Travel,savings,13875.97,False,Expedia,amit_kumar,Amit Kumar
7d142f16-4ab,2024-09-12,HOA Fees - Fundamental demand-driven encryption,1222.15,Housing,credit,-2174.22,False,HOA Fees,priya_singh,Priya Singh
243ae33b-a23,2024-09-12,Rent Payment - Synchronized tangible help-desk,861.83,Housing,credit,-68954.21,False,Rent Payment,rajesh_sharma,Rajesh Sharma
efc35179-66b,2024-09-12,Chipotle - Face-to-face secondary software,346.47,Dining,savings,17834.64,False,Chipotle,amit_kumar,Amit Kumar
c07734a9-24b,2024-09-12,Adobe - Future-proofed disintermediate open architecture,324.56,Subscriptions,credit,-44758.62,False,Adobe,priya_singh,Priya Singh
45500b44-c26,2024-09-12,Misc Purchase - Up-sized non-volatile definition,391.82,Other,savings,18413.98,False,Misc Purchase,priya_singh,Priya Singh
44ac3c2d-990,2024-09-12,Tuition - User-friendly optimizing model,80.13,Education,savings,35059.15,False,Tuition,priya_singh,Priya Singh
876c86d4-38c,2024-09-12,Gym Membership - Intuitive clear-thinking orchestration,374.33,Subscriptions,credit,-37305.99,False,Gym Membership,tanishka_dhanwan,Tanishka Dhanwan
1cd15f41-d0b,2024-09-12,Local Bistro - Horizontal upward-trending Internet solution,359.84,Dining,credit,-70622.4,False,Local Bistro,amit_kumar,Amit Kumar
4af1ab83-65a,2024-09-12,Gym Membership - Grass-roots human-resource challenge,376.81,Subscriptions,credit,-79655.58,False,Gym Membership,rajesh_sharma,Rajesh Sharma
4699a463-f0e,2024-09-13,AMC Theaters - Balanced optimizing projection,208.36,Entertainment,savings,-27106.83,False,AMC Theaters,amit_kumar,Amit Kumar
51fe5464-37e,2024-09-13,Walmart - Streamlined multi-tasking access,204.24,Groceries,checking,-8127.94,False,Walmart,rajesh_sharma,Rajesh Sharma
a8e1f050-dce,2024-09-13,Local Bistro - Persevering maximized orchestration,33.6,Dining,credit,-56553.87,False,Local Bistro,amit_kumar,Amit Kumar
287286c2-4a5,2024-09-13,Dental Care - Intuitive intermediate portal,485.89,Healthcare,checking,-3421.68,False,Dental Care,rajesh_sharma,Rajesh Sharma
4c5a2c97-d74,2024-09-13,Rent Payment - Synchronized methodical solution,2198.78,Housing,credit,-48964.04,False,Rent Payment,amit_kumar,Amit Kumar
720fee0d-695,2024-09-13,Target - Ergonomic motivating capability,67.43,Shopping,checking,6334.53,False,Target,priya_singh,Priya Singh
5b8cb70c-511,2024-09-13,Metro Transit - Configurable neutral frame,477.14,Transportation,savings,14026.63,False,Metro Transit,rajesh_sharma,Rajesh Sharma
5dbe7982-2e9,2024-09-13,Chipotle - Public-key object-oriented extranet,238.49,Dining,credit,-36279.96,False,Chipotle,priya_singh,Priya Singh
9d29c27b-e01,2024-09-13,Starbucks - Automated secondary challenge,412.6,Dining,checking,-52111.75,False,Starbucks,priya_singh,Priya Singh
8584e6a8-0ab,2024-09-13,Metro Transit - Object-based 5thgeneration pricing structure,137.61,Transportation,checking,-27559.3,False,Metro Transit,tanishka_dhanwan,Tanishka Dhanwan
ee8b9e3c-2d9,2024-09-13,Credit Card Payment - Multi-tiered object-oriented complexity,404.11,Debt Payment,checking,-1227.18,False,Credit Card Payment,amit_kumar,Amit Kumar
211e9732-c92,2024-09-13,City Hospital - Horizontal transitional artificial intelligence,134.97,Healthcare,credit,-56075.0,False,City Hospital,rajesh_sharma,Rajesh Sharma
aacc5b5a-20b,2024-09-13,Health Ins Co - Up-sized context-sensitive Graphical User Interface,348.68,Insurance,credit,-53777.54,False,Health Ins Co,amit_kumar,Amit Kumar
b8c89588-c22,2024-09-14,Trader Joe's - Cross-group grid-enabled definition,6.54,Groceries,savings,14371.43,False,Trader Joe's,priya_singh,Priya Singh
d0e8f4d8-623,2024-09-14,CVS Pharmacy - Monitored background database,219.7,Healthcare,checking,2484.88,False,CVS Pharmacy,amit_kumar,Amit Kumar
8ce8cc5c-9e5,2024-09-14,Expedia - Operative stable capacity,332.76,Travel,checking,-55028.83,False,Expedia,tanishka_dhanwan,Tanishka Dhanwan
e5636610-59d,2024-09-14,Local Bistro - Stand-alone next generation artificial intelligence,207.83,Dining,checking,5218.9,False,Local Bistro,amit_kumar,Amit Kumar
7e0bd3c1-0f7,2024-09-14,Health Ins Co - Customer-focused real-time data-warehouse,154.05,Insurance,checking,-24037.1,False,Health Ins Co,tanishka_dhanwan,Tanishka Dhanwan
e0df4c15-6e0,2024-09-14,Target - Cross-group heuristic neural-net,163.63,Shopping,checking,-28783.07,False,Target,rajesh_sharma,Rajesh Sharma
e6c3d169-1b1,2024-09-14,State Farm - Organic value-added support,67.89,Insurance,checking,-53278.83,False,State Farm,tanishka_dhanwan,Tanishka Dhanwan
0805a8ef-f40,2024-09-14,Netflix - Self-enabling encompassing policy,25.51,Entertainment,checking,-504.29,False,Netflix,amit_kumar,Amit Kumar
5813aa32-e17,2024-09-14,Internet Provider - Reactive upward-trending conglomeration,259.94,Utilities,savings,-8021.41,False,Internet Provider,amit_kumar,Amit Kumar
dce13b04-913,2024-09-14,Whole Foods - Profound attitude-oriented collaboration,463.43,Groceries,savings,-38394.57,False,Whole Foods,tanishka_dhanwan,Tanishka Dhanwan
849afdb0-883,2024-09-14,Health Ins Co - Virtual attitude-oriented benchmark,333.8,Insurance,savings,34335.48,False,Health Ins Co,priya_singh,Priya Singh
1752b9bf-909,2024-09-14,State Farm - Sharable value-added framework,442.01,Insurance,checking,-59644.69,False,State Farm,tanishka_dhanwan,Tanishka Dhanwan
33ccfa98-7ee,2024-09-14,Property Mgmt - Secured radical leverage,822.67,Housing,credit,-14100.73,False,Property Mgmt,priya_singh,Priya Singh
8631ac5d-6e9,2024-09-14,Shell Gas - Re-engineered intangible process improvement,214.47,Transportation,credit,-49016.95,False,Shell Gas,rajesh_sharma,Rajesh Sharma
3adac330-042,2024-09-14,Rent Payment - Switchable needs-based functionalities,1772.6,Housing,credit,803.14,False,Rent Payment,amit_kumar,Amit Kumar
05e5ca9c-2fa,2024-09-14,Trader Joe's - Phased user-facing installation,432.94,Groceries,checking,616.09,False,Trader Joe's,amit_kumar,Amit Kumar
c5edc4e3-e39,2024-09-14,Property Mgmt - Optimized optimal initiative,870.2,Housing,credit,-7813.72,False,Property Mgmt,rajesh_sharma,Rajesh Sharma
2fd7b6a6-414,2024-09-14,Water Dept - Reverse-engineered fresh-thinking hub,410.65,Utilities,checking,-56818.77,False,Water Dept,tanishka_dhanwan,Tanishka Dhanwan
65999984-e90,2024-09-14,Netflix - Digitized next generation support,301.85,Entertainment,savings,-15823.47,False,Netflix,tanishka_dhanwan,Tanishka Dhanwan
b8769040-5ef,2024-09-14,AMC Theaters - Reverse-engineered human-resource encoding,188.93,Entertainment,checking,6102.13,False,AMC Theaters,tanishka_dhanwan,Tanishka Dhanwan
9d3616cc-917,2024-09-14,CVS Pharmacy - Enhanced fresh-thinking approach,158.61,Healthcare,savings,-72322.93,False,CVS Pharmacy,rajesh_sharma,Rajesh Sharma
71d5c218-963,2024-09-14,HOA Fees - Configurable client-server product,1841.09,Housing,checking,6164.15,False,HOA Fees,tanishka_dhanwan,Tanishka Dhanwan
1f9ca6aa-5d2,2024-09-15,AMC Theaters - Optimized incremental installation,358.53,Entertainment,checking,-3801.7,False,AMC Theaters,amit_kumar,Amit Kumar
b66a8ec8-6ac,2024-09-15,Cloud Storage - Function-based 4thgeneration array,60.54,Subscriptions,credit,-38705.89,False,Cloud Storage,rajesh_sharma,Rajesh Sharma
f1da4087-e21,2024-09-15,AMC Theaters - User-friendly systemic task-force,201.19,Entertainment,checking,5245.39,False,AMC Theaters,amit_kumar,Amit Kumar
2e760a68-3cc,2024-09-15,Best Buy - Quality-focused clear-thinking success,224.07,Shopping,credit,-9034.5,False,Best Buy,rajesh_sharma,Rajesh Sharma
faf57601-669,2024-09-15,Whole Foods - Cross-group executive task-force,56.29,Groceries,checking,-4412.73,False,Whole Foods,priya_singh,Priya Singh
623f3861-f2c,2024-09-15,Shell Gas - Balanced modular definition,138.86,Transportation,savings,7391.84,False,Shell Gas,amit_kumar,Amit Kumar
ae8afdf0-b13,2024-09-15,Delta Airlines - Visionary bi-directional orchestration,70.74,Travel,savings,-64699.15,False,Delta Airlines,rajesh_sharma,Rajesh Sharma
0ae4121e-b41,2024-09-15,Property Mgmt - Assimilated foreground attitude,1640.76,Housing,checking,-29971.1,False,Property Mgmt,rajesh_sharma,Rajesh Sharma
bf996e18-508,2024-09-15,Misc Purchase - Cloned bottom-line focus group,159.86,Other,checking,-70952.23,False,Misc Purchase,priya_singh,Priya Singh
55694130-7b1,2024-09-15,Internet Provider - Automated optimal hierarchy,195.05,Utilities,checking,-14225.7,False,Internet Provider,rajesh_sharma,Rajesh Sharma
40be6b33-a4c,2024-09-15,Netflix - Up-sized leadingedge time-frame,197.49,Entertainment,checking,-62933.63,False,Netflix,tanishka_dhanwan,Tanishka Dhanwan
af3993c3-58c,2024-09-15,Water Dept - Switchable mission-critical moderator,94.3,Utilities,savings,-23381.77,False,Water Dept,rajesh_sharma,Rajesh Sharma
2b948995-e18,2024-09-15,State Farm - User-friendly maximized matrix,16.58,Insurance,credit,-53301.94,False,State Farm,amit_kumar,Amit Kumar
18d7d48c-259,2024-09-15,McDonald's - Decentralized zero administration knowledge user,54.29,Dining,savings,16154.45,False,McDonald's,priya_singh,Priya Singh
1b23efa3-3d7,2024-09-15,Parking Co - Polarized even-keeled success,49.57,Transportation,savings,-778.86,False,Parking Co,rajesh_sharma,Rajesh Sharma
22a39b1d-cb6,2024-09-15,Uber - Customer-focused explicit instruction set,365.63,Transportation,savings,-48264.7,False,Uber,rajesh_sharma,Rajesh Sharma
587f2f26-804,2024-09-15,Cloud Storage - Business-focused hybrid middleware,231.41,Subscriptions,credit,-47104.24,False,Cloud Storage,rajesh_sharma,Rajesh Sharma
7713e738-688,2024-09-15,Property Mgmt - Extended 6thgeneration approach,1463.13,Housing,savings,-57707.45,False,Property Mgmt,rajesh_sharma,Rajesh Sharma
f1d76baa-82e,2024-09-15,Marriott - Cross-group intermediate budgetary management,155.45,Travel,credit,-74594.46,False,Marriott,rajesh_sharma,Rajesh Sharma
d197f445-3b0,2024-09-15,Adobe - Self-enabling bandwidth-monitored algorithm,286.99,Subscriptions,credit,-39559.36,False,Adobe,amit_kumar,Amit Kumar
f035791f-939,2024-09-15,Gym Membership - Up-sized intermediate hub,108.06,Subscriptions,savings,-22061.93,False,Gym Membership,amit_kumar,Amit Kumar
b2c51db8-2cd,2024-09-16,Electric Co - Optimized client-driven Local Area Network,151.42,Utilities,checking,-13540.59,False,Electric Co,rajesh_sharma,Rajesh Sharma
190e5214-ce4,2024-09-16,Chipotle - Expanded optimal product,198.26,Dining,credit,-74261.57,False,Chipotle,amit_kumar,Amit Kumar
8a2d4369-290,2024-09-16,Property Mgmt - Business-focused interactive methodology,1106.08,Housing,savings,-23537.56,False,Property Mgmt,amit_kumar,Amit Kumar
e40ff1ee-5c9,2024-09-16,Health Ins Co - Realigned human-resource model,298.19,Insurance,checking,-51206.22,False,Health Ins Co,priya_singh,Priya Singh
80aba9d6-e8d,2024-09-16,Adobe - Compatible encompassing time-frame,354.65,Subscriptions,savings,12335.98,False,Adobe,priya_singh,Priya Singh
003d4396-e4c,2024-09-16,Whole Foods - Ameliorated system-worthy implementation,99.54,Groceries,savings,19362.79,False,Whole Foods,priya_singh,Priya Singh
9e420e0d-8e1,2024-09-16,Student Loan - Managed multi-state utilization,297.37,Debt Payment,checking,2026.71,False,Student Loan,amit_kumar,Amit Kumar
ebea5cfd-84d,2024-09-16,Shell Gas - Pre-emptive didactic parallelism,348.51,Transportation,checking,-68826.37,False,Shell Gas,priya_singh,Priya Singh
549cb2cf-a61,2024-09-16,Target - Adaptive web-enabled adapter,457.11,Shopping,savings,-26062.94,False,Target,rajesh_sharma,Rajesh Sharma
34e750a2-52b,2024-09-16,Payroll - Hickman PLC,3078.18,Income,savings,4950.63,True,Hickman PLC,rajesh_sharma,Rajesh Sharma
2e4a2df6-e51,2024-09-16,Spotify - Compatible multimedia core,235.47,Entertainment,credit,-5272.21,False,Spotify,amit_kumar,Amit Kumar
0ae26972-574,2024-09-16,Electric Co - Up-sized real-time forecast,175.2,Utilities,checking,-49629.66,False,Electric Co,rajesh_sharma,Rajesh Sharma
27d158d0-b6d,2024-09-17,Payroll - Smith-James,3035.7,Income,credit,-61537.38,True,Smith-James,amit_kumar,Amit Kumar
8c6f5fb6-f9e,2024-09-17,Spotify - Synergized global knowledgebase,363.24,Entertainment,savings,28922.4,False,Spotify,priya_singh,Priya Singh
9f7add08-21a,2024-09-17,Chipotle - Sharable grid-enabled matrices,319.61,Dining,savings,-35541.11,False,Chipotle,tanishka_dhanwan,Tanishka Dhanwan
c213b574-bb5,2024-09-17,Property Mgmt - Enterprise-wide secondary forecast,2181.56,Housing,credit,-76933.81,False,Property Mgmt,amit_kumar,Amit Kumar
70743e5f-d33,2024-09-17,Spotify - De-engineered user-facing instruction set,62.09,Entertainment,checking,-23414.74,False,Spotify,rajesh_sharma,Rajesh Sharma
d085eba0-bfb,2024-09-17,Starbucks - Open-architected hybrid infrastructure,160.02,Dining,checking,-3096.98,False,Starbucks,tanishka_dhanwan,Tanishka Dhanwan
d0fddf6d-0fe,2024-09-17,Costco - Operative composite task-force,30.77,Groceries,checking,-67736.58,False,Costco,priya_singh,Priya Singh
9cb3c21b-c38,2024-09-17,"Payroll - Wolfe, Sullivan and Jensen",2602.93,Income,savings,-25116.07,True,"Wolfe, Sullivan and Jensen",amit_kumar,Amit Kumar
f0fb5865-b35,2024-09-17,Costco - Configurable methodical customer loyalty,26.48,Groceries,savings,-31257.15,False,Costco,tanishka_dhanwan,Tanishka Dhanwan
f0eb4ded-952,2024-09-17,Starbucks - Intuitive real-time framework,61.73,Dining,credit,-6510.74,False,Starbucks,amit_kumar,Amit Kumar
43673b2e-2be,2024-09-17,Payroll - Abbott Inc,3570.62,Income,savings,8619.39,True,Abbott Inc,amit_kumar,Amit Kumar
7b06d7a6-72c,2024-09-17,Adobe - Switchable actuating focus group,110.75,Subscriptions,savings,-3862.19,False,Adobe,tanishka_dhanwan,Tanishka Dhanwan
efaee9ec-4dc,2024-09-17,Walmart - Enterprise-wide holistic product,399.16,Groceries,savings,-9467.46,False,Walmart,priya_singh,Priya Singh
c1c31258-17c,2024-09-17,Credit Card Payment - De-engineered systemic framework,458.95,Debt Payment,savings,17018.2,False,Credit Card Payment,amit_kumar,Amit Kumar
929133e1-d27,2024-09-17,Whole Foods - Persevering bottom-line capacity,51.2,Groceries,checking,3669.86,False,Whole Foods,tanishka_dhanwan,Tanishka Dhanwan
561cf436-b6f,2024-09-17,Netflix - Optional incremental focus group,26.08,Entertainment,checking,906.77,False,Netflix,amit_kumar,Amit Kumar
d88a3908-b0e,2024-09-17,Water Dept - User-centric leadingedge neural-net,466.66,Utilities,checking,-9053.06,False,Water Dept,rajesh_sharma,Rajesh Sharma
ba9bf556-ade,2024-09-17,Health Ins Co - Centralized zero administration array,119.43,Insurance,savings,-27054.38,False,Health Ins Co,rajesh_sharma,Rajesh Sharma
6a106f7d-3ca,2024-09-17,Health Ins Co - Open-source 6thgeneration moratorium,256.45,Insurance,checking,-53999.36,False,Health Ins Co,tanishka_dhanwan,Tanishka Dhanwan
51511954-a87,2024-09-18,Internet Provider - Programmable executive hub,142.21,Utilities,checking,3373.06,False,Internet Provider,amit_kumar,Amit Kumar
4753b498-bdf,2024-09-18,Spotify - Robust fault-tolerant structure,284.0,Entertainment,credit,1249.32,False,Spotify,priya_singh,Priya Singh
3cdc8458-8e1,2024-09-18,Rent Payment - Advanced exuding instruction set,1562.5,Housing,credit,-7375.54,False,Rent Payment,priya_singh,Priya Singh
33235d2d-330,2024-09-18,Starbucks - Horizontal even-keeled interface,329.55,Dining,credit,-73966.95,False,Starbucks,amit_kumar,Amit Kumar
a418b2b4-5af,2024-09-18,Gym Membership - Progressive intangible projection,414.4,Subscriptions,checking,-28972.18,False,Gym Membership,amit_kumar,Amit Kumar
3c4f2c17-348,2024-09-18,Costco - Seamless solution-oriented flexibility,252.73,Groceries,checking,-52776.67,False,Costco,priya_singh,Priya Singh
5cd42d36-2d5,2024-09-18,Trader Joe's - Organized user-facing collaboration,369.43,Groceries,savings,-29598.55,False,Trader Joe's,tanishka_dhanwan,Tanishka Dhanwan
708236d8-e8c,2024-09-18,Local Bistro - Balanced 3rdgeneration open system,51.04,Dining,savings,-7694.65,False,Local Bistro,tanishka_dhanwan,Tanishka Dhanwan
da9b1078-944,2024-09-18,Credit Card Payment - Programmable foreground Internet solution,280.11,Debt Payment,checking,3495.8,False,Credit Card Payment,amit_kumar,Amit Kumar
a9d486a0-5aa,2024-09-18,ATM Withdrawal - Fundamental high-level infrastructure,293.87,Other,savings,-2126.51,False,ATM Withdrawal,priya_singh,Priya Singh
75ef455d-c34,2024-09-18,Online Course - Diverse even-keeled budgetary management,77.33,Education,credit,-57901.0,False,Online Course,priya_singh,Priya Singh
311cff79-63d,2024-09-18,Gym Membership - Optimized hybrid conglomeration,428.41,Subscriptions,credit,-58577.79,False,Gym Membership,priya_singh,Priya Singh
e415bb2d-634,2024-09-19,Uber - Grass-roots next generation hardware,398.8,Transportation,savings,-23384.69,False,Uber,tanishka_dhanwan,Tanishka Dhanwan
c57d4fa5-439,2024-09-19,Rent Payment - Diverse fresh-thinking strategy,1211.95,Housing,checking,-34450.03,False,Rent Payment,rajesh_sharma,Rajesh Sharma
e2877a34-dda,2024-09-19,Property Mgmt - Optimized hybrid workforce,2096.73,Housing,checking,-58110.54,False,Property Mgmt,tanishka_dhanwan,Tanishka Dhanwan
96f67507-28f,2024-09-19,Property Mgmt - Synergistic didactic migration,1427.59,Housing,credit,-17657.38,False,Property Mgmt,rajesh_sharma,Rajesh Sharma
4bd9e609-567,2024-09-19,Metro Transit - Front-line asynchronous time-frame,327.69,Transportation,savings,4973.85,False,Metro Transit,amit_kumar,Amit Kumar
208b24a5-8bb,2024-09-19,Spotify - Vision-oriented actuating projection,109.81,Entertainment,credit,-48105.73,False,Spotify,rajesh_sharma,Rajesh Sharma
f486da29-5e0,2024-09-19,CVS Pharmacy - Advanced tangible Graphical User Interface,277.74,Healthcare,credit,-72578.72,False,CVS Pharmacy,rajesh_sharma,Rajesh Sharma
09fa421a-8d1,2024-09-19,Gym Membership - Stand-alone human-resource collaboration,68.85,Subscriptions,savings,21959.68,False,Gym Membership,priya_singh,Priya Singh
bbc77923-3e3,2024-09-19,Student Loan - Persevering full-range framework,449.29,Debt Payment,checking,-51195.51,False,Student Loan,amit_kumar,Amit Kumar
057c4509-f6d,2024-09-19,Rent Payment - Pre-emptive object-oriented toolset,1747.89,Housing,savings,-44469.38,False,Rent Payment,rajesh_sharma,Rajesh Sharma
a1c33f84-bfa,2024-09-19,Netflix - Realigned local website,349.56,Entertainment,savings,-15761.81,False,Netflix,amit_kumar,Amit Kumar
5a22fec0-5f5,2024-09-19,Property Mgmt - Distributed content-based throughput,1509.22,Housing,credit,-52146.99,False,Property Mgmt,tanishka_dhanwan,Tanishka Dhanwan
4cf4016a-aae,2024-09-19,Rent Payment - Reverse-engineered fault-tolerant concept,1628.96,Housing,savings,10401.42,False,Rent Payment,priya_singh,Priya Singh
1ad2d636-184,2024-09-19,Student Loan - Managed scalable array,329.87,Debt Payment,credit,-73282.83,False,Student Loan,amit_kumar,Amit Kumar
b82df92e-97f,2024-09-20,"Payroll - Cabrera, Cooper and Reeves",4018.23,Income,checking,2231.37,True,"Cabrera, Cooper and Reeves",priya_singh,Priya Singh
fe1496c2-82e,2024-09-20,Whole Foods - Switchable mobile adapter,198.71,Groceries,savings,-30226.63,False,Whole Foods,rajesh_sharma,Rajesh Sharma
8cf31ba3-441,2024-09-20,Metro Transit - Automated modular middleware,186.59,Transportation,checking,-20726.7,False,Metro Transit,tanishka_dhanwan,Tanishka Dhanwan
ddc5f1a0-eab,2024-09-20,Amazon - Persevering high-level groupware,98.27,Shopping,checking,-55580.18,False,Amazon,tanishka_dhanwan,Tanishka Dhanwan
750f3ba5-382,2024-09-20,Netflix - Adaptive foreground migration,5.63,Entertainment,savings,-29175.11,False,Netflix,tanishka_dhanwan,Tanishka Dhanwan
d4543a50-329,2024-09-20,Walmart - Multi-channeled zero tolerance architecture,456.11,Groceries,savings,-8000.28,False,Walmart,rajesh_sharma,Rajesh Sharma
73ad8b0b-bf7,2024-09-20,Property Mgmt - Team-oriented leadingedge groupware,1269.02,Housing,savings,-22157.69,False,Property Mgmt,tanishka_dhanwan,Tanishka Dhanwan
3fbd02be-c3d,2024-09-20,Payroll - Rush-Bailey,1855.53,Income,credit,-3881.02,True,Rush-Bailey,amit_kumar,Amit Kumar
469b4336-6c1,2024-09-20,Expedia - Implemented explicit concept,82.91,Travel,checking,-57012.55,False,Expedia,priya_singh,Priya Singh
a8fb7bed-bda,2024-09-20,Shell Gas - Vision-oriented composite archive,190.09,Transportation,credit,-53006.24,False,Shell Gas,rajesh_sharma,Rajesh Sharma
0a093ebc-3aa,2024-09-20,Payroll - Dalton Inc,3503.15,Income,checking,-67708.1,True,Dalton Inc,priya_singh,Priya Singh
3f0af96a-d08,2024-09-20,Payroll - Davis-Ortiz,2598.88,Income,credit,-1369.55,True,Davis-Ortiz,amit_kumar,Amit Kumar
7800e0c1-7c7,2024-09-20,State Farm - Ergonomic dedicated solution,191.1,Insurance,savings,-30126.85,False,State Farm,tanishka_dhanwan,Tanishka Dhanwan
4d91451f-e94,2024-09-20,Internet Provider - Business-focused heuristic access,204.14,Utilities,credit,-59471.12,False,Internet Provider,rajesh_sharma,Rajesh Sharma
adcf4882-e29,2024-09-20,HOA Fees - Multi-lateral 6thgeneration algorithm,1635.42,Housing,savings,4208.53,False,HOA Fees,amit_kumar,Amit Kumar
dc276c7f-fda,2024-09-20,Tuition - Seamless regional middleware,214.17,Education,checking,-55096.33,False,Tuition,tanishka_dhanwan,Tanishka Dhanwan
69e05333-259,2024-09-20,Shell Gas - Configurable well-modulated interface,220.55,Transportation,savings,-25362.23,False,Shell Gas,amit_kumar,Amit Kumar
7ce5be1c-df4,2024-09-20,Payroll - Neal-Madden,2901.81,Income,checking,14493.6,True,Neal-Madden,amit_kumar,Amit Kumar
83a21c8f-47e,2024-09-21,Adobe - Persistent local alliance,152.9,Subscriptions,credit,-46978.84,False,Adobe,rajesh_sharma,Rajesh Sharma
43f776db-d12,2024-09-21,Rent Payment - Cross-platform heuristic leverage,1119.13,Housing,credit,-75468.48,False,Rent Payment,amit_kumar,Amit Kumar
3869a051-4c9,2024-09-21,Metro Transit - Multi-layered exuding frame,209.58,Transportation,savings,-19199.02,False,Metro Transit,tanishka_dhanwan,Tanishka Dhanwan
5dc9ff0e-d54,2024-09-21,"Payroll - Roberts, Hughes and Cole",3375.97,Income,savings,-21561.2,True,"Roberts, Hughes and Cole",rajesh_sharma,Rajesh Sharma
77e9324c-226,2024-09-21,Property Mgmt - Assimilated optimizing utilization,2098.98,Housing,credit,-1596.86,False,Property Mgmt,tanishka_dhanwan,Tanishka Dhanwan
ce514e1d-bd1,2024-09-21,Spotify - Robust even-keeled workforce,260.12,Entertainment,checking,-50915.7,False,Spotify,tanishka_dhanwan,Tanishka Dhanwan
a67867fc-00d,2024-09-21,Internet Provider - Stand-alone web-enabled hardware,457.08,Utilities,checking,-22135.91,False,Internet Provider,priya_singh,Priya Singh
8b8e5bfb-e90,2024-09-21,"Payroll - Fischer, Johnson and Orr",2287.18,Income,credit,-35113.75,True,"Fischer, Johnson and Orr",tanishka_dhanwan,Tanishka Dhanwan
e5a6071b-576,2024-09-21,AMC Theaters - Compatible dedicated challenge,235.96,Entertainment,savings,-63428.71,False,AMC Theaters,rajesh_sharma,Rajesh Sharma
13295a82-e37,2024-09-21,Parking Co - Fundamental 5thgeneration budgetary management,309.61,Transportation,checking,-56408.12,False,Parking Co,tanishka_dhanwan,Tanishka Dhanwan
9f91b298-14c,2024-09-21,Uber - Up-sized logistical focus group,338.12,Transportation,credit,-34485.57,False,Uber,tanishka_dhanwan,Tanishka Dhanwan
249edf60-393,2024-09-21,Whole Foods - Up-sized needs-based interface,167.03,Groceries,credit,-67467.38,False,Whole Foods,rajesh_sharma,Rajesh Sharma
c3947f08-d18,2024-09-22,Online Course - Future-proofed full-range framework,26.0,Education,checking,-33926.06,False,Online Course,rajesh_sharma,Rajesh Sharma
a9a650fd-e5d,2024-09-22,Whole Foods - Enhanced upward-trending info-mediaries,173.32,Groceries,credit,-35829.47,False,Whole Foods,tanishka_dhanwan,Tanishka Dhanwan
5db570da-bbb,2024-09-22,"Payroll - Hampton, Knapp and Salas",2147.7,Income,savings,-23287.47,True,"Hampton, Knapp and Salas",rajesh_sharma,Rajesh Sharma
9ea8692c-201,2024-09-22,Netflix - Expanded reciprocal portal,86.48,Entertainment,savings,7775.51,False,Netflix,tanishka_dhanwan,Tanishka Dhanwan
6ca7dd46-77b,2024-09-22,Payroll - Bryant and Sons,3871.53,Income,checking,-6110.46,True,Bryant and Sons,priya_singh,Priya Singh
8d0791aa-017,2024-09-22,Payroll - Montes-Webster,3437.46,Income,savings,17655.8,True,Montes-Webster,amit_kumar,Amit Kumar
5f3534cf-84d,2024-09-22,Trader Joe's - Sharable impactful hierarchy,120.84,Groceries,savings,-11986.62,False,Trader Joe's,rajesh_sharma,Rajesh Sharma
2f6e19e8-67c,2024-09-22,CVS Pharmacy - Switchable high-level benchmark,251.49,Healthcare,checking,-33526.62,False,CVS Pharmacy,priya_singh,Priya Singh
019ce299-988,2024-09-22,Rent Payment - Customizable bandwidth-monitored encoding,985.78,Housing,checking,-19890.96,False,Rent Payment,rajesh_sharma,Rajesh Sharma
4e2f24cd-eb8,2024-09-22,Student Loan - Self-enabling heuristic flexibility,217.19,Debt Payment,savings,-8717.43,False,Student Loan,priya_singh,Priya Singh
65d8907f-891,2024-09-22,Amazon - Customizable solution-oriented alliance,426.45,Shopping,savings,-31716.22,False,Amazon,tanishka_dhanwan,Tanishka Dhanwan
7ab75f4c-09a,2024-09-22,Marriott - Enhanced client-server process improvement,313.2,Travel,credit,-45763.24,False,Marriott,tanishka_dhanwan,Tanishka Dhanwan
22bd15ef-0ec,2024-09-22,Misc Purchase - Cross-platform radical project,100.16,Other,savings,7836.9,False,Misc Purchase,priya_singh,Priya Singh
e7f3f729-d34,2024-09-22,HOA Fees - Managed systematic functionalities,1022.29,Housing,credit,-31182.3,False,HOA Fees,tanishka_dhanwan,Tanishka Dhanwan
d92c2368-2fb,2024-09-22,Metro Transit - Inverse clear-thinking frame,414.83,Transportation,savings,-21610.01,False,Metro Transit,tanishka_dhanwan,Tanishka Dhanwan
bbf19366-fd2,2024-09-22,State Farm - Multi-lateral system-worthy service-desk,178.78,Insurance,checking,4045.83,False,State Farm,amit_kumar,Amit Kumar
9df96a7c-2b5,2024-09-22,Adobe - Pre-emptive next generation task-force,32.43,Subscriptions,checking,-17980.75,False,Adobe,rajesh_sharma,Rajesh Sharma
b9d1e910-e25,2024-09-23,Trader Joe's - Multi-tiered object-oriented help-desk,230.39,Groceries,credit,-52806.66,False,Trader Joe's,rajesh_sharma,Rajesh Sharma
d4cbb2ee-77e,2024-09-23,Uber - Profit-focused multimedia array,43.83,Transportation,credit,-30699.34,False,Uber,priya_singh,Priya Singh
a046544c-63a,2024-09-23,Netflix - Realigned dynamic orchestration,250.68,Entertainment,checking,-29447.31,False,Netflix,rajesh_sharma,Rajesh Sharma
0c309ae6-c29,2024-09-23,Rent Payment - Networked holistic challenge,1823.02,Housing,checking,-66149.28,False,Rent Payment,priya_singh,Priya Singh
ddb521cb-6bb,2024-09-23,Property Mgmt - Programmable heuristic portal,1533.28,Housing,savings,-18723.78,False,Property Mgmt,amit_kumar,Amit Kumar
691c6774-073,2024-09-23,CVS Pharmacy - Realigned web-enabled access,497.37,Healthcare,credit,-82925.32,False,CVS Pharmacy,priya_singh,Priya Singh
f4bc3f88-ec8,2024-09-23,Spotify - Face-to-face contextually-based interface,418.5,Entertainment,savings,-7295.93,False,Spotify,priya_singh,Priya Singh
c5420ff6-c5f,2024-09-23,Whole Foods - Extended logistical definition,219.48,Groceries,credit,-59361.83,False,Whole Foods,amit_kumar,Amit Kumar
b57baf4b-092,2024-09-23,Cloud Storage - Synergized foreground framework,235.98,Subscriptions,credit,-63800.85,False,Cloud Storage,priya_singh,Priya Singh
a297e8bb-1bd,2024-09-23,Rent Payment - Progressive high-level architecture,1535.55,Housing,credit,-48585.29,False,Rent Payment,rajesh_sharma,Rajesh Sharma
40bccbab-4e0,2024-09-23,Metro Transit - Monitored fault-tolerant solution,439.05,Transportation,checking,4898.94,False,Metro Transit,amit_kumar,Amit Kumar
5200c085-c6f,2024-09-23,Property Mgmt - Sharable non-volatile Internet solution,1754.83,Housing,savings,34359.15,False,Property Mgmt,priya_singh,Priya Singh
4cf91dcb-e1c,2024-09-23,State Farm - Front-line local system engine,353.54,Insurance,credit,-60015.27,False,State Farm,rajesh_sharma,Rajesh Sharma
8829e953-4f4,2024-09-23,Student Loan - Monitored reciprocal website,406.4,Debt Payment,checking,-29515.47,False,Student Loan,priya_singh,Priya Singh
c2ece108-e29,2024-09-23,Credit Card Payment - Robust needs-based ability,287.73,Debt Payment,savings,26562.18,False,Credit Card Payment,priya_singh,Priya Singh
8d99f8f6-674,2024-09-23,McDonald's - Streamlined mobile orchestration,341.25,Dining,savings,8122.06,False,McDonald's,priya_singh,Priya Singh
ae4d21e6-64d,2024-09-23,Health Ins Co - Centralized high-level utilization,37.65,Insurance,credit,-311.76,False,Health Ins Co,tanishka_dhanwan,Tanishka Dhanwan
0e315546-df4,2024-09-23,Whole Foods - Streamlined well-modulated software,394.55,Groceries,savings,11196.16,False,Whole Foods,priya_singh,Priya Singh
c2d9c012-74c,2024-09-23,City Hospital - Face-to-face fresh-thinking flexibility,353.87,Healthcare,credit,-74063.31,False,City Hospital,amit_kumar,Amit Kumar
fec60cfe-152,2024-09-23,Costco - Automated empowering instruction set,172.19,Groceries,credit,-39396.68,False,Costco,tanishka_dhanwan,Tanishka Dhanwan
794805f1-f1b,2024-09-23,Electric Co - Phased multi-state knowledgebase,368.98,Utilities,credit,-53464.38,False,Electric Co,rajesh_sharma,Rajesh Sharma
a14f9f54-5b8,2024-09-23,Walmart - Expanded local function,31.94,Groceries,savings,-63631.33,False,Walmart,rajesh_sharma,Rajesh Sharma
9f4e171a-df3,2024-09-23,Rent Payment - Exclusive contextually-based implementation,811.36,Housing,credit,-2328.43,False,Rent Payment,amit_kumar,Amit Kumar
02aff459-79e,2024-09-24,Amazon - Phased object-oriented encoding,25.72,Shopping,checking,-2667.91,False,Amazon,priya_singh,Priya Singh
aa0ff393-14f,2024-09-24,Internet Provider - Visionary tertiary function,319.23,Utilities,savings,10180.58,False,Internet Provider,amit_kumar,Amit Kumar
2be8ed32-c3e,2024-09-24,Best Buy - Automated user-facing protocol,182.46,Shopping,savings,6268.06,False,Best Buy,amit_kumar,Amit Kumar
2f554888-93b,2024-09-24,HOA Fees - Robust directional matrix,2187.38,Housing,credit,-25052.95,False,HOA Fees,rajesh_sharma,Rajesh Sharma
fa8e59da-111,2024-09-24,Electric Co - Re-engineered 24hour firmware,284.01,Utilities,credit,-35663.31,False,Electric Co,priya_singh,Priya Singh
e4a1809a-1f2,2024-09-24,Target - Ergonomic background pricing structure,84.14,Shopping,checking,2516.28,False,Target,amit_kumar,Amit Kumar
5de91546-d64,2024-09-24,State Farm - Persevering foreground system engine,396.42,Insurance,credit,-7297.14,False,State Farm,rajesh_sharma,Rajesh Sharma
bbf6294a-6a3,2024-09-24,State Farm - Multi-layered logistical artificial intelligence,342.05,Insurance,credit,-33269.15,False,State Farm,tanishka_dhanwan,Tanishka Dhanwan
f857abad-c3a,2024-09-24,HOA Fees - Switchable heuristic Graphical User Interface,864.99,Housing,checking,-10181.32,False,HOA Fees,amit_kumar,Amit Kumar
1dd34df7-339,2024-09-24,ATM Withdrawal - Ergonomic incremental open architecture,323.71,Other,credit,-53033.9,False,ATM Withdrawal,priya_singh,Priya Singh
2294cc56-b2c,2024-09-24,Metro Transit - Synergized multi-tasking array,306.46,Transportation,checking,-26878.87,False,Metro Transit,rajesh_sharma,Rajesh Sharma
d94b3ea1-78a,2024-09-24,Whole Foods - Optional client-driven firmware,155.27,Groceries,savings,-24537.18,False,Whole Foods,rajesh_sharma,Rajesh Sharma
6b334010-159,2024-09-24,Tuition - De-engineered radical software,74.72,Education,credit,-12951.65,False,Tuition,amit_kumar,Amit Kumar
c9d8c225-5bb,2024-09-24,AMC Theaters - Right-sized 24hour focus group,86.1,Entertainment,checking,-23165.64,False,AMC Theaters,rajesh_sharma,Rajesh Sharma
55e50379-13f,2024-09-24,Starbucks - Focused multi-state project,79.42,Dining,checking,-70707.83,False,Starbucks,priya_singh,Priya Singh
d5825571-b94,2024-09-24,Tuition - Self-enabling systematic moratorium,33.65,Education,savings,-9357.17,False,Tuition,tanishka_dhanwan,Tanishka Dhanwan
4f1697b3-f2e,2024-09-24,HOA Fees - Streamlined solution-oriented archive,1632.23,Housing,credit,-37115.32,False,HOA Fees,amit_kumar,Amit Kumar
a04256ee-804,2024-09-24,HOA Fees - Implemented eco-centric info-mediaries,904.3,Housing,savings,-29879.14,False,HOA Fees,tanishka_dhanwan,Tanishka Dhanwan
72385d02-eda,2024-09-24,City Hospital - Advanced zero administration framework,339.62,Healthcare,savings,3038.63,False,City Hospital,amit_kumar,Amit Kumar
b3dd36e2-e47,2024-09-25,Costco - Intuitive bottom-line methodology,357.54,Groceries,savings,20328.71,False,Costco,priya_singh,Priya Singh
6c1e1212-afa,2024-09-25,Parking Co - Proactive responsive intranet,486.28,Transportation,credit,-41634.42,False,Parking Co,rajesh_sharma,Rajesh Sharma
5da8fbb6-4eb,2024-09-25,ATM Withdrawal - Multi-channeled zero administration analyzer,427.4,Other,savings,14272.78,False,ATM Withdrawal,amit_kumar,Amit Kumar
601f9e4f-04d,2024-09-25,Payroll - Rhodes-Young,4105.0,Income,savings,-4191.64,True,Rhodes-Young,rajesh_sharma,Rajesh Sharma
8630315c-674,2024-09-25,Starbucks - Integrated bi-directional paradigm,333.86,Dining,savings,1872.45,False,Starbucks,rajesh_sharma,Rajesh Sharma
99244d8d-2a7,2024-09-25,Trader Joe's - Sharable bottom-line strategy,357.34,Groceries,checking,-58768.66,False,Trader Joe's,priya_singh,Priya Singh
4b48c4d9-41c,2024-09-25,Cloud Storage - Inverse systematic migration,452.27,Subscriptions,credit,-46749.97,False,Cloud Storage,priya_singh,Priya Singh
08cd02ec-393,2024-09-25,Netflix - Pre-emptive asynchronous orchestration,293.84,Entertainment,credit,-34507.69,False,Netflix,rajesh_sharma,Rajesh Sharma
ff1e59d3-612,2024-09-25,Health Ins Co - Ergonomic tertiary portal,146.02,Insurance,credit,-60141.12,False,Health Ins Co,amit_kumar,Amit Kumar
eb34f463-be5,2024-09-25,Best Buy - Programmable bifurcated ability,217.84,Shopping,savings,-8643.85,False,Best Buy,priya_singh,Priya Singh
be90feb0-110,2024-09-25,Adobe - Ergonomic tangible encoding,57.97,Subscriptions,savings,-5199.22,False,Adobe,rajesh_sharma,Rajesh Sharma
c9415eca-64d,2024-09-25,Rent Payment - Inverse next generation attitude,870.09,Housing,credit,-63325.34,False,Rent Payment,priya_singh,Priya Singh
73fa56de-1a9,2024-09-25,HOA Fees - Proactive value-added orchestration,1750.92,Housing,checking,-53292.08,False,HOA Fees,tanishka_dhanwan,Tanishka Dhanwan
9d5e31dd-7d7,2024-09-26,Payroll - Marshall-Patterson,2416.44,Income,checking,639.46,True,Marshall-Patterson,amit_kumar,Amit Kumar
a2b090e8-477,2024-09-26,Spotify - Balanced asynchronous core,75.33,Entertainment,credit,-73476.23,False,Spotify,rajesh_sharma,Rajesh Sharma
45ceffc1-ef2,2024-09-26,"Payroll - Kaiser, Walton and Wang",2897.82,Income,checking,-56055.35,True,"Kaiser, Walton and Wang",tanishka_dhanwan,Tanishka Dhanwan
94cb9b8f-619,2024-09-26,Gym Membership - Intuitive bottom-line analyzer,68.74,Subscriptions,credit,-75531.64,False,Gym Membership,amit_kumar,Amit Kumar
f40dd995-c87,2024-09-26,Adobe - Future-proofed intangible conglomeration,147.52,Subscriptions,credit,-1517.07,False,Adobe,amit_kumar,Amit Kumar
83108bf0-0fd,2024-09-26,State Farm - Horizontal secondary knowledgebase,432.01,Insurance,savings,-1697.21,False,State Farm,amit_kumar,Amit Kumar
fe6094b2-a08,2024-09-26,AMC Theaters - Visionary holistic migration,450.11,Entertainment,savings,13660.25,False,AMC Theaters,priya_singh,Priya Singh
f5a04329-382,2024-09-26,Trader Joe's - User-centric upward-trending approach,195.74,Groceries,checking,-40710.92,False,Trader Joe's,rajesh_sharma,Rajesh Sharma
d242ec16-c7c,2024-09-26,McDonald's - Visionary optimizing superstructure,277.95,Dining,credit,-30655.51,False,McDonald's,priya_singh,Priya Singh
5f93ff91-a52,2024-09-26,Misc Purchase - Innovative user-facing groupware,295.15,Other,savings,-8223.27,False,Misc Purchase,tanishka_dhanwan,Tanishka Dhanwan
7a026a2d-f94,2024-09-26,Rent Payment - User-centric upward-trending database,1880.71,Housing,checking,-22949.04,False,Rent Payment,tanishka_dhanwan,Tanishka Dhanwan
30b09b15-728,2024-09-26,Cloud Storage - Realigned coherent array,425.66,Subscriptions,checking,375.37,False,Cloud Storage,tanishka_dhanwan,Tanishka Dhanwan
6480c9e1-0f6,2024-09-26,Credit Card Payment - Implemented encompassing middleware,102.06,Debt Payment,credit,-36438.49,False,Credit Card Payment,tanishka_dhanwan,Tanishka Dhanwan
201f426d-7c8,2024-09-26,Local Bistro - Front-line 24hour access,292.58,Dining,credit,-8942.43,False,Local Bistro,priya_singh,Priya Singh
1942bdfc-15c,2024-09-26,McDonald's - Enterprise-wide even-keeled focus group,189.31,Dining,savings,-63070.57,False,McDonald's,rajesh_sharma,Rajesh Sharma
43b60082-d15,2024-09-26,HOA Fees - Up-sized empowering concept,909.3,Housing,checking,-52878.57,False,HOA Fees,rajesh_sharma,Rajesh Sharma
0d5f2b50-11a,2024-09-26,Property Mgmt - Focused bandwidth-monitored strategy,840.25,Housing,savings,-1535.35,False,Property Mgmt,tanishka_dhanwan,Tanishka Dhanwan
0cd0a700-75a,2024-09-26,"Payroll - Bowman, Moore and Fuller",3408.34,Income,credit,-34906.27,True,"Bowman, Moore and Fuller",tanishka_dhanwan,Tanishka Dhanwan
c96c4ecd-1b8,2024-09-26,Adobe - Function-based next generation archive,221.26,Subscriptions,checking,-2629.35,False,Adobe,priya_singh,Priya Singh
db1e78b0-7b4,2024-09-26,Netflix - Assimilated contextually-based flexibility,75.12,Entertainment,checking,-23060.05,False,Netflix,rajesh_sharma,Rajesh Sharma
20817635-e87,2024-09-26,HOA Fees - Cross-group radical policy,1433.37,Housing,credit,-62947.53,False,HOA Fees,rajesh_sharma,Rajesh Sharma
c17149c3-20b,2024-09-27,Netflix - Self-enabling exuding workforce,320.91,Entertainment,checking,2195.37,False,Netflix,amit_kumar,Amit Kumar
b887cc1d-e1c,2024-09-27,Metro Transit - Fully-configurable methodical Graphical User Interface,429.94,Transportation,checking,-3443.17,False,Metro Transit,amit_kumar,Amit Kumar
18f2fe5c-a63,2024-09-27,Water Dept - Multi-channeled clear-thinking secured line,372.37,Utilities,savings,13854.63,False,Water Dept,priya_singh,Priya Singh
ea740f03-299,2024-09-27,Gym Membership - Synergized dynamic focus group,285.05,Subscriptions,credit,-8482.08,False,Gym Membership,amit_kumar,Amit Kumar
180634b8-b6d,2024-09-27,Local Bistro - Robust empowering workforce,299.96,Dining,savings,14514.45,False,Local Bistro,rajesh_sharma,Rajesh Sharma
3ec667c9-068,2024-09-27,Local Bistro - Horizontal 6thgeneration complexity,74.87,Dining,savings,3796.93,False,Local Bistro,amit_kumar,Amit Kumar
7364acb7-7a0,2024-09-27,Health Ins Co - Organic transitional framework,132.62,Insurance,checking,-21362.25,False,Health Ins Co,tanishka_dhanwan,Tanishka Dhanwan
b752abf8-c26,2024-09-27,Health Ins Co - User-centric fresh-thinking portal,394.75,Insurance,checking,-15334.1,False,Health Ins Co,rajesh_sharma,Rajesh Sharma
76cfe295-e7e,2024-09-27,Delta Airlines - Devolved dynamic focus group,119.79,Travel,credit,-72109.51,False,Delta Airlines,rajesh_sharma,Rajesh Sharma
6769112f-ef8,2024-09-27,HOA Fees - Versatile bifurcated instruction set,1280.11,Housing,checking,5531.23,False,HOA Fees,amit_kumar,Amit Kumar
f26e4ccd-60f,2024-09-27,Starbucks - Sharable exuding customer loyalty,404.0,Dining,checking,-21101.25,False,Starbucks,priya_singh,Priya Singh
c6d32f55-2c5,2024-09-27,Target - Robust uniform matrix,112.72,Shopping,credit,-20101.14,False,Target,amit_kumar,Amit Kumar
199d1769-9bc,2024-09-27,Rent Payment - Centralized empowering firmware,1733.64,Housing,savings,-7814.22,False,Rent Payment,priya_singh,Priya Singh
7287bf21-46a,2024-09-28,"Payroll - Herrera, Davidson and Padilla",2461.21,Income,credit,-51556.04,True,"Herrera, Davidson and Padilla",priya_singh,Priya Singh
e5ff683a-9b9,2024-09-28,Walmart - Seamless homogeneous time-frame,183.93,Groceries,savings,-7516.24,False,Walmart,priya_singh,Priya Singh
d68b2018-afa,2024-09-28,McDonald's - Virtual responsive application,413.11,Dining,credit,-51969.15,False,McDonald's,priya_singh,Priya Singh
261e2a39-e67,2024-09-28,Amazon - Face-to-face intermediate frame,40.15,Shopping,savings,10453.47,False,Amazon,priya_singh,Priya Singh
e9d74403-b4a,2024-09-28,Dental Care - Horizontal leadingedge standardization,484.05,Healthcare,savings,-10784.57,False,Dental Care,rajesh_sharma,Rajesh Sharma
9678d186-134,2024-09-28,Local Bistro - Intuitive motivating software,71.6,Dining,credit,-35970.22,False,Local Bistro,tanishka_dhanwan,Tanishka Dhanwan
4132bb58-7c1,2024-09-28,Dental Care - Phased human-resource software,332.04,Healthcare,checking,-20464.15,False,Dental Care,priya_singh,Priya Singh
c51097f8-726,2024-09-28,Shell Gas - Optimized local Local Area Network,101.8,Transportation,credit,-55970.02,False,Shell Gas,amit_kumar,Amit Kumar
07d64592-ee4,2024-09-28,Walmart - Balanced non-volatile utilization,59.31,Groceries,checking,11254.85,False,Walmart,tanishka_dhanwan,Tanishka Dhanwan
ef85b18e-e62,2024-09-28,AMC Theaters - Cross-platform user-facing parallelism,87.62,Entertainment,credit,-43802.38,False,AMC Theaters,tanishka_dhanwan,Tanishka Dhanwan
ee99c09e-9b7,2024-09-28,Property Mgmt - Customer-focused object-oriented middleware,1193.31,Housing,savings,-12863.11,False,Property Mgmt,rajesh_sharma,Rajesh Sharma
6ec89261-f26,2024-09-28,Spotify - Sharable bottom-line software,199.93,Entertainment,checking,-4869.12,False,Spotify,priya_singh,Priya Singh
4ec1fa61-ff0,2024-09-28,Internet Provider - Advanced responsive throughput,388.82,Utilities,checking,8728.91,False,Internet Provider,tanishka_dhanwan,Tanishka Dhanwan
70ab186e-c71,2024-09-28,Best Buy - Cloned stable focus group,182.84,Shopping,savings,-2781.62,False,Best Buy,amit_kumar,Amit Kumar
7c9a9bcb-4df,2024-09-28,Expedia - Re-engineered mobile budgetary management,324.28,Travel,checking,-53600.2,False,Expedia,priya_singh,Priya Singh
1818f0e0-c21,2024-09-29,Spotify - Reactive even-keeled process improvement,145.92,Entertainment,credit,-52743.67,False,Spotify,rajesh_sharma,Rajesh Sharma
35f42c38-68b,2024-09-29,"Payroll - Williams, Wilson and Roman",2623.61,Income,savings,-9365.37,True,"Williams, Wilson and Roman",priya_singh,Priya Singh
c453e15c-959,2024-09-29,State Farm - Horizontal system-worthy matrix,92.82,Insurance,savings,-15450.34,False,State Farm,rajesh_sharma,Rajesh Sharma
c3b03493-e2f,2024-09-29,Shell Gas - Pre-emptive attitude-oriented Local Area Network,391.07,Transportation,credit,-59313.56,False,Shell Gas,priya_singh,Priya Singh
d46b8cb5-500,2024-09-29,McDonald's - Reduced 5thgeneration secured line,361.76,Dining,savings,-1359.19,False,McDonald's,tanishka_dhanwan,Tanishka Dhanwan
1a3cb67e-4f4,2024-09-29,ATM Withdrawal - Diverse full-range installation,234.19,Other,checking,-15551.86,False,ATM Withdrawal,rajesh_sharma,Rajesh Sharma
4489269c-2a9,2024-09-29,City Hospital - Team-oriented mission-critical groupware,271.68,Healthcare,checking,-2196.22,False,City Hospital,priya_singh,Priya Singh
5ee3bbeb-1a2,2024-09-29,Whole Foods - User-centric optimizing core,364.57,Groceries,savings,-11808.28,False,Whole Foods,amit_kumar,Amit Kumar
b486ef2b-89f,2024-09-29,Electric Co - Assimilated directional hub,132.65,Utilities,savings,-24132.82,False,Electric Co,tanishka_dhanwan,Tanishka Dhanwan
fbca8676-89b,2024-09-29,Whole Foods - Automated mobile initiative,428.27,Groceries,savings,11475.92,False,Whole Foods,amit_kumar,Amit Kumar
f058286d-4e1,2024-09-29,Local Bistro - Virtual intangible portal,478.56,Dining,credit,-35441.19,False,Local Bistro,rajesh_sharma,Rajesh Sharma
c656c659-e05,2024-09-29,Water Dept - Vision-oriented zero administration paradigm,142.58,Utilities,checking,-55888.5,False,Water Dept,rajesh_sharma,Rajesh Sharma
3d5786c0-3e2,2024-09-29,Dental Care - Stand-alone systematic project,346.38,Healthcare,checking,-32242.93,False,Dental Care,rajesh_sharma,Rajesh Sharma
2d77a848-5a1,2024-09-29,Target - Progressive foreground standardization,332.14,Shopping,credit,-71462.37,False,Target,rajesh_sharma,Rajesh Sharma
605f8b94-2fd,2024-09-29,Delta Airlines - Pre-emptive next generation hardware,100.29,Travel,savings,-18989.44,False,Delta Airlines,tanishka_dhanwan,Tanishka Dhanwan
67e95a3c-f14,2024-09-29,Adobe - Configurable solution-oriented info-mediaries,203.03,Subscriptions,savings,34132.45,False,Adobe,priya_singh,Priya Singh
663721ba-e6c,2024-09-30,Payroll - Norton-Morgan,1648.9,Income,savings,-20007.59,True,Norton-Morgan,rajesh_sharma,Rajesh Sharma
abe7d9a1-0a8,2024-09-30,Rent Payment - Proactive secondary protocol,1176.66,Housing,checking,-55436.93,False,Rent Payment,priya_singh,Priya Singh
a1a6450f-fbe,2024-09-30,Metro Transit - Vision-oriented human-resource initiative,401.05,Transportation,credit,-75982.01,False,Metro Transit,amit_kumar,Amit Kumar
3404cb01-236,2024-09-30,City Hospital - Reverse-engineered clear-thinking synergy,346.59,Healthcare,credit,-38330.03,False,City Hospital,amit_kumar,Amit Kumar
db92b85d-178,2024-09-30,State Farm - Decentralized zero-defect workforce,351.81,Insurance,credit,-62524.97,False,State Farm,rajesh_sharma,Rajesh Sharma
161478dd-9f6,2024-09-30,Dental Care - Synergistic methodical forecast,264.11,Healthcare,credit,-52597.75,False,Dental Care,rajesh_sharma,Rajesh Sharma
0651dd82-bc3,2024-09-30,"Payroll - Jimenez, Phillips and Meadows",2774.94,Income,credit,5525.73,True,"Jimenez, Phillips and Meadows",priya_singh,Priya Singh
13c1a77f-50f,2024-09-30,Internet Provider - Progressive mobile architecture,276.29,Utilities,checking,-43331.63,False,Internet Provider,amit_kumar,Amit Kumar
2ace6890-3df,2024-09-30,"Payroll - Washington, Stevenson and Bauer",3749.38,Income,savings,-7753.41,True,"Washington, Stevenson and Bauer",amit_kumar,Amit Kumar
ea8f200c-475,2024-09-30,Electric Co - Synergized regional Graphical User Interface,94.89,Utilities,checking,-21572.04,False,Electric Co,priya_singh,Priya Singh
78b1f13d-be4,2024-09-30,Marriott - Innovative object-oriented initiative,408.57,Travel,savings,12054.87,False,Marriott,amit_kumar,Amit Kumar
01ff7a9d-0c9,2024-09-30,Marriott - Persevering well-modulated throughput,106.45,Travel,checking,-62934.75,False,Marriott,priya_singh,Priya Singh
cc6a9dd7-858,2024-09-30,Expedia - Robust optimizing implementation,338.87,Travel,savings,-27162.68,False,Expedia,tanishka_dhanwan,Tanishka Dhanwan
3e427f0d-935,2024-10-01,Starbucks - Cross-platform tangible budgetary management,160.45,Dining,checking,-21010.12,False,Starbucks,rajesh_sharma,Rajesh Sharma
6f39dfaf-f94,2024-10-01,Internet Provider - Right-sized reciprocal customer loyalty,462.45,Utilities,savings,-39533.58,False,Internet Provider,rajesh_sharma,Rajesh Sharma
f6e9e1ff-c40,2024-10-01,Rent Payment - Optimized non-volatile hierarchy,1109.83,Housing,savings,25905.28,False,Rent Payment,priya_singh,Priya Singh
3bd1ecdd-ebe,2024-10-01,Property Mgmt - Polarized system-worthy groupware,1519.93,Housing,checking,-3028.08,False,Property Mgmt,tanishka_dhanwan,Tanishka Dhanwan
61e52749-48f,2024-10-01,McDonald's - Multi-layered next generation open architecture,103.23,Dining,checking,-12298.25,False,McDonald's,priya_singh,Priya Singh
5205d405-786,2024-10-01,Trader Joe's - Cross-group directional help-desk,217.03,Groceries,savings,16452.63,False,Trader Joe's,priya_singh,Priya Singh
5bcf5e66-d24,2024-10-01,Property Mgmt - Enterprise-wide 3rdgeneration process improvement,1450.21,Housing,checking,-25421.88,False,Property Mgmt,priya_singh,Priya Singh
ba28cdb7-4aa,2024-10-01,Marriott - Right-sized executive attitude,337.9,Travel,savings,-1296.44,False,Marriott,rajesh_sharma,Rajesh Sharma
69dc4467-e89,2024-10-01,Student Loan - Organized client-driven challenge,100.46,Debt Payment,credit,-18228.58,False,Student Loan,priya_singh,Priya Singh
30a3ebfb-e8f,2024-10-01,Netflix - Advanced methodical capacity,470.4,Entertainment,checking,-3003.27,False,Netflix,priya_singh,Priya Singh
56f7e6f2-d99,2024-10-01,Property Mgmt - Phased exuding leverage,906.55,Housing,savings,-5602.21,False,Property Mgmt,priya_singh,Priya Singh
3d071f7b-73f,2024-10-01,Shell Gas - Multi-tiered foreground productivity,177.25,Transportation,savings,-5464.56,False,Shell Gas,tanishka_dhanwan,Tanishka Dhanwan
02193bad-0df,2024-10-01,Payroll - Ryan-Reed,3666.58,Income,checking,-6180.3,True,Ryan-Reed,rajesh_sharma,Rajesh Sharma
7f10124a-291,2024-10-01,Chipotle - Triple-buffered tangible productivity,294.76,Dining,savings,-15865.19,False,Chipotle,rajesh_sharma,Rajesh Sharma
ff32bfb7-8d3,2024-10-01,Uber - Re-contextualized demand-driven architecture,105.58,Transportation,checking,-23079.54,False,Uber,rajesh_sharma,Rajesh Sharma
c396b324-763,2024-10-01,Electric Co - Open-architected bandwidth-monitored success,81.74,Utilities,credit,-77548.76,False,Electric Co,amit_kumar,Amit Kumar
831c1e40-ca1,2024-10-01,State Farm - Intuitive well-modulated challenge,381.78,Insurance,credit,-38062.55,False,State Farm,tanishka_dhanwan,Tanishka Dhanwan
2c29222e-5a9,2024-10-01,Spotify - Open-architected logistical open system,231.89,Entertainment,checking,-28933.05,False,Spotify,rajesh_sharma,Rajesh Sharma
1f610783-69a,2024-10-01,ATM Withdrawal - Operative bottom-line throughput,393.19,Other,credit,-64049.84,False,ATM Withdrawal,priya_singh,Priya Singh
1cdb7197-e8a,2024-10-01,Expedia - Operative discrete open system,41.84,Travel,credit,-46753.31,False,Expedia,tanishka_dhanwan,Tanishka Dhanwan
5fd51f4e-750,2024-10-01,HOA Fees - Quality-focused intermediate implementation,1400.79,Housing,savings,-218.06,False,HOA Fees,tanishka_dhanwan,Tanishka Dhanwan
409f8a4b-2ef,2024-10-01,Electric Co - De-engineered 3rdgeneration matrices,193.24,Utilities,checking,5337.99,False,Electric Co,amit_kumar,Amit Kumar
16773b9a-587,2024-10-02,Electric Co - Extended transitional alliance,216.24,Utilities,checking,-14449.77,False,Electric Co,amit_kumar,Amit Kumar
caa7eae7-534,2024-10-02,Internet Provider - Persistent bottom-line flexibility,290.07,Utilities,credit,-49897.89,False,Internet Provider,rajesh_sharma,Rajesh Sharma
d8b54e57-9a7,2024-10-02,Cloud Storage - Inverse client-driven complexity,140.52,Subscriptions,checking,-70651.93,False,Cloud Storage,rajesh_sharma,Rajesh Sharma
8fc1c6f2-694,2024-10-02,Parking Co - Stand-alone tertiary throughput,139.02,Transportation,savings,-3769.41,False,Parking Co,priya_singh,Priya Singh
09204025-d1c,2024-10-02,Rent Payment - User-centric discrete middleware,1319.03,Housing,checking,-19456.56,False,Rent Payment,amit_kumar,Amit Kumar
b31720f6-48a,2024-10-02,HOA Fees - Cross-group content-based implementation,1670.8,Housing,savings,-9076.49,False,HOA Fees,tanishka_dhanwan,Tanishka Dhanwan
c45a48b0-2a9,2024-10-02,Delta Airlines - Managed grid-enabled Internet solution,493.2,Travel,credit,-63656.65,False,Delta Airlines,priya_singh,Priya Singh
ab951a23-26f,2024-10-02,HOA Fees - Profit-focused web-enabled capability,2143.8,Housing,credit,-38493.77,False,HOA Fees,priya_singh,Priya Singh
8f3ab300-d7e,2024-10-02,HOA Fees - Programmable zero-defect infrastructure,949.76,Housing,credit,-27497.75,False,HOA Fees,amit_kumar,Amit Kumar
bdaec51f-652,2024-10-02,Netflix - Programmable object-oriented toolset,480.7,Entertainment,savings,-8395.14,False,Netflix,amit_kumar,Amit Kumar
8e815506-8e1,2024-10-02,Local Bistro - Synergized real-time analyzer,436.99,Dining,checking,-48734.09,False,Local Bistro,amit_kumar,Amit Kumar
9efea3bf-76d,2024-10-02,State Farm - Seamless composite parallelism,442.79,Insurance,checking,-68855.8,False,State Farm,priya_singh,Priya Singh
ffca46ee-e04,2024-10-02,ATM Withdrawal - Customizable mission-critical service-desk,284.87,Other,checking,-9496.89,False,ATM Withdrawal,priya_singh,Priya Singh
062ae365-a6f,2024-10-02,Property Mgmt - Synergistic upward-trending infrastructure,1726.52,Housing,credit,-66490.72,False,Property Mgmt,priya_singh,Priya Singh
9b538c06-a51,2024-10-02,Chipotle - Re-engineered bandwidth-monitored workforce,379.35,Dining,savings,12657.16,False,Chipotle,amit_kumar,Amit Kumar
60d29506-d1e,2024-10-02,Delta Airlines - Inverse bi-directional artificial intelligence,430.06,Travel,credit,-49019.3,False,Delta Airlines,rajesh_sharma,Rajesh Sharma
9e5b8a62-6f5,2024-10-02,Health Ins Co - Robust multimedia approach,210.68,Insurance,savings,22936.35,False,Health Ins Co,amit_kumar,Amit Kumar
fb5bd6bd-370,2024-10-02,Internet Provider - Team-oriented clear-thinking circuit,66.28,Utilities,checking,-60011.69,False,Internet Provider,tanishka_dhanwan,Tanishka Dhanwan
ba24cfbf-86b,2024-10-02,Payroll - Colon-Wagner,4226.64,Income,savings,11464.55,True,Colon-Wagner,priya_singh,Priya Singh
49b233e2-bd2,2024-10-02,Payroll - Allen Group,4011.43,Income,savings,15475.98,True,Allen Group,priya_singh,Priya Singh
35797fcc-b80,2024-10-02,Spotify - Intuitive modular pricing structure,184.37,Entertainment,credit,-23114.92,False,Spotify,tanishka_dhanwan,Tanishka Dhanwan
b142aea3-7d1,2024-10-02,Payroll - Melton Inc,3997.57,Income,credit,3526.11,True,Melton Inc,amit_kumar,Amit Kumar
721af7d0-bf0,2024-10-02,Metro Transit - Networked disintermediate protocol,360.96,Transportation,credit,-63067.13,False,Metro Transit,priya_singh,Priya Singh
b341fc96-189,2024-10-02,McDonald's - Self-enabling multimedia analyzer,286.82,Dining,checking,-10241.45,False,McDonald's,priya_singh,Priya Singh
d9c8d905-d85,2024-10-02,Expedia - Upgradable 24/7 emulation,174.5,Travel,savings,25941.14,False,Expedia,priya_singh,Priya Singh
6c9cec8d-71a,2024-10-02,Starbucks - Progressive disintermediate instruction set,45.17,Dining,credit,-76089.17,False,Starbucks,rajesh_sharma,Rajesh Sharma
4d27e0a0-05c,2024-10-02,Costco - Synergistic solution-oriented project,198.04,Groceries,checking,-332.31,False,Costco,rajesh_sharma,Rajesh Sharma
39809e79-1b8,2024-10-02,HOA Fees - Progressive scalable productivity,1164.04,Housing,savings,33195.11,False,HOA Fees,priya_singh,Priya Singh
96130fdb-3df,2024-10-02,"Payroll - Martin, Rose and Obrien",4276.73,Income,savings,21197.86,True,"Martin, Rose and Obrien",rajesh_sharma,Rajesh Sharma
0dad0a32-098,2024-10-02,Best Buy - Reverse-engineered 4thgeneration strategy,382.61,Shopping,savings,-68513.92,False,Best Buy,rajesh_sharma,Rajesh Sharma
06334c43-67a,2024-10-03,Internet Provider - Decentralized modular emulation,413.64,Utilities,savings,-28974.84,False,Internet Provider,tanishka_dhanwan,Tanishka Dhanwan
ce7d0bd8-1f8,2024-10-03,Parking Co - Adaptive mission-critical complexity,424.48,Transportation,credit,-37384.98,False,Parking Co,tanishka_dhanwan,Tanishka Dhanwan
16accbf2-aca,2024-10-03,Electric Co - Compatible scalable solution,380.26,Utilities,checking,-12626.52,False,Electric Co,amit_kumar,Amit Kumar
b28fd7ef-08d,2024-10-03,Parking Co - Innovative client-server paradigm,213.38,Transportation,credit,-49672.51,False,Parking Co,tanishka_dhanwan,Tanishka Dhanwan
6de8e970-b98,2024-10-03,Amazon - Front-line analyzing encryption,84.21,Shopping,savings,-61229.12,False,Amazon,rajesh_sharma,Rajesh Sharma
a3d6cc69-32f,2024-10-03,Metro Transit - Cloned object-oriented benchmark,134.52,Transportation,savings,-52906.48,False,Metro Transit,rajesh_sharma,Rajesh Sharma
d440f3a0-122,2024-10-03,Spotify - Face-to-face uniform extranet,331.74,Entertainment,credit,-67382.25,False,Spotify,amit_kumar,Amit Kumar
3952ff28-bee,2024-10-03,Uber - Multi-tiered even-keeled knowledgebase,305.26,Transportation,credit,-6402.9,False,Uber,rajesh_sharma,Rajesh Sharma
60e9a4bc-aac,2024-10-03,Shell Gas - Adaptive national neural-net,220.85,Transportation,credit,-65714.3,False,Shell Gas,rajesh_sharma,Rajesh Sharma
3643c301-d17,2024-10-03,"Payroll - Curtis, Conrad and Peterson",3543.96,Income,credit,1690.06,True,"Curtis, Conrad and Peterson",tanishka_dhanwan,Tanishka Dhanwan
00bd07c3-d22,2024-10-03,Misc Purchase - Re-engineered zero administration policy,359.24,Other,credit,-67741.49,False,Misc Purchase,amit_kumar,Amit Kumar
853b85ac-643,2024-10-03,Property Mgmt - Open-source content-based attitude,1180.4,Housing,checking,214.24,False,Property Mgmt,rajesh_sharma,Rajesh Sharma
a9363a27-245,2024-10-03,Dental Care - Streamlined coherent archive,425.47,Healthcare,checking,-8557.32,False,Dental Care,rajesh_sharma,Rajesh Sharma
29108ecf-80a,2024-10-04,ATM Withdrawal - Sharable asynchronous customer loyalty,278.8,Other,savings,-30931.93,False,ATM Withdrawal,tanishka_dhanwan,Tanishka Dhanwan
79146797-ee7,2024-10-04,Starbucks - Implemented bifurcated productivity,240.64,Dining,checking,-18612.86,False,Starbucks,priya_singh,Priya Singh
cc58d042-953,2024-10-04,Delta Airlines - Open-architected optimizing installation,376.59,Travel,credit,-61978.37,False,Delta Airlines,priya_singh,Priya Singh
dd1d0ab2-09d,2024-10-04,Walmart - De-engineered exuding open system,450.88,Groceries,checking,9097.13,False,Walmart,amit_kumar,Amit Kumar
2225ee25-bab,2024-10-04,Whole Foods - Digitized maximized benchmark,328.05,Groceries,savings,-4448.82,False,Whole Foods,tanishka_dhanwan,Tanishka Dhanwan
b7cac220-123,2024-10-04,ATM Withdrawal - Open-source explicit portal,6.48,Other,credit,-18215.49,False,ATM Withdrawal,tanishka_dhanwan,Tanishka Dhanwan
b149b524-758,2024-10-04,Property Mgmt - De-engineered zero tolerance moratorium,1952.6,Housing,credit,-55802.11,False,Property Mgmt,rajesh_sharma,Rajesh Sharma
cce1f34d-316,2024-10-04,Netflix - Function-based grid-enabled adapter,384.58,Entertainment,savings,31139.42,False,Netflix,priya_singh,Priya Singh
40ea708f-df5,2024-10-04,Misc Purchase - Ergonomic regional moratorium,212.4,Other,credit,-33876.48,False,Misc Purchase,amit_kumar,Amit Kumar
e877c17c-f83,2024-10-04,Netflix - Inverse interactive utilization,404.6,Entertainment,checking,-61749.52,False,Netflix,tanishka_dhanwan,Tanishka Dhanwan
bdf7ec60-8af,2024-10-04,Whole Foods - Realigned value-added open architecture,221.94,Groceries,credit,-60411.08,False,Whole Foods,priya_singh,Priya Singh
9fb681f0-fe7,2024-10-04,Spotify - Synergized full-range Graphical User Interface,445.27,Entertainment,savings,-2326.28,False,Spotify,priya_singh,Priya Singh
1e2c7f39-a25,2024-10-04,Starbucks - Digitized fault-tolerant groupware,416.57,Dining,checking,-62038.8,False,Starbucks,tanishka_dhanwan,Tanishka Dhanwan
61757dd5-2bd,2024-10-04,McDonald's - Multi-lateral responsive secured line,46.9,Dining,credit,-29407.15,False,McDonald's,amit_kumar,Amit Kumar
fce8d870-28d,2024-10-04,Parking Co - Optimized holistic conglomeration,29.6,Transportation,credit,-10091.85,False,Parking Co,tanishka_dhanwan,Tanishka Dhanwan
420a04d0-aa8,2024-10-04,McDonald's - Cross-platform well-modulated protocol,278.61,Dining,checking,-13197.42,False,McDonald's,priya_singh,Priya Singh
a79d50cf-e0c,2024-10-04,ATM Withdrawal - Business-focused impactful process improvement,498.25,Other,credit,-9725.64,False,ATM Withdrawal,amit_kumar,Amit Kumar
2c7c147f-370,2024-10-04,City Hospital - Fundamental solution-oriented toolset,227.45,Healthcare,credit,-55241.37,False,City Hospital,rajesh_sharma,Rajesh Sharma
051af13f-b29,2024-10-04,Starbucks - Enterprise-wide executive analyzer,401.99,Dining,credit,-36232.56,False,Starbucks,tanishka_dhanwan,Tanishka Dhanwan
c24c580d-9fc,2024-10-04,Costco - Enhanced incremental algorithm,360.77,Groceries,credit,-16187.17,False,Costco,rajesh_sharma,Rajesh Sharma
6309d9d0-93b,2024-10-05,Student Loan - Fully-configurable demand-driven monitoring,297.88,Debt Payment,checking,-49133.83,False,Student Loan,amit_kumar,Amit Kumar
d964e0f6-843,2024-10-05,Bookstore - Object-based bi-directional paradigm,462.21,Education,credit,-17658.17,False,Bookstore,tanishka_dhanwan,Tanishka Dhanwan
78dd6ff2-a93,2024-10-05,Payroll - Bean LLC,3143.18,Income,credit,-52257.33,True,Bean LLC,tanishka_dhanwan,Tanishka Dhanwan
da223103-979,2024-10-05,Starbucks - Compatible coherent open system,484.3,Dining,savings,7291.21,False,Starbucks,tanishka_dhanwan,Tanishka Dhanwan
be1baa60-66a,2024-10-05,"Payroll - Robinson, Horton and Suarez",4481.93,Income,checking,-46440.6,True,"Robinson, Horton and Suarez",amit_kumar,Amit Kumar
b2fed41e-03d,2024-10-05,HOA Fees - Compatible systemic emulation,1198.39,Housing,savings,-5615.2,False,HOA Fees,rajesh_sharma,Rajesh Sharma
311179e4-457,2024-10-05,Cloud Storage - Synchronized web-enabled interface,265.28,Subscriptions,savings,-11472.55,False,Cloud Storage,rajesh_sharma,Rajesh Sharma
35c244d6-106,2024-10-05,Online Course - Multi-layered executive complexity,102.92,Education,credit,-7811.63,False,Online Course,rajesh_sharma,Rajesh Sharma
beeb6fd7-7d0,2024-10-05,Electric Co - Versatile contextually-based matrix,112.25,Utilities,savings,-29169.48,False,Electric Co,tanishka_dhanwan,Tanishka Dhanwan
0a005a03-af5,2024-10-05,Health Ins Co - Persistent executive service-desk,293.21,Insurance,checking,-8102.88,False,Health Ins Co,rajesh_sharma,Rajesh Sharma
0592dfb8-f36,2024-10-05,Gym Membership - Triple-buffered zero-defect database,203.65,Subscriptions,checking,-70764.91,False,Gym Membership,priya_singh,Priya Singh
ccc0df64-0d5,2024-10-05,Credit Card Payment - Cross-platform leadingedge attitude,343.79,Debt Payment,savings,-1165.12,False,Credit Card Payment,rajesh_sharma,Rajesh Sharma
1f9bc418-65a,2024-10-05,Electric Co - Decentralized systemic model,18.95,Utilities,checking,887.82,False,Electric Co,amit_kumar,Amit Kumar
f0134cbf-09c,2024-10-06,Marriott - Grass-roots content-based capability,286.35,Travel,savings,-8059.56,False,Marriott,rajesh_sharma,Rajesh Sharma
cc9f18bf-d04,2024-10-06,McDonald's - Triple-buffered human-resource leverage,364.23,Dining,checking,-50662.11,False,McDonald's,priya_singh,Priya Singh
14ba924b-dd6,2024-10-06,Costco - Pre-emptive static support,394.89,Groceries,credit,-39111.42,False,Costco,tanishka_dhanwan,Tanishka Dhanwan
2a89889b-017,2024-10-06,Gym Membership - Balanced clear-thinking hierarchy,315.16,Subscriptions,savings,15181.32,False,Gym Membership,amit_kumar,Amit Kumar
a8c52da9-6f0,2024-10-06,City Hospital - Integrated multimedia infrastructure,72.51,Healthcare,checking,-31852.0,False,City Hospital,rajesh_sharma,Rajesh Sharma
0eaab0ab-2aa,2024-10-06,Costco - Business-focused encompassing implementation,253.36,Groceries,savings,-31968.71,False,Costco,rajesh_sharma,Rajesh Sharma
402f6c69-d52,2024-10-06,Whole Foods - Seamless systematic help-desk,271.43,Groceries,credit,185.33,False,Whole Foods,amit_kumar,Amit Kumar
a0eb623a-d32,2024-10-06,McDonald's - Advanced intangible matrix,497.57,Dining,credit,-32124.59,False,McDonald's,rajesh_sharma,Rajesh Sharma
6c1ed120-e65,2024-10-06,Costco - Streamlined grid-enabled alliance,39.44,Groceries,savings,-540.56,False,Costco,priya_singh,Priya Singh
14a8856b-570,2024-10-06,Uber - User-friendly 24hour function,305.3,Transportation,checking,-53212.66,False,Uber,tanishka_dhanwan,Tanishka Dhanwan
2a9a6127-88b,2024-10-06,Spotify - Enterprise-wide secondary orchestration,268.48,Entertainment,savings,-30090.51,False,Spotify,tanishka_dhanwan,Tanishka Dhanwan
221ffca9-2cd,2024-10-06,Best Buy - Persistent fault-tolerant complexity,469.23,Shopping,credit,-61312.96,False,Best Buy,rajesh_sharma,Rajesh Sharma
28c1e70f-7a4,2024-10-06,"Payroll - Sims, Meadows and Mccann",4086.13,Income,credit,-9227.39,True,"Sims, Meadows and Mccann",amit_kumar,Amit Kumar
fd7b8c56-d68,2024-10-06,Costco - Compatible actuating conglomeration,463.92,Groceries,savings,11837.55,False,Costco,priya_singh,Priya Singh
b701dbfe-048,2024-10-06,Rent Payment - Phased bandwidth-monitored software,1553.21,Housing,savings,-26934.95,False,Rent Payment,rajesh_sharma,Rajesh Sharma
1c23a098-73b,2024-10-06,Adobe - Multi-layered clear-thinking open architecture,276.01,Subscriptions,savings,22386.51,False,Adobe,amit_kumar,Amit Kumar
04e5230c-3b4,2024-10-06,Costco - Persistent dedicated frame,306.86,Groceries,savings,13561.26,False,Costco,amit_kumar,Amit Kumar
90e15743-c02,2024-10-06,Chipotle - Customer-focused user-facing projection,474.61,Dining,checking,-38152.97,False,Chipotle,rajesh_sharma,Rajesh Sharma
0e3c92ce-adb,2024-10-07,ATM Withdrawal - Total intermediate adapter,297.51,Other,credit,-22267.4,False,ATM Withdrawal,amit_kumar,Amit Kumar
58525fc7-957,2024-10-07,Trader Joe's - Synergized transitional capacity,27.27,Groceries,savings,-30485.02,False,Trader Joe's,amit_kumar,Amit Kumar
98772797-3b8,2024-10-07,CVS Pharmacy - Operative even-keeled function,477.52,Healthcare,credit,-33961.49,False,CVS Pharmacy,tanishka_dhanwan,Tanishka Dhanwan
478aeee1-4e9,2024-10-07,Whole Foods - Function-based attitude-oriented hub,400.08,Groceries,checking,-44262.85,False,Whole Foods,rajesh_sharma,Rajesh Sharma
1c6252c5-257,2024-10-07,Payroll - Holland-Thompson,3542.88,Income,credit,-64756.9,True,Holland-Thompson,priya_singh,Priya Singh
fab1b007-1fd,2024-10-07,McDonald's - Stand-alone exuding matrices,431.61,Dining,credit,-49459.41,False,McDonald's,rajesh_sharma,Rajesh Sharma
b229ad4f-f67,2024-10-07,Starbucks - Multi-channeled actuating frame,365.96,Dining,checking,2920.34,False,Starbucks,amit_kumar,Amit Kumar
a3598474-d71,2024-10-07,Walmart - Business-focused actuating forecast,240.7,Groceries,savings,-23992.53,False,Walmart,rajesh_sharma,Rajesh Sharma
b8dc2575-879,2024-10-07,Netflix - Multi-layered 3rdgeneration Graphical User Interface,425.02,Entertainment,savings,6836.72,False,Netflix,priya_singh,Priya Singh
595eccf5-ebe,2024-10-07,Dental Care - Down-sized dedicated intranet,28.76,Healthcare,credit,-43398.94,False,Dental Care,tanishka_dhanwan,Tanishka Dhanwan
2ad91029-ab5,2024-10-07,Cloud Storage - Horizontal methodical standardization,258.59,Subscriptions,savings,-6538.84,False,Cloud Storage,rajesh_sharma,Rajesh Sharma
23e3aa6f-aea,2024-10-07,HOA Fees - Cloned background info-mediaries,1221.89,Housing,credit,374.94,False,HOA Fees,priya_singh,Priya Singh
fc5f0481-45f,2024-10-07,"Payroll - White, Mayer and Mathews",1531.13,Income,checking,-61479.96,True,"White, Mayer and Mathews",tanishka_dhanwan,Tanishka Dhanwan
07a4c509-0e1,2024-10-07,State Farm - Digitized 5thgeneration secured line,201.02,Insurance,checking,-52878.89,False,State Farm,priya_singh,Priya Singh
c8143ce1-4a6,2024-10-07,Metro Transit - Open-source value-added approach,166.12,Transportation,credit,-56323.19,False,Metro Transit,priya_singh,Priya Singh
50334bbb-65c,2024-10-08,Netflix - Compatible zero tolerance instruction set,279.69,Entertainment,checking,-57297.66,False,Netflix,tanishka_dhanwan,Tanishka Dhanwan
58066849-a1e,2024-10-08,Health Ins Co - Persistent methodical emulation,130.01,Insurance,savings,-3899.42,False,Health Ins Co,priya_singh,Priya Singh
4a46d8e3-348,2024-10-08,Delta Airlines - Extended 24hour support,369.51,Travel,savings,-23907.07,False,Delta Airlines,amit_kumar,Amit Kumar
bde1ea64-f87,2024-10-08,"Payroll - Garrison, Hodges and Collins",2873.72,Income,savings,-2887.1,True,"Garrison, Hodges and Collins",tanishka_dhanwan,Tanishka Dhanwan
fda4a7c1-b53,2024-10-08,Target - Operative context-sensitive customer loyalty,285.0,Shopping,credit,-53849.51,False,Target,rajesh_sharma,Rajesh Sharma
27e7a2e2-512,2024-10-08,Trader Joe's - Re-engineered leadingedge Local Area Network,142.69,Groceries,savings,-4334.33,False,Trader Joe's,rajesh_sharma,Rajesh Sharma
17f8f5c4-bce,2024-10-08,Parking Co - Organized dedicated database,247.53,Transportation,checking,-56022.76,False,Parking Co,priya_singh,Priya Singh
fe446c8b-d59,2024-10-08,Parking Co - Balanced directional database,430.52,Transportation,savings,-31907.0,False,Parking Co,tanishka_dhanwan,Tanishka Dhanwan
af0ebe5f-b1e,2024-10-08,Property Mgmt - De-engineered attitude-oriented interface,1393.41,Housing,checking,6996.86,False,Property Mgmt,amit_kumar,Amit Kumar
27bc5580-365,2024-10-08,Property Mgmt - Focused bandwidth-monitored capability,947.05,Housing,checking,-6163.71,False,Property Mgmt,amit_kumar,Amit Kumar
1269ea93-34c,2024-10-08,Costco - Cloned didactic open system,462.02,Groceries,checking,5675.42,False,Costco,rajesh_sharma,Rajesh Sharma
4ffa6541-d46,2024-10-08,Costco - Reverse-engineered next generation open architecture,151.08,Groceries,credit,-52500.14,False,Costco,rajesh_sharma,Rajesh Sharma
5c2c94ac-b4c,2024-10-09,Health Ins Co - Reduced systematic migration,202.62,Insurance,savings,-14440.69,False,Health Ins Co,tanishka_dhanwan,Tanishka Dhanwan
10d8a692-965,2024-10-09,Starbucks - Fundamental upward-trending product,343.38,Dining,credit,-28125.07,False,Starbucks,priya_singh,Priya Singh
36197c2f-921,2024-10-09,Health Ins Co - Organized holistic array,229.93,Insurance,credit,-73114.67,False,Health Ins Co,rajesh_sharma,Rajesh Sharma
60fe0ac9-aa0,2024-10-09,Chipotle - Inverse intermediate paradigm,391.36,Dining,credit,-81183.19,False,Chipotle,priya_singh,Priya Singh
0830587d-825,2024-10-09,Chipotle - Down-sized executive throughput,119.09,Dining,credit,-61601.78,False,Chipotle,priya_singh,Priya Singh
0e819aec-41d,2024-10-09,Chipotle - Multi-channeled transitional orchestration,357.16,Dining,credit,-50637.77,False,Chipotle,tanishka_dhanwan,Tanishka Dhanwan
49937677-fd5,2024-10-09,Rent Payment - Integrated mobile neural-net,1835.01,Housing,checking,-7692.35,False,Rent Payment,priya_singh,Priya Singh
33b4c6c8-262,2024-10-09,Expedia - Stand-alone transitional matrix,129.05,Travel,credit,-34877.61,False,Expedia,rajesh_sharma,Rajesh Sharma
c78318b6-021,2024-10-09,Dental Care - Total intermediate superstructure,110.8,Healthcare,checking,-54895.11,False,Dental Care,rajesh_sharma,Rajesh Sharma
6419083b-a18,2024-10-09,Dental Care - Enhanced motivating benchmark,418.12,Healthcare,credit,-5844.91,False,Dental Care,rajesh_sharma,Rajesh Sharma
82aa3ec4-236,2024-10-09,City Hospital - Optional logistical info-mediaries,61.44,Healthcare,checking,-13781.63,False,City Hospital,amit_kumar,Amit Kumar
5cf6549c-22c,2024-10-09,AMC Theaters - Visionary executive Graphic Interface,433.82,Entertainment,credit,-248.49,False,AMC Theaters,amit_kumar,Amit Kumar
5375c6e6-d29,2024-10-09,Credit Card Payment - Persevering incremental intranet,66.34,Debt Payment,credit,-56281.61,False,Credit Card Payment,priya_singh,Priya Singh
962c1c5f-aef,2024-10-09,Netflix - Automated zero tolerance monitoring,74.8,Entertainment,checking,-12424.7,False,Netflix,priya_singh,Priya Singh
a8ddebbd-41e,2024-10-10,Uber - Managed composite orchestration,250.48,Transportation,checking,11797.38,False,Uber,tanishka_dhanwan,Tanishka Dhanwan
7d5aed4e-60d,2024-10-10,Water Dept - Fully-configurable bi-directional leverage,322.69,Utilities,savings,5301.54,False,Water Dept,amit_kumar,Amit Kumar
cf65881f-0ea,2024-10-10,Walmart - Multi-channeled empowering Graphical User Interface,249.54,Groceries,checking,-17587.48,False,Walmart,rajesh_sharma,Rajesh Sharma
ddd13c9b-7e3,2024-10-10,Trader Joe's - User-friendly intermediate conglomeration,273.02,Groceries,checking,-27027.15,False,Trader Joe's,rajesh_sharma,Rajesh Sharma
59e0b9b3-288,2024-10-10,Netflix - Organized multi-tasking conglomeration,486.87,Entertainment,savings,-9844.04,False,Netflix,tanishka_dhanwan,Tanishka Dhanwan
a69640aa-ddd,2024-10-10,Netflix - Cross-group motivating project,411.43,Entertainment,savings,-19334.11,False,Netflix,rajesh_sharma,Rajesh Sharma
03934c10-e71,2024-10-10,Starbucks - Multi-lateral multimedia parallelism,79.29,Dining,checking,-19405.24,False,Starbucks,rajesh_sharma,Rajesh Sharma
aacde3c9-2f5,2024-10-10,Property Mgmt - Managed heuristic intranet,1751.86,Housing,checking,-7280.54,False,Property Mgmt,priya_singh,Priya Singh
69de17b3-593,2024-10-10,Payroll - Young Inc,3226.5,Income,checking,5735.86,True,Young Inc,tanishka_dhanwan,Tanishka Dhanwan
89a05bd2-94d,2024-10-10,Internet Provider - Optimized 3rdgeneration budgetary management,54.39,Utilities,checking,3556.75,False,Internet Provider,amit_kumar,Amit Kumar
d81d98b4-e75,2024-10-10,Property Mgmt - Down-sized executive circuit,1355.39,Housing,checking,3406.36,False,Property Mgmt,amit_kumar,Amit Kumar
ff485809-dfb,2024-10-10,Gym Membership - Implemented 6thgeneration productivity,467.59,Subscriptions,checking,-48835.95,False,Gym Membership,amit_kumar,Amit Kumar
eae6ec08-38e,2024-10-11,Netflix - Inverse optimal challenge,130.77,Entertainment,savings,-10318.81,False,Netflix,tanishka_dhanwan,Tanishka Dhanwan
8e69eb9d-ee1,2024-10-11,ATM Withdrawal - User-friendly attitude-oriented database,16.59,Other,credit,-49070.55,False,ATM Withdrawal,priya_singh,Priya Singh
ea6864f2-d89,2024-10-11,HOA Fees - Inverse multi-state leverage,1494.44,Housing,savings,-31043.37,False,HOA Fees,tanishka_dhanwan,Tanishka Dhanwan
f57c6cb7-ab0,2024-10-11,Internet Provider - Integrated incremental throughput,390.77,Utilities,savings,-26975.55,False,Internet Provider,amit_kumar,Amit Kumar
64941674-811,2024-10-11,Property Mgmt - Innovative fresh-thinking hub,1671.91,Housing,checking,-53167.46,False,Property Mgmt,priya_singh,Priya Singh
79c4e88e-c2f,2024-10-11,Trader Joe's - Visionary zero-defect Graphic Interface,224.58,Groceries,savings,-4230.22,False,Trader Joe's,amit_kumar,Amit Kumar
51fe8f32-885,2024-10-11,Uber - Self-enabling secondary analyzer,271.0,Transportation,savings,-5540.31,False,Uber,rajesh_sharma,Rajesh Sharma
c4443bde-5d9,2024-10-11,Whole Foods - Customer-focused reciprocal service-desk,176.18,Groceries,credit,-18248.9,False,Whole Foods,priya_singh,Priya Singh
bbac5940-0fb,2024-10-11,State Farm - Advanced client-server throughput,383.94,Insurance,credit,1174.87,False,State Farm,tanishka_dhanwan,Tanishka Dhanwan
831f5d0e-072,2024-10-11,Starbucks - Reactive transitional extranet,243.58,Dining,savings,-27452.79,False,Starbucks,amit_kumar,Amit Kumar
aaead85c-7fa,2024-10-11,Water Dept - Fully-configurable maximized hub,126.35,Utilities,savings,-65294.86,False,Water Dept,rajesh_sharma,Rajesh Sharma
b2dfea4b-873,2024-10-11,Expedia - Future-proofed even-keeled parallelism,136.13,Travel,checking,-23612.61,False,Expedia,tanishka_dhanwan,Tanishka Dhanwan
d05aa052-c09,2024-10-11,Starbucks - Proactive contextually-based synergy,499.98,Dining,credit,-56438.71,False,Starbucks,rajesh_sharma,Rajesh Sharma
0584a4ac-798,2024-10-11,Spotify - Reactive empowering success,7.13,Entertainment,savings,-21424.37,False,Spotify,amit_kumar,Amit Kumar
6f869bb6-77c,2024-10-12,Shell Gas - Mandatory solution-oriented project,299.11,Transportation,credit,-79274.41,False,Shell Gas,priya_singh,Priya Singh
160927c3-968,2024-10-12,Property Mgmt - De-engineered even-keeled analyzer,1322.48,Housing,credit,-33653.2,False,Property Mgmt,rajesh_sharma,Rajesh Sharma
9dba5ae7-0c7,2024-10-12,Costco - Synergized multi-state benchmark,56.48,Groceries,savings,-18640.92,False,Costco,tanishka_dhanwan,Tanishka Dhanwan
110756cd-7da,2024-10-12,McDonald's - Digitized modular functionalities,17.34,Dining,credit,-4662.97,False,McDonald's,tanishka_dhanwan,Tanishka Dhanwan
516e33f9-9ad,2024-10-12,HOA Fees - Fully-configurable systemic system engine,1189.36,Housing,checking,-35724.14,False,HOA Fees,rajesh_sharma,Rajesh Sharma
f4b67b1d-efb,2024-10-12,"Payroll - Cruz, Lawson and Joseph",4256.75,Income,credit,-68197.8,True,"Cruz, Lawson and Joseph",amit_kumar,Amit Kumar
da22fcfa-904,2024-10-12,Netflix - Organized discrete monitoring,322.5,Entertainment,checking,-26174.81,False,Netflix,rajesh_sharma,Rajesh Sharma
d898a397-7ad,2024-10-12,Whole Foods - Team-oriented bottom-line focus group,259.33,Groceries,credit,-71524.7,False,Whole Foods,amit_kumar,Amit Kumar
eb825469-5c3,2024-10-12,Student Loan - Profound disintermediate focus group,261.39,Debt Payment,checking,2845.14,False,Student Loan,rajesh_sharma,Rajesh Sharma
0cb9f57a-a3e,2024-10-12,Spotify - Future-proofed 3rdgeneration standardization,140.62,Entertainment,savings,13036.51,False,Spotify,amit_kumar,Amit Kumar
3a2c29b7-201,2024-10-12,Metro Transit - Vision-oriented multi-state implementation,478.88,Transportation,credit,-35920.07,False,Metro Transit,rajesh_sharma,Rajesh Sharma
7bbe109a-cdb,2024-10-12,McDonald's - Vision-oriented mission-critical system engine,85.17,Dining,checking,5893.05,False,McDonald's,amit_kumar,Amit Kumar
0034b8d3-324,2024-10-12,CVS Pharmacy - Profit-focused maximized flexibility,83.23,Healthcare,checking,-37475.53,False,CVS Pharmacy,rajesh_sharma,Rajesh Sharma
8cacc6f5-65b,2024-10-13,Property Mgmt - Assimilated incremental productivity,1731.37,Housing,credit,-39180.45,False,Property Mgmt,amit_kumar,Amit Kumar
334f0de4-7d0,2024-10-13,ATM Withdrawal - Cross-group transitional paradigm,243.19,Other,savings,11811.68,False,ATM Withdrawal,amit_kumar,Amit Kumar
1a8a8b97-fc5,2024-10-13,Bookstore - Multi-layered neutral benchmark,422.94,Education,savings,-5247.75,False,Bookstore,rajesh_sharma,Rajesh Sharma
18fff07a-d1b,2024-10-13,"Payroll - Morrison, Lewis and Gates",3532.69,Income,savings,-60945.32,True,"Morrison, Lewis and Gates",rajesh_sharma,Rajesh Sharma
2bc726f4-5b8,2024-10-13,Starbucks - Open-source human-resource knowledge user,208.08,Dining,savings,11285.31,False,Starbucks,priya_singh,Priya Singh
5ab1d089-70d,2024-10-13,Adobe - Sharable radical groupware,140.8,Subscriptions,credit,-38840.1,False,Adobe,tanishka_dhanwan,Tanishka Dhanwan
7d8c2a27-a40,2024-10-13,Property Mgmt - Advanced scalable customer loyalty,2022.93,Housing,credit,-56640.68,False,Property Mgmt,priya_singh,Priya Singh
044fe80f-49c,2024-10-13,AMC Theaters - Multi-layered multimedia open architecture,133.59,Entertainment,credit,-49593.0,False,AMC Theaters,rajesh_sharma,Rajesh Sharma
dc0af570-454,2024-10-13,Walmart - Business-focused full-range access,498.58,Groceries,checking,2020.47,False,Walmart,amit_kumar,Amit Kumar
9ad11dd3-467,2024-10-13,Metro Transit - Integrated asymmetric Internet solution,286.14,Transportation,credit,-55400.51,False,Metro Transit,tanishka_dhanwan,Tanishka Dhanwan
16b88531-f13,2024-10-13,Target - Face-to-face bottom-line customer loyalty,243.82,Shopping,checking,-33690.59,False,Target,rajesh_sharma,Rajesh Sharma
f8e6dcac-448,2024-10-13,Payroll - Fleming Group,2906.27,Income,savings,-19812.2,True,Fleming Group,tanishka_dhanwan,Tanishka Dhanwan
23aff87f-1b1,2024-10-13,Property Mgmt - Re-contextualized intermediate service-desk,1448.62,Housing,checking,1340.36,False,Property Mgmt,tanishka_dhanwan,Tanishka Dhanwan
756b52cb-d77,2024-10-13,Payroll - Gonzalez Ltd,2446.87,Income,credit,-37332.94,True,Gonzalez Ltd,amit_kumar,Amit Kumar
f2628757-a89,2024-10-13,Cloud Storage - Triple-buffered radical parallelism,345.78,Subscriptions,savings,-3317.24,False,Cloud Storage,priya_singh,Priya Singh
f3c74028-329,2024-10-13,Misc Purchase - Team-oriented non-volatile policy,384.92,Other,checking,-41651.45,False,Misc Purchase,tanishka_dhanwan,Tanishka Dhanwan
e483cbcc-d5b,2024-10-13,Bookstore - Front-line high-level secured line,313.08,Education,savings,-10011.67,False,Bookstore,amit_kumar,Amit Kumar
3d8dc85e-798,2024-10-13,HOA Fees - Synchronized mobile data-warehouse,1450.5,Housing,checking,1394.64,False,HOA Fees,rajesh_sharma,Rajesh Sharma
b899f2cf-46d,2024-10-14,"Payroll - Li, Rojas and Chavez",3858.9,Income,savings,9315.5,True,"Li, Rojas and Chavez",amit_kumar,Amit Kumar
55194912-842,2024-10-14,Metro Transit - Virtual demand-driven product,105.02,Transportation,credit,-36025.09,False,Metro Transit,rajesh_sharma,Rajesh Sharma
1d84c661-70f,2024-10-14,Netflix - Implemented web-enabled matrices,227.47,Entertainment,savings,-41391.07,False,Netflix,tanishka_dhanwan,Tanishka Dhanwan
fb9bf6c2-010,2024-10-14,Parking Co - Front-line holistic hierarchy,456.82,Transportation,checking,-61783.47,False,Parking Co,tanishka_dhanwan,Tanishka Dhanwan
3d35779f-ea3,2024-10-14,Target - Vision-oriented incremental open system,221.29,Shopping,checking,-13251.8,False,Target,tanishka_dhanwan,Tanishka Dhanwan
ace38395-0a8,2024-10-14,CVS Pharmacy - Vision-oriented content-based benchmark,311.05,Healthcare,checking,-40311.29,False,CVS Pharmacy,priya_singh,Priya Singh
5528c8c2-2e0,2024-10-14,Local Bistro - Sharable 24hour website,115.02,Dining,savings,28177.17,False,Local Bistro,priya_singh,Priya Singh
41db9508-2b8,2024-10-14,McDonald's - Distributed fresh-thinking encryption,31.62,Dining,checking,811.73,False,McDonald's,amit_kumar,Amit Kumar
dd3d0e4c-125,2024-10-14,Adobe - Versatile fault-tolerant core,301.7,Subscriptions,savings,10093.76,False,Adobe,tanishka_dhanwan,Tanishka Dhanwan
c9c57e9a-96d,2024-10-14,Spotify - Proactive value-added system engine,386.87,Entertainment,checking,13408.95,False,Spotify,tanishka_dhanwan,Tanishka Dhanwan
d93f6cdb-3eb,2024-10-15,HOA Fees - Ergonomic user-facing capability,1849.2,Housing,savings,-35379.81,False,HOA Fees,rajesh_sharma,Rajesh Sharma
6a0b1660-39f,2024-10-15,Expedia - Balanced bandwidth-monitored data-warehouse,436.0,Travel,credit,-73522.45,False,Expedia,amit_kumar,Amit Kumar
37fa9581-ced,2024-10-15,Spotify - Managed systemic framework,480.52,Entertainment,checking,-62101.21,False,Spotify,priya_singh,Priya Singh
3bb9c488-97a,2024-10-15,HOA Fees - Optimized executive Graphic Interface,1807.89,Housing,savings,-39291.07,False,HOA Fees,tanishka_dhanwan,Tanishka Dhanwan
2c4eb13d-157,2024-10-15,Payroll - Foster-Duncan,4215.44,Income,savings,12788.93,True,Foster-Duncan,priya_singh,Priya Singh
2e97d7a7-dc6,2024-10-15,Payroll - Thomas-Clark,2606.89,Income,savings,-37685.13,True,Thomas-Clark,tanishka_dhanwan,Tanishka Dhanwan
63cf490e-01a,2024-10-15,Starbucks - Organic grid-enabled parallelism,325.26,Dining,checking,-8876.41,False,Starbucks,rajesh_sharma,Rajesh Sharma
9413d162-031,2024-10-15,Online Course - Secured systemic encoding,199.5,Education,savings,-3527.55,False,Online Course,rajesh_sharma,Rajesh Sharma
99c52c8e-425,2024-10-15,State Farm - Automated disintermediate flexibility,382.98,Insurance,checking,11798.88,False,State Farm,tanishka_dhanwan,Tanishka Dhanwan
802863c1-17b,2024-10-15,Payroll - Cooper-Ross,4424.82,Income,credit,-53178.68,True,Cooper-Ross,amit_kumar,Amit Kumar
f0c6bf98-002,2024-10-15,HOA Fees - Object-based national neural-net,1292.61,Housing,credit,-27596.11,False,HOA Fees,priya_singh,Priya Singh
d101f47a-174,2024-10-16,Chipotle - Operative holistic implementation,372.58,Dining,savings,-25112.92,False,Chipotle,rajesh_sharma,Rajesh Sharma
62993754-55c,2024-10-16,Property Mgmt - Fundamental tangible intranet,1287.22,Housing,checking,-55338.91,False,Property Mgmt,tanishka_dhanwan,Tanishka Dhanwan
d4db5a0b-cab,2024-10-16,Property Mgmt - Proactive 5thgeneration capacity,1702.87,Housing,checking,-8013.12,False,Property Mgmt,rajesh_sharma,Rajesh Sharma
b1b90606-fff,2024-10-16,Electric Co - Extended value-added customer loyalty,342.89,Utilities,credit,-73386.13,False,Electric Co,amit_kumar,Amit Kumar
0b772e73-1be,2024-10-16,Trader Joe's - Robust system-worthy customer loyalty,472.28,Groceries,savings,-41104.69,False,Trader Joe's,rajesh_sharma,Rajesh Sharma
27d37ffe-e65,2024-10-16,McDonald's - Visionary logistical service-desk,201.55,Dining,savings,18619.21,False,McDonald's,amit_kumar,Amit Kumar
c2589275-22f,2024-10-16,Marriott - Digitized 5thgeneration encoding,476.21,Travel,credit,-40032.45,False,Marriott,tanishka_dhanwan,Tanishka Dhanwan
705e7f1b-e5b,2024-10-16,CVS Pharmacy - Public-key global artificial intelligence,346.42,Healthcare,checking,-62828.3,False,CVS Pharmacy,priya_singh,Priya Singh
3e79bd19-632,2024-10-16,Best Buy - Optimized holistic application,126.6,Shopping,savings,15854.05,False,Best Buy,tanishka_dhanwan,Tanishka Dhanwan
5c092111-4a0,2024-10-16,City Hospital - Streamlined modular installation,309.14,Healthcare,savings,-50319.14,False,City Hospital,rajesh_sharma,Rajesh Sharma
236f3060-408,2024-10-16,Delta Airlines - Fundamental zero tolerance toolset,302.2,Travel,credit,-5830.39,False,Delta Airlines,rajesh_sharma,Rajesh Sharma
3b158f3b-750,2024-10-16,Rent Payment - Expanded discrete customer loyalty,1970.55,Housing,savings,30068.6,False,Rent Payment,priya_singh,Priya Singh
91b0478e-38f,2024-10-16,Spotify - Compatible optimizing open system,337.73,Entertainment,credit,-76713.61,False,Spotify,rajesh_sharma,Rajesh Sharma
30ff6b8f-6a0,2024-10-16,AMC Theaters - Phased systemic array,123.51,Entertainment,savings,-19711.77,False,AMC Theaters,tanishka_dhanwan,Tanishka Dhanwan
774db679-5ee,2024-10-16,HOA Fees - Devolved uniform moratorium,1326.34,Housing,credit,-64990.49,False,HOA Fees,rajesh_sharma,Rajesh Sharma
c3b7f6ad-e53,2024-10-16,HOA Fees - Organized composite alliance,1238.47,Housing,savings,-7273.46,False,HOA Fees,tanishka_dhanwan,Tanishka Dhanwan
fde1869c-815,2024-10-16,Expedia - Versatile 4thgeneration emulation,249.74,Travel,checking,-20362.82,False,Expedia,amit_kumar,Amit Kumar
bb028fcc-d3a,2024-10-16,Misc Purchase - Customizable modular process improvement,137.5,Other,savings,10373.49,False,Misc Purchase,amit_kumar,Amit Kumar
b3c9c878-c5e,2024-10-17,Health Ins Co - Assimilated well-modulated product,222.97,Insurance,credit,-471.46,False,Health Ins Co,amit_kumar,Amit Kumar
d0c0221d-e3e,2024-10-17,Bookstore - Open-source exuding focus group,297.53,Education,checking,-31128.9,False,Bookstore,rajesh_sharma,Rajesh Sharma
54461827-a23,2024-10-17,Property Mgmt - Mandatory interactive service-desk,1256.96,Housing,checking,-42084.85,False,Property Mgmt,amit_kumar,Amit Kumar
90bf1df8-a9b,2024-10-17,Cloud Storage - Profit-focused optimizing groupware,118.73,Subscriptions,checking,-8131.85,False,Cloud Storage,rajesh_sharma,Rajesh Sharma
c3f82afe-3ca,2024-10-17,Adobe - Face-to-face zero-defect knowledgebase,380.29,Subscriptions,checking,12874.78,False,Adobe,tanishka_dhanwan,Tanishka Dhanwan
bb15b126-501,2024-10-17,"Payroll - Turner, Ferrell and Irwin",2662.58,Income,credit,-58192.18,True,"Turner, Ferrell and Irwin",priya_singh,Priya Singh
948a4183-995,2024-10-17,State Farm - Realigned real-time archive,441.01,Insurance,checking,6847.17,False,State Farm,tanishka_dhanwan,Tanishka Dhanwan
d947c1ad-6cf,2024-10-17,Rent Payment - Horizontal bifurcated collaboration,1378.59,Housing,savings,12157.19,False,Rent Payment,tanishka_dhanwan,Tanishka Dhanwan
362fcf71-caa,2024-10-17,AMC Theaters - Customizable object-oriented frame,144.0,Entertainment,credit,-39730.04,False,AMC Theaters,tanishka_dhanwan,Tanishka Dhanwan
547d3c7b-268,2024-10-17,Shell Gas - Polarized contextually-based encoding,208.05,Transportation,credit,-35459.37,False,Shell Gas,tanishka_dhanwan,Tanishka Dhanwan
bd78751d-041,2024-10-17,Chipotle - Profit-focused exuding hierarchy,224.69,Dining,credit,-76612.42,False,Chipotle,amit_kumar,Amit Kumar
cd28eb0c-d48,2024-10-17,McDonald's - Exclusive leadingedge instruction set,36.72,Dining,savings,16923.64,False,McDonald's,amit_kumar,Amit Kumar
bc3757f0-3c4,2024-10-17,Payroll - Fuentes-Martinez,2405.31,Income,checking,-1715.15,True,Fuentes-Martinez,amit_kumar,Amit Kumar
1594dea4-b56,2024-10-17,Uber - Grass-roots stable neural-net,198.99,Transportation,credit,-6371.89,False,Uber,amit_kumar,Amit Kumar
0a96ba83-624,2024-10-17,Trader Joe's - Pre-emptive radical installation,497.25,Groceries,credit,-36336.43,False,Trader Joe's,tanishka_dhanwan,Tanishka Dhanwan
bd9a2b86-cce,2024-10-17,Tuition - Devolved secondary workforce,80.06,Education,checking,-57045.97,False,Tuition,priya_singh,Priya Singh
f78b7f5b-5e2,2024-10-17,Bookstore - Optimized secondary service-desk,123.51,Education,savings,8161.38,False,Bookstore,amit_kumar,Amit Kumar
599ea753-87c,2024-10-17,Whole Foods - Versatile solution-oriented access,59.15,Groceries,checking,-5075.68,False,Whole Foods,priya_singh,Priya Singh
2914c1e1-2b7,2024-10-18,Misc Purchase - Programmable multi-tasking encoding,301.97,Other,credit,-25198.75,False,Misc Purchase,tanishka_dhanwan,Tanishka Dhanwan
0d929dd9-9de,2024-10-18,"Payroll - Wilson, Lewis and Kennedy",2664.8,Income,checking,1904.78,True,"Wilson, Lewis and Kennedy",amit_kumar,Amit Kumar
4f54f8ca-8b7,2024-10-18,Chipotle - Face-to-face 3rdgeneration parallelism,213.02,Dining,savings,-13835.79,False,Chipotle,amit_kumar,Amit Kumar
6a06c322-b07,2024-10-18,HOA Fees - Re-engineered even-keeled matrix,1339.95,Housing,credit,-42806.9,False,HOA Fees,priya_singh,Priya Singh
95790e7a-482,2024-10-18,Property Mgmt - Optional client-driven artificial intelligence,986.12,Housing,savings,-5861.63,False,Property Mgmt,priya_singh,Priya Singh
a4ccc81d-633,2024-10-18,Health Ins Co - Triple-buffered client-server time-frame,127.19,Insurance,checking,-70200.63,False,Health Ins Co,rajesh_sharma,Rajesh Sharma
92753795-4f1,2024-10-18,Amazon - Enterprise-wide dynamic challenge,499.4,Shopping,savings,7201.74,False,Amazon,amit_kumar,Amit Kumar
09567147-cb8,2024-10-18,Property Mgmt - Ergonomic modular moratorium,1464.69,Housing,checking,-69814.86,False,Property Mgmt,rajesh_sharma,Rajesh Sharma
f2c25c87-945,2024-10-18,Electric Co - Compatible client-server system engine,107.44,Utilities,credit,-56061.92,False,Electric Co,rajesh_sharma,Rajesh Sharma
bf1f211d-52d,2024-10-18,Property Mgmt - Implemented didactic approach,1141.41,Housing,checking,-4132.44,False,Property Mgmt,rajesh_sharma,Rajesh Sharma
df1e8ebf-598,2024-10-18,Starbucks - Universal holistic function,184.7,Dining,savings,7427.63,False,Starbucks,amit_kumar,Amit Kumar
2f7a4b72-fdd,2024-10-18,Property Mgmt - Triple-buffered actuating intranet,1656.78,Housing,credit,-25346.03,False,Property Mgmt,amit_kumar,Amit Kumar
a8153391-a69,2024-10-18,Starbucks - Secured bandwidth-monitored Internet solution,462.46,Dining,savings,17951.52,False,Starbucks,priya_singh,Priya Singh
5801bd79-d78,2024-10-18,Payroll - Lamb and Sons,2861.11,Income,savings,-11482.93,True,Lamb and Sons,amit_kumar,Amit Kumar
e56d41f8-4d0,2024-10-18,Payroll - Murphy Ltd,3656.61,Income,savings,10851.86,True,Murphy Ltd,priya_singh,Priya Singh
2307cc53-7a9,2024-10-18,Whole Foods - Right-sized human-resource pricing structure,197.59,Groceries,savings,-53104.07,False,Whole Foods,rajesh_sharma,Rajesh Sharma
9a8be091-572,2024-10-18,Gym Membership - Front-line modular migration,150.62,Subscriptions,credit,-37449.08,False,Gym Membership,amit_kumar,Amit Kumar
df123f40-994,2024-10-18,Electric Co - Universal solution-oriented utilization,431.86,Utilities,savings,9648.96,False,Electric Co,priya_singh,Priya Singh
ab0a88a3-d4a,2024-10-19,City Hospital - Innovative hybrid secured line,323.84,Healthcare,savings,22662.52,False,City Hospital,amit_kumar,Amit Kumar
b4d08345-687,2024-10-19,Internet Provider - Fundamental foreground superstructure,75.86,Utilities,savings,7388.1,False,Internet Provider,priya_singh,Priya Singh
e88b487b-079,2024-10-19,Netflix - Down-sized system-worthy framework,281.97,Entertainment,savings,-2525.6,False,Netflix,rajesh_sharma,Rajesh Sharma
77901f82-f33,2024-10-19,McDonald's - Quality-focused client-driven projection,269.47,Dining,checking,-32489.97,False,McDonald's,rajesh_sharma,Rajesh Sharma
9d75ed2c-0aa,2024-10-19,Property Mgmt - Expanded multi-state utilization,1559.93,Housing,credit,-36181.4,False,Property Mgmt,priya_singh,Priya Singh
6e0cd118-9be,2024-10-19,Cloud Storage - Innovative encompassing software,477.28,Subscriptions,checking,1863.13,False,Cloud Storage,amit_kumar,Amit Kumar
d8681168-db0,2024-10-19,State Farm - Adaptive multi-tasking support,18.77,Insurance,checking,-6551.53,False,State Farm,priya_singh,Priya Singh
3971860d-27b,2024-10-19,Property Mgmt - Re-contextualized full-range pricing structure,861.06,Housing,credit,-51442.44,False,Property Mgmt,amit_kumar,Amit Kumar
9e553e2d-4d7,2024-10-19,Spotify - Adaptive empowering info-mediaries,200.1,Entertainment,credit,-59661.73,False,Spotify,rajesh_sharma,Rajesh Sharma
09af37df-2de,2024-10-19,Delta Airlines - Streamlined leadingedge interface,377.47,Travel,checking,-58352.62,False,Delta Airlines,tanishka_dhanwan,Tanishka Dhanwan
0a17a1d7-018,2024-10-19,Best Buy - Focused responsive throughput,334.88,Shopping,checking,-40468.7,False,Best Buy,tanishka_dhanwan,Tanishka Dhanwan
008cfdd6-294,2024-10-19,Netflix - Proactive didactic Graphical User Interface,464.14,Entertainment,credit,-55548.01,False,Netflix,priya_singh,Priya Singh
78246f69-26a,2024-10-19,Rent Payment - Cross-platform asymmetric leverage,1095.83,Housing,credit,-50627.36,False,Rent Payment,priya_singh,Priya Singh
c29ea6b2-f29,2024-10-20,Credit Card Payment - Networked executive knowledgebase,38.63,Debt Payment,checking,13091.47,False,Credit Card Payment,amit_kumar,Amit Kumar
7f6e3eb6-d0b,2024-10-20,Starbucks - Switchable 24hour encryption,64.07,Dining,savings,-15993.52,False,Starbucks,amit_kumar,Amit Kumar
075a0985-412,2024-10-20,Rent Payment - Multi-layered non-volatile protocol,1696.31,Housing,credit,-76412.85,False,Rent Payment,amit_kumar,Amit Kumar
f90dffe2-27b,2024-10-20,Electric Co - Organic well-modulated archive,316.62,Utilities,checking,-35721.55,False,Electric Co,rajesh_sharma,Rajesh Sharma
01f65ce7-ddf,2024-10-20,HOA Fees - Compatible homogeneous capacity,1928.48,Housing,checking,-45437.88,False,HOA Fees,tanishka_dhanwan,Tanishka Dhanwan
65563870-dc2,2024-10-20,Whole Foods - Polarized exuding collaboration,15.95,Groceries,checking,-3563.88,False,Whole Foods,amit_kumar,Amit Kumar
dd4731f7-a2f,2024-10-20,Electric Co - Reactive homogeneous Internet solution,464.1,Utilities,savings,-34456.93,False,Electric Co,rajesh_sharma,Rajesh Sharma
f124b736-ad9,2024-10-20,Student Loan - Persistent intermediate superstructure,189.15,Debt Payment,checking,-15939.26,False,Student Loan,rajesh_sharma,Rajesh Sharma
10740991-d32,2024-10-20,Internet Provider - Cross-group coherent function,280.36,Utilities,credit,-36526.39,False,Internet Provider,amit_kumar,Amit Kumar
801da6ce-942,2024-10-20,Property Mgmt - Digitized multimedia info-mediaries,1598.49,Housing,credit,-59082.13,False,Property Mgmt,rajesh_sharma,Rajesh Sharma
b213cbc7-f15,2024-10-20,Payroll - Melton-Church,2403.37,Income,savings,16263.42,True,Melton-Church,amit_kumar,Amit Kumar
d76b3812-de0,2024-10-20,State Farm - Synergistic systemic portal,10.17,Insurance,credit,-37983.44,False,State Farm,amit_kumar,Amit Kumar
1201a399-bb4,2024-10-20,Walmart - Front-line demand-driven architecture,75.07,Groceries,credit,-67655.57,False,Walmart,rajesh_sharma,Rajesh Sharma
24a96502-221,2024-10-20,Payroll - Jackson LLC,2686.23,Income,savings,-25151.83,True,Jackson LLC,amit_kumar,Amit Kumar
48e0aaab-42a,2024-10-20,CVS Pharmacy - Configurable encompassing hub,217.97,Healthcare,savings,16705.67,False,CVS Pharmacy,amit_kumar,Amit Kumar
3f904516-15d,2024-10-20,Water Dept - Persevering 3rdgeneration ability,313.22,Utilities,credit,-55114.37,False,Water Dept,tanishka_dhanwan,Tanishka Dhanwan
b0756702-6a1,2024-10-20,Uber - Cloned content-based knowledgebase,486.97,Transportation,credit,-76323.33,False,Uber,priya_singh,Priya Singh
de5e932b-542,2024-10-20,Internet Provider - Digitized user-facing productivity,5.89,Utilities,credit,-55322.65,False,Internet Provider,rajesh_sharma,Rajesh Sharma
5b63fba4-234,2024-10-20,City Hospital - Streamlined system-worthy ability,61.87,Healthcare,checking,-10712.06,False,City Hospital,rajesh_sharma,Rajesh Sharma
11f68352-515,2024-10-20,Cloud Storage - Centralized dynamic alliance,116.34,Subscriptions,savings,7457.57,False,Cloud Storage,priya_singh,Priya Singh
705e0f84-0fc,2024-10-20,Rent Payment - Implemented bandwidth-monitored definition,903.44,Housing,checking,-33594.58,False,Rent Payment,tanishka_dhanwan,Tanishka Dhanwan
0e112970-d80,2024-10-20,Bookstore - Visionary executive time-frame,44.02,Education,credit,-48945.71,False,Bookstore,rajesh_sharma,Rajesh Sharma
dbaae155-bbf,2024-10-20,"Payroll - Whitney, Lloyd and Liu",2490.57,Income,checking,-2897.36,True,"Whitney, Lloyd and Liu",amit_kumar,Amit Kumar
0387c509-2ae,2024-10-21,Chipotle - Public-key even-keeled policy,316.01,Dining,credit,-64661.9,False,Chipotle,rajesh_sharma,Rajesh Sharma
1652124f-7e0,2024-10-21,Rent Payment - Multi-layered 6thgeneration frame,1647.16,Housing,savings,-36098.23,False,Rent Payment,tanishka_dhanwan,Tanishka Dhanwan
348ed4c8-5bd,2024-10-21,Student Loan - Robust local middleware,28.36,Debt Payment,checking,-60425.99,False,Student Loan,tanishka_dhanwan,Tanishka Dhanwan
e4d477ba-93c,2024-10-21,Target - Versatile methodical middleware,307.76,Shopping,savings,9872.82,False,Target,amit_kumar,Amit Kumar
38b54e19-3c3,2024-10-21,Property Mgmt - Visionary zero-defect model,2089.63,Housing,savings,3110.99,False,Property Mgmt,rajesh_sharma,Rajesh Sharma
2eae734c-49d,2024-10-21,ATM Withdrawal - Future-proofed 4thgeneration leverage,187.13,Other,savings,-4635.95,False,ATM Withdrawal,tanishka_dhanwan,Tanishka Dhanwan
d31d3f81-5a0,2024-10-21,AMC Theaters - Synergized intangible collaboration,218.12,Entertainment,credit,-36263.0,False,AMC Theaters,priya_singh,Priya Singh
162a8317-c6d,2024-10-21,Uber - Devolved responsive attitude,212.03,Transportation,savings,-5269.31,False,Uber,rajesh_sharma,Rajesh Sharma
eb99a2ca-cc7,2024-10-21,Delta Airlines - Open-source well-modulated productivity,323.13,Travel,credit,-61459.9,False,Delta Airlines,priya_singh,Priya Singh
f74d751a-087,2024-10-21,Netflix - Team-oriented systematic infrastructure,302.46,Entertainment,savings,15960.96,False,Netflix,amit_kumar,Amit Kumar
809bf7b9-1e7,2024-10-21,Walmart - User-centric transitional application,143.96,Groceries,checking,-3172.04,False,Walmart,tanishka_dhanwan,Tanishka Dhanwan
7bb0a25d-cc3,2024-10-21,"Payroll - Butler, Brewer and Lopez",3677.87,Income,credit,5028.77,True,"Butler, Brewer and Lopez",priya_singh,Priya Singh
f2a69a5d-d81,2024-10-21,HOA Fees - Fully-configurable multi-state monitoring,1168.57,Housing,checking,-50865.52,False,HOA Fees,priya_singh,Priya Singh
5ee42e43-ccd,2024-10-21,Costco - Synergistic well-modulated moderator,208.95,Groceries,savings,-26062.74,False,Costco,amit_kumar,Amit Kumar
e33e9b4d-7b9,2024-10-21,Dental Care - Re-contextualized even-keeled policy,243.68,Healthcare,checking,-59532.26,False,Dental Care,tanishka_dhanwan,Tanishka Dhanwan
4a73cd02-5e6,2024-10-21,Walmart - Extended bifurcated encoding,271.71,Groceries,credit,-58735.93,False,Walmart,priya_singh,Priya Singh
ed7933c3-125,2024-10-21,"Payroll - Fuentes, Hansen and Brown",1817.31,Income,savings,7910.64,True,"Fuentes, Hansen and Brown",amit_kumar,Amit Kumar
3c679f63-258,2024-10-22,CVS Pharmacy - Versatile 4thgeneration Graphical User Interface,399.62,Healthcare,checking,-25539.21,False,CVS Pharmacy,tanishka_dhanwan,Tanishka Dhanwan
97afc82b-48f,2024-10-22,Internet Provider - Business-focused cohesive info-mediaries,135.81,Utilities,savings,28292.19,False,Internet Provider,priya_singh,Priya Singh
148521db-b5b,2024-10-22,Walmart - Quality-focused maximized installation,458.62,Groceries,credit,-40990.7,False,Walmart,rajesh_sharma,Rajesh Sharma
5813c3aa-4dc,2024-10-22,Rent Payment - Centralized didactic access,1276.04,Housing,credit,-26613.52,False,Rent Payment,tanishka_dhanwan,Tanishka Dhanwan
1a7decc2-b37,2024-10-22,Rent Payment - Distributed even-keeled core,1843.78,Housing,savings,-27906.72,False,Rent Payment,rajesh_sharma,Rajesh Sharma
a225c0c6-116,2024-10-22,State Farm - Inverse 4thgeneration productivity,307.71,Insurance,checking,-25476.96,False,State Farm,rajesh_sharma,Rajesh Sharma
7f6f60a6-567,2024-10-22,Delta Airlines - Seamless intangible installation,209.15,Travel,checking,-51260.34,False,Delta Airlines,priya_singh,Priya Singh
bad90c8c-3a8,2024-10-22,Bookstore - Enterprise-wide heuristic function,42.81,Education,savings,-15974.11,False,Bookstore,tanishka_dhanwan,Tanishka Dhanwan
8eaa3b03-3b4,2024-10-22,Best Buy - Multi-channeled empowering capability,207.22,Shopping,checking,-1272.18,False,Best Buy,tanishka_dhanwan,Tanishka Dhanwan
6d5f52b0-207,2024-10-22,Electric Co - User-friendly modular forecast,377.4,Utilities,checking,-12023.87,False,Electric Co,rajesh_sharma,Rajesh Sharma
0870d6e8-fd9,2024-10-22,Metro Transit - Advanced foreground solution,340.19,Transportation,checking,8392.97,False,Metro Transit,tanishka_dhanwan,Tanishka Dhanwan
588ac09c-753,2024-10-22,Electric Co - Versatile intangible analyzer,324.0,Utilities,credit,-16662.93,False,Electric Co,priya_singh,Priya Singh
330699c7-3a7,2024-10-22,"Payroll - Delacruz, Anderson and Howard",3636.97,Income,credit,-49672.62,True,"Delacruz, Anderson and Howard",rajesh_sharma,Rajesh Sharma
491f12ee-139,2024-10-22,Starbucks - Universal directional emulation,270.51,Dining,credit,-39362.28,False,Starbucks,amit_kumar,Amit Kumar
fcf4bdab-6e6,2024-10-22,Marriott - Profound interactive neural-net,478.06,Travel,credit,-67297.17,False,Marriott,priya_singh,Priya Singh
cbd5173d-d88,2024-10-22,ATM Withdrawal - Virtual system-worthy contingency,451.64,Other,credit,-31851.15,False,ATM Withdrawal,rajesh_sharma,Rajesh Sharma
73e9df7e-fbf,2024-10-22,Starbucks - Reactive needs-based frame,98.57,Dining,credit,-54008.74,False,Starbucks,rajesh_sharma,Rajesh Sharma
64b0c722-414,2024-10-22,"Payroll - Barker, Davis and Carpenter",1947.65,Income,checking,3810.78,True,"Barker, Davis and Carpenter",amit_kumar,Amit Kumar
c2c959ec-e7e,2024-10-22,Delta Airlines - Advanced didactic productivity,396.94,Travel,credit,-32927.1,False,Delta Airlines,tanishka_dhanwan,Tanishka Dhanwan
b9ea95d4-ba1,2024-10-22,Electric Co - Public-key uniform core,215.26,Utilities,savings,-31715.35,False,Electric Co,rajesh_sharma,Rajesh Sharma
60af2861-3f8,2024-10-22,Property Mgmt - Triple-buffered composite parallelism,2195.56,Housing,credit,-33377.86,False,Property Mgmt,tanishka_dhanwan,Tanishka Dhanwan
b478bac5-335,2024-10-22,Starbucks - Stand-alone grid-enabled knowledge user,13.37,Dining,credit,-21969.89,False,Starbucks,amit_kumar,Amit Kumar
24886d1e-b26,2024-10-22,State Farm - Function-based client-server approach,297.63,Insurance,checking,-7035.33,False,State Farm,priya_singh,Priya Singh
87e99b88-758,2024-10-23,Delta Airlines - Reduced needs-based open system,112.83,Travel,savings,26419.37,False,Delta Airlines,priya_singh,Priya Singh
9fb4fa72-ad7,2024-10-23,Cloud Storage - Synergistic needs-based groupware,362.09,Subscriptions,credit,-65241.09,False,Cloud Storage,rajesh_sharma,Rajesh Sharma
9ab0ded2-d04,2024-10-23,Student Loan - Enterprise-wide value-added extranet,30.12,Debt Payment,checking,-61677.83,False,Student Loan,tanishka_dhanwan,Tanishka Dhanwan
b25720b1-00a,2024-10-23,Netflix - Diverse actuating flexibility,409.66,Entertainment,checking,3286.3,False,Netflix,amit_kumar,Amit Kumar
0ffafa0a-1c8,2024-10-23,McDonald's - Balanced well-modulated system engine,409.14,Dining,savings,-8927.07,False,McDonald's,rajesh_sharma,Rajesh Sharma
8cb931a5-13b,2024-10-23,Spotify - Fully-configurable stable secured line,184.45,Entertainment,savings,-45970.15,False,Spotify,rajesh_sharma,Rajesh Sharma
dde734fa-037,2024-10-23,Payroll - Gordon-Henderson,4383.71,Income,credit,-79776.8,True,Gordon-Henderson,priya_singh,Priya Singh
f1a76803-89b,2024-10-23,Spotify - Synchronized next generation data-warehouse,343.62,Entertainment,credit,-73819.85,False,Spotify,rajesh_sharma,Rajesh Sharma
b7239ab3-5a4,2024-10-23,Best Buy - Configurable holistic definition,455.54,Shopping,savings,-5703.29,False,Best Buy,rajesh_sharma,Rajesh Sharma
5acfcdb1-b55,2024-10-23,Payroll - Bryant-Duffy,2307.34,Income,credit,-74716.54,True,Bryant-Duffy,amit_kumar,Amit Kumar
aaa0561a-246,2024-10-23,Spotify - Customizable coherent core,402.93,Entertainment,savings,8392.72,False,Spotify,amit_kumar,Amit Kumar
5dd3a411-aaf,2024-10-23,Water Dept - Assimilated logistical structure,220.73,Utilities,savings,12301.47,False,Water Dept,priya_singh,Priya Singh
1100af54-08b,2024-10-24,Costco - Public-key neutral policy,235.68,Groceries,credit,-76176.84,False,Costco,amit_kumar,Amit Kumar
16cf6476-333,2024-10-24,Starbucks - Fully-configurable eco-centric website,198.76,Dining,credit,-51014.81,False,Starbucks,tanishka_dhanwan,Tanishka Dhanwan
2fdf80bb-266,2024-10-24,Payroll - Paul LLC,2484.5,Income,savings,5340.39,True,Paul LLC,amit_kumar,Amit Kumar
3e06f6f9-8b4,2024-10-24,Internet Provider - Team-oriented eco-centric knowledgebase,374.69,Utilities,checking,-9251.1,False,Internet Provider,rajesh_sharma,Rajesh Sharma
32f57895-b67,2024-10-24,Spotify - Business-focused maximized forecast,187.2,Entertainment,savings,-14542.09,False,Spotify,tanishka_dhanwan,Tanishka Dhanwan
21243c91-7c8,2024-10-24,Local Bistro - Compatible stable system engine,390.62,Dining,savings,13868.12,False,Local Bistro,amit_kumar,Amit Kumar
d810c85c-4d4,2024-10-24,Metro Transit - Optimized homogeneous archive,485.46,Transportation,checking,-30192.12,False,Metro Transit,rajesh_sharma,Rajesh Sharma
3802db1f-f51,2024-10-24,Chipotle - Proactive foreground projection,220.77,Dining,checking,-43358.02,False,Chipotle,tanishka_dhanwan,Tanishka Dhanwan
5535ce93-290,2024-10-24,State Farm - Digitized demand-driven capacity,418.44,Insurance,savings,-6354.6,False,State Farm,amit_kumar,Amit Kumar
b5177c29-8c6,2024-10-24,Rent Payment - Intuitive static matrices,2048.6,Housing,checking,-20332.33,False,Rent Payment,amit_kumar,Amit Kumar
053fa721-e61,2024-10-24,Amazon - Balanced dynamic standardization,235.11,Shopping,savings,-10467.14,False,Amazon,priya_singh,Priya Singh
ce682002-7ae,2024-10-25,Marriott - Progressive methodical open architecture,299.03,Travel,checking,-5016.53,False,Marriott,priya_singh,Priya Singh
b3092c62-9a1,2024-10-25,CVS Pharmacy - Balanced bandwidth-monitored product,333.25,Healthcare,credit,-70841.02,False,CVS Pharmacy,rajesh_sharma,Rajesh Sharma
65125367-fc2,2024-10-25,AMC Theaters - Decentralized stable emulation,470.27,Entertainment,credit,-38624.35,False,AMC Theaters,priya_singh,Priya Singh
aa171620-038,2024-10-25,Delta Airlines - Stand-alone executive Graphic Interface,25.23,Travel,savings,17201.37,False,Delta Airlines,amit_kumar,Amit Kumar
3292da2d-ec3,2024-10-25,Payroll - Elliott-Farmer,2473.64,Income,checking,-59635.38,True,Elliott-Farmer,tanishka_dhanwan,Tanishka Dhanwan
227cd2a8-43b,2024-10-25,Chipotle - Business-focused stable synergy,7.46,Dining,savings,-25886.88,False,Chipotle,amit_kumar,Amit Kumar
080400ed-a77,2024-10-25,"Payroll - Zamora, Bolton and Anderson",3283.05,Income,savings,-28755.85,True,"Zamora, Bolton and Anderson",tanishka_dhanwan,Tanishka Dhanwan
40fdff20-f59,2024-10-25,Costco - Organic systematic capability,376.79,Groceries,credit,-37492.11,False,Costco,amit_kumar,Amit Kumar
9daf94a0-2c4,2024-10-25,Starbucks - Intuitive static extranet,317.0,Dining,checking,-23782.12,False,Starbucks,rajesh_sharma,Rajesh Sharma
5655e382-a29,2024-10-25,Trader Joe's - User-friendly fault-tolerant adapter,38.08,Groceries,credit,-57823.67,False,Trader Joe's,priya_singh,Priya Singh
e5ae1479-4b1,2024-10-25,Spotify - Stand-alone dynamic algorithm,463.27,Entertainment,savings,24670.94,False,Spotify,amit_kumar,Amit Kumar
d2907ca4-ad7,2024-10-25,HOA Fees - Programmable systematic capacity,1276.1,Housing,checking,-46224.16,False,HOA Fees,priya_singh,Priya Singh
d63a08bd-040,2024-10-26,Amazon - Configurable real-time data-warehouse,168.22,Shopping,checking,-51894.59,False,Amazon,tanishka_dhanwan,Tanishka Dhanwan
fc935caf-863,2024-10-26,HOA Fees - Vision-oriented logistical alliance,888.53,Housing,credit,-47300.52,False,HOA Fees,rajesh_sharma,Rajesh Sharma
03e089b0-0e6,2024-10-26,Parking Co - Triple-buffered dynamic task-force,272.45,Transportation,checking,-59728.66,False,Parking Co,tanishka_dhanwan,Tanishka Dhanwan
1bb92779-a96,2024-10-26,Payroll - Valenzuela Ltd,3262.63,Income,savings,3445.86,True,Valenzuela Ltd,amit_kumar,Amit Kumar
5a69fbb2-c31,2024-10-26,Netflix - Distributed encompassing forecast,458.46,Entertainment,checking,-8586.4,False,Netflix,rajesh_sharma,Rajesh Sharma
6d7f606c-bb0,2024-10-26,McDonald's - Right-sized coherent hub,133.13,Dining,checking,-21477.15,False,McDonald's,priya_singh,Priya Singh
d11fee4a-94e,2024-10-26,Payroll - Davenport-Baird,3159.93,Income,checking,-9650.61,True,Davenport-Baird,rajesh_sharma,Rajesh Sharma
318e57a8-2de,2024-10-26,HOA Fees - Proactive incremental neural-net,2021.99,Housing,checking,-66688.77,False,HOA Fees,rajesh_sharma,Rajesh Sharma
70bb8ec1-503,2024-10-26,Costco - Organic asymmetric leverage,262.72,Groceries,savings,-9865.47,False,Costco,rajesh_sharma,Rajesh Sharma
8075b60d-175,2024-10-26,Cloud Storage - User-centric optimal emulation,267.78,Subscriptions,credit,-66177.35,False,Cloud Storage,priya_singh,Priya Singh
8509bf0c-ad0,2024-10-26,"Payroll - Bowen, Miller and Snyder",3465.31,Income,checking,13130.1,True,"Bowen, Miller and Snyder",amit_kumar,Amit Kumar
d6cd4249-ab5,2024-10-26,Walmart - Cloned incremental service-desk,247.84,Groceries,checking,-29706.66,False,Walmart,rajesh_sharma,Rajesh Sharma
166a236d-7a6,2024-10-26,Metro Transit - Multi-layered clear-thinking synergy,200.42,Transportation,savings,-62241.21,False,Metro Transit,rajesh_sharma,Rajesh Sharma
252027d1-ca4,2024-10-26,Walmart - Seamless user-facing framework,87.84,Groceries,checking,-38992.94,False,Walmart,rajesh_sharma,Rajesh Sharma
0b0706ea-1b4,2024-10-26,Payroll - Gentry Inc,3678.03,Income,credit,-74604.02,True,Gentry Inc,amit_kumar,Amit Kumar
06c2b618-eba,2024-10-26,Chipotle - Profound discrete installation,78.71,Dining,savings,17022.12,False,Chipotle,amit_kumar,Amit Kumar
11c452dc-253,2024-10-26,Misc Purchase - Object-based content-based pricing structure,400.1,Other,credit,-11152.77,False,Misc Purchase,tanishka_dhanwan,Tanishka Dhanwan
e9a53d69-eb1,2024-10-26,Property Mgmt - Multi-layered disintermediate info-mediaries,1574.52,Housing,checking,-28330.34,False,Property Mgmt,rajesh_sharma,Rajesh Sharma
4d5763c6-2c6,2024-10-27,Starbucks - Networked encompassing collaboration,11.81,Dining,savings,-8667.74,False,Starbucks,priya_singh,Priya Singh
8121aacc-3f1,2024-10-27,Local Bistro - Total well-modulated function,471.25,Dining,savings,-13821.48,False,Local Bistro,rajesh_sharma,Rajesh Sharma
c87dc782-9b8,2024-10-27,Spotify - Public-key user-facing approach,239.85,Entertainment,checking,-68138.41,False,Spotify,rajesh_sharma,Rajesh Sharma
1406d205-258,2024-10-27,Rent Payment - Object-based 24/7 monitoring,968.96,Housing,savings,-13151.46,False,Rent Payment,amit_kumar,Amit Kumar
9c70bd3d-de9,2024-10-27,ATM Withdrawal - Fundamental background project,330.95,Other,credit,2683.73,False,ATM Withdrawal,priya_singh,Priya Singh
fd18c8cc-63e,2024-10-27,"Payroll - Weaver, Hopkins and Jones",2211.64,Income,credit,-43144.36,True,"Weaver, Hopkins and Jones",tanishka_dhanwan,Tanishka Dhanwan
ccaff311-bc0,2024-10-27,Misc Purchase - Cloned bifurcated orchestration,64.95,Other,savings,14484.63,False,Misc Purchase,tanishka_dhanwan,Tanishka Dhanwan
7026e0f5-ccc,2024-10-27,Water Dept - Cross-platform tertiary utilization,319.91,Utilities,credit,-34926.54,False,Water Dept,tanishka_dhanwan,Tanishka Dhanwan
b79c1425-636,2024-10-27,Credit Card Payment - Reactive incremental help-desk,484.49,Debt Payment,savings,-21384.25,False,Credit Card Payment,tanishka_dhanwan,Tanishka Dhanwan
60a5b76a-da8,2024-10-27,Adobe - Adaptive actuating throughput,174.24,Subscriptions,checking,-14006.43,False,Adobe,amit_kumar,Amit Kumar
e1c1ef67-994,2024-10-27,Target - Re-contextualized national help-desk,129.33,Shopping,credit,-68299.78,False,Target,priya_singh,Priya Singh
7d8856c8-8ef,2024-10-27,Rent Payment - Reduced fresh-thinking instruction set,1948.49,Housing,credit,-72627.63,False,Rent Payment,priya_singh,Priya Singh
8c64311f-cb6,2024-10-28,AMC Theaters - Profound local matrix,444.56,Entertainment,checking,-7438.02,False,AMC Theaters,priya_singh,Priya Singh
b5b42c30-2a8,2024-10-28,Spotify - Future-proofed bi-directional intranet,113.99,Entertainment,checking,-49104.15,False,Spotify,amit_kumar,Amit Kumar
bfaff35f-cf2,2024-10-28,Rent Payment - Expanded intermediate toolset,1905.98,Housing,checking,-8361.4,False,Rent Payment,rajesh_sharma,Rajesh Sharma
88a2d583-9ac,2024-10-28,Local Bistro - Reverse-engineered intangible application,413.56,Dining,savings,11426.51,False,Local Bistro,amit_kumar,Amit Kumar
51f6b742-e05,2024-10-28,Parking Co - Vision-oriented encompassing orchestration,326.28,Transportation,savings,-18296.99,False,Parking Co,tanishka_dhanwan,Tanishka Dhanwan
b76351c6-2dc,2024-10-28,"Payroll - Adams, Zuniga and Wong",3161.76,Income,savings,17123.49,True,"Adams, Zuniga and Wong",rajesh_sharma,Rajesh Sharma
56a23137-c34,2024-10-28,ATM Withdrawal - Quality-focused didactic interface,222.54,Other,checking,-37678.36,False,ATM Withdrawal,rajesh_sharma,Rajesh Sharma
52c81ca4-026,2024-10-28,Payroll - Myers LLC,2879.36,Income,checking,-13832.19,True,Myers LLC,amit_kumar,Amit Kumar
e98a61f1-0e0,2024-10-28,Rent Payment - Vision-oriented composite policy,823.32,Housing,credit,-7034.91,False,Rent Payment,tanishka_dhanwan,Tanishka Dhanwan
d5ad21f9-82a,2024-10-28,Spotify - Total regional matrices,107.94,Entertainment,savings,-10440.11,False,Spotify,tanishka_dhanwan,Tanishka Dhanwan
e544ed27-339,2024-10-28,AMC Theaters - Stand-alone hybrid flexibility,306.61,Entertainment,checking,-15035.43,False,AMC Theaters,priya_singh,Priya Singh
570634bf-047,2024-10-29,Dental Care - Pre-emptive fault-tolerant ability,487.01,Healthcare,savings,-9933.83,False,Dental Care,tanishka_dhanwan,Tanishka Dhanwan
d03f6ae1-cb0,2024-10-29,Target - Front-line exuding circuit,268.71,Shopping,credit,-70287.82,False,Target,rajesh_sharma,Rajesh Sharma
aa0c6a13-20e,2024-10-29,Payroll - Hernandez and Sons,4290.93,Income,savings,28464.77,True,Hernandez and Sons,priya_singh,Priya Singh
8793b762-f0e,2024-10-29,McDonald's - Team-oriented static throughput,57.91,Dining,savings,-6080.58,False,McDonald's,priya_singh,Priya Singh
1b0ac0ba-e19,2024-10-29,Costco - Open-architected systemic middleware,17.33,Groceries,checking,-33943.39,False,Costco,rajesh_sharma,Rajesh Sharma
17ef0786-87c,2024-10-29,Spotify - Synergistic web-enabled success,401.3,Entertainment,credit,-53353.77,False,Spotify,rajesh_sharma,Rajesh Sharma
b91be163-fbd,2024-10-29,Parking Co - Monitored heuristic knowledgebase,198.74,Transportation,credit,-55572.64,False,Parking Co,rajesh_sharma,Rajesh Sharma
6e8dbf08-bc9,2024-10-29,Delta Airlines - Robust multi-state task-force,237.69,Travel,checking,-33737.51,False,Delta Airlines,amit_kumar,Amit Kumar
60785a84-01e,2024-10-29,Local Bistro - Focused foreground open architecture,106.79,Dining,checking,-21678.83,False,Local Bistro,priya_singh,Priya Singh
a6e407b0-39e,2024-10-29,Internet Provider - Fundamental incremental intranet,175.65,Utilities,credit,-71004.89,False,Internet Provider,amit_kumar,Amit Kumar
20c38e92-eb8,2024-10-29,McDonald's - Cross-platform intermediate matrix,17.79,Dining,credit,-78134.19,False,McDonald's,amit_kumar,Amit Kumar
46e5196a-238,2024-10-29,Internet Provider - Stand-alone intangible software,427.21,Utilities,credit,-20781.14,False,Internet Provider,tanishka_dhanwan,Tanishka Dhanwan
753ad5a1-1f6,2024-10-29,Rent Payment - Future-proofed zero tolerance knowledge user,1484.9,Housing,credit,-66725.99,False,Rent Payment,rajesh_sharma,Rajesh Sharma
1cb85adc-e7c,2024-10-29,Parking Co - Synergized logistical focus group,468.38,Transportation,checking,-11239.02,False,Parking Co,amit_kumar,Amit Kumar
6a4280e6-546,2024-10-29,Electric Co - Adaptive local capacity,39.64,Utilities,savings,5220.64,False,Electric Co,tanishka_dhanwan,Tanishka Dhanwan
31c5ed8b-cb1,2024-10-30,Student Loan - Realigned composite matrix,360.26,Debt Payment,checking,-38030.01,False,Student Loan,rajesh_sharma,Rajesh Sharma
eab59613-5f5,2024-10-30,Trader Joe's - Optimized asynchronous encryption,62.45,Groceries,credit,-39272.37,False,Trader Joe's,amit_kumar,Amit Kumar
0c35b319-9b0,2024-10-30,Best Buy - Mandatory content-based software,18.09,Shopping,checking,-14377.5,False,Best Buy,amit_kumar,Amit Kumar
db2dc229-57c,2024-10-30,Rent Payment - Advanced tangible concept,1910.34,Housing,credit,-63851.85,False,Rent Payment,rajesh_sharma,Rajesh Sharma
2d3295f4-241,2024-10-30,Walmart - Balanced bi-directional moratorium,249.03,Groceries,credit,-79588.73,False,Walmart,amit_kumar,Amit Kumar
26236b3d-941,2024-10-30,McDonald's - Right-sized full-range adapter,192.56,Dining,checking,5624.04,False,McDonald's,amit_kumar,Amit Kumar
28cdfa69-4e3,2024-10-30,ATM Withdrawal - Horizontal methodical matrices,370.96,Other,savings,-2211.71,False,ATM Withdrawal,rajesh_sharma,Rajesh Sharma
709ccc7e-478,2024-10-30,Whole Foods - Multi-channeled human-resource conglomeration,262.35,Groceries,credit,-37754.46,False,Whole Foods,amit_kumar,Amit Kumar
81ede548-52c,2024-10-30,Property Mgmt - Future-proofed discrete firmware,883.36,Housing,credit,-47149.53,False,Property Mgmt,tanishka_dhanwan,Tanishka Dhanwan
bd9e181c-45f,2024-10-30,Trader Joe's - Organized 3rdgeneration array,269.07,Groceries,savings,-24.63,False,Trader Joe's,rajesh_sharma,Rajesh Sharma
4627dbf5-6c7,2024-10-30,CVS Pharmacy - Assimilated real-time system engine,482.41,Healthcare,credit,-40987.47,False,CVS Pharmacy,tanishka_dhanwan,Tanishka Dhanwan
5106f53c-10a,2024-10-31,Walmart - Function-based system-worthy framework,138.32,Groceries,credit,-69872.01,False,Walmart,amit_kumar,Amit Kumar
e5f45023-af0,2024-10-31,State Farm - Ameliorated incremental archive,440.85,Insurance,credit,-14584.44,False,State Farm,tanishka_dhanwan,Tanishka Dhanwan
0cec0b47-f5f,2024-10-31,Property Mgmt - Extended value-added core,1057.09,Housing,credit,-5985.22,False,Property Mgmt,tanishka_dhanwan,Tanishka Dhanwan
f8aeac4e-311,2024-10-31,Spotify - Object-based leadingedge model,260.12,Entertainment,checking,11678.54,False,Spotify,amit_kumar,Amit Kumar
77cc2335-12d,2024-10-31,Expedia - Progressive attitude-oriented frame,199.55,Travel,credit,-18089.96,False,Expedia,amit_kumar,Amit Kumar
623c2c48-e16,2024-10-31,Spotify - Decentralized discrete interface,309.53,Entertainment,checking,13852.73,False,Spotify,amit_kumar,Amit Kumar
a2b29817-eb8,2024-10-31,Starbucks - Polarized context-sensitive matrices,122.82,Dining,checking,-61599.78,False,Starbucks,tanishka_dhanwan,Tanishka Dhanwan
e785aa8a-659,2024-10-31,Adobe - Diverse context-sensitive initiative,66.44,Subscriptions,credit,-42226.89,False,Adobe,tanishka_dhanwan,Tanishka Dhanwan
c2f68019-a01,2024-10-31,Credit Card Payment - Multi-layered intermediate circuit,361.85,Debt Payment,checking,-7259.69,False,Credit Card Payment,rajesh_sharma,Rajesh Sharma
87ac023c-8c2,2024-10-31,Cloud Storage - Decentralized 24/7 strategy,315.73,Subscriptions,credit,-74910.19,False,Cloud Storage,rajesh_sharma,Rajesh Sharma
0739f962-b75,2024-10-31,Costco - Enterprise-wide tangible secured line,490.88,Groceries,credit,-61482.69,False,Costco,priya_singh,Priya Singh
34396c25-698,2024-10-31,Health Ins Co - Exclusive mobile knowledge user,477.71,Insurance,credit,-16646.66,False,Health Ins Co,amit_kumar,Amit Kumar
e197a3c3-0a1,2024-10-31,Metro Transit - Organic client-driven portal,215.03,Transportation,savings,-26025.76,False,Metro Transit,tanishka_dhanwan,Tanishka Dhanwan
827a89ea-4b6,2024-10-31,Payroll - Gonzalez-Morrison,2617.4,Income,credit,-50388.84,True,Gonzalez-Morrison,rajesh_sharma,Rajesh Sharma
6519db0c-b14,2024-10-31,Trader Joe's - Public-key composite Graphic Interface,358.21,Groceries,checking,-38966.53,False,Trader Joe's,rajesh_sharma,Rajesh Sharma
4c2468f5-f4b,2024-11-01,Bookstore - Public-key contextually-based initiative,12.03,Education,credit,-79151.31,False,Bookstore,amit_kumar,Amit Kumar
c60f6b2e-c95,2024-11-01,Local Bistro - Synergistic interactive solution,37.78,Dining,checking,-44442.87,False,Local Bistro,amit_kumar,Amit Kumar
c0c9438a-9d7,2024-11-01,Trader Joe's - Progressive mobile challenge,435.83,Groceries,savings,-34418.31,False,Trader Joe's,tanishka_dhanwan,Tanishka Dhanwan
da830052-fea,2024-11-01,HOA Fees - Multi-lateral zero-defect neural-net,1812.99,Housing,savings,-30900.58,False,HOA Fees,tanishka_dhanwan,Tanishka Dhanwan
51b05ad8-42e,2024-11-01,HOA Fees - Digitized system-worthy emulation,1801.94,Housing,credit,-8721.04,False,HOA Fees,amit_kumar,Amit Kumar
bda510cc-776,2024-11-01,Starbucks - Open-source bifurcated capability,158.84,Dining,savings,12283.42,False,Starbucks,amit_kumar,Amit Kumar
151202bf-ea8,2024-11-01,Bookstore - Organized contextually-based orchestration,366.53,Education,savings,26734.88,False,Bookstore,priya_singh,Priya Singh
681fdd1e-b1f,2024-11-01,Internet Provider - Triple-buffered executive interface,248.38,Utilities,savings,1886.39,False,Internet Provider,priya_singh,Priya Singh
aba42586-3e1,2024-11-01,Spotify - Devolved maximized secured line,389.53,Entertainment,checking,-12253.54,False,Spotify,rajesh_sharma,Rajesh Sharma
f6e52457-a5b,2024-11-01,AMC Theaters - Robust dynamic moderator,478.71,Entertainment,checking,-13685.67,False,AMC Theaters,amit_kumar,Amit Kumar
5b835ad8-7b2,2024-11-01,AMC Theaters - Upgradable incremental system engine,190.1,Entertainment,checking,-26709.87,False,AMC Theaters,amit_kumar,Amit Kumar
0c5b4d85-c3f,2024-11-01,Delta Airlines - Innovative impactful neural-net,167.64,Travel,credit,-16229.79,False,Delta Airlines,rajesh_sharma,Rajesh Sharma
010953c5-df0,2024-11-01,Health Ins Co - Secured needs-based attitude,153.88,Insurance,checking,13255.07,False,Health Ins Co,tanishka_dhanwan,Tanishka Dhanwan
1cf37202-747,2024-11-01,Parking Co - Monitored systematic capacity,442.01,Transportation,checking,-8232.11,False,Parking Co,priya_singh,Priya Singh
5f455302-890,2024-11-01,Expedia - Ergonomic 24hour productivity,373.38,Travel,checking,-35828.05,False,Expedia,amit_kumar,Amit Kumar
3c6c5c7a-6f7,2024-11-02,Payroll - Armstrong and Sons,4121.79,Income,savings,-33133.89,True,Armstrong and Sons,tanishka_dhanwan,Tanishka Dhanwan
e3e6c2ad-2cf,2024-11-02,Metro Transit - Public-key fresh-thinking alliance,133.65,Transportation,credit,3231.84,False,Metro Transit,amit_kumar,Amit Kumar
d8d0103b-f06,2024-11-02,AMC Theaters - Intuitive solution-oriented frame,141.01,Entertainment,checking,-14728.82,False,AMC Theaters,priya_singh,Priya Singh
c8c685ce-5ec,2024-11-02,Walmart - Assimilated radical leverage,367.54,Groceries,credit,-55013.92,False,Walmart,rajesh_sharma,Rajesh Sharma
399d45e7-160,2024-11-02,Shell Gas - Fully-configurable optimal analyzer,236.32,Transportation,savings,-7332.31,False,Shell Gas,priya_singh,Priya Singh
ccd6571f-cc5,2024-11-02,Amazon - Cloned mission-critical instruction set,106.53,Shopping,credit,-74918.21,False,Amazon,amit_kumar,Amit Kumar
594dba5c-203,2024-11-02,Netflix - Multi-lateral attitude-oriented moderator,217.35,Entertainment,savings,799.12,False,Netflix,priya_singh,Priya Singh
5e409ac1-6f1,2024-11-02,Whole Foods - Digitized regional portal,374.79,Groceries,savings,7327.85,False,Whole Foods,priya_singh,Priya Singh
ff3171b8-8a6,2024-11-02,Water Dept - Universal 6thgeneration policy,21.36,Utilities,savings,-32567.07,False,Water Dept,tanishka_dhanwan,Tanishka Dhanwan
07d4116c-c0e,2024-11-02,Student Loan - Adaptive responsive superstructure,396.49,Debt Payment,savings,14013.81,False,Student Loan,priya_singh,Priya Singh
3685372e-fdc,2024-11-02,Costco - Self-enabling optimal encoding,262.92,Groceries,checking,-33897.62,False,Costco,tanishka_dhanwan,Tanishka Dhanwan
003393eb-f65,2024-11-02,Starbucks - Cross-platform leadingedge Graphical User Interface,457.59,Dining,savings,-30718.86,False,Starbucks,tanishka_dhanwan,Tanishka Dhanwan
06245e08-714,2024-11-03,Health Ins Co - Up-sized regional capability,93.14,Insurance,checking,-794.2,False,Health Ins Co,priya_singh,Priya Singh
ca97c965-b49,2024-11-03,Trader Joe's - Progressive dynamic encryption,436.69,Groceries,credit,-67696.45,False,Trader Joe's,priya_singh,Priya Singh
f9345595-99f,2024-11-03,Cloud Storage - Re-contextualized radical interface,357.05,Subscriptions,checking,-2494.9,False,Cloud Storage,amit_kumar,Amit Kumar
5a448690-646,2024-11-03,Payroll - Brown Ltd,2361.24,Income,credit,-43710.62,True,Brown Ltd,tanishka_dhanwan,Tanishka Dhanwan
751e11a0-d8d,2024-11-03,Credit Card Payment - Enterprise-wide 24hour complexity,433.16,Debt Payment,checking,-50922.53,False,Credit Card Payment,amit_kumar,Amit Kumar
a4e35c55-bf8,2024-11-03,Spotify - Universal demand-driven core,366.66,Entertainment,checking,473.68,False,Spotify,amit_kumar,Amit Kumar
21225b39-22c,2024-11-03,Parking Co - Team-oriented foreground installation,403.34,Transportation,checking,-10360.38,False,Parking Co,priya_singh,Priya Singh
ff13d17e-fd9,2024-11-03,Parking Co - Triple-buffered bifurcated adapter,195.47,Transportation,checking,-34869.69,False,Parking Co,rajesh_sharma,Rajesh Sharma
b205e768-846,2024-11-03,Internet Provider - Universal asynchronous toolset,441.46,Utilities,credit,-1790.56,False,Internet Provider,tanishka_dhanwan,Tanishka Dhanwan
6e5a5da3-fa3,2024-11-03,HOA Fees - Organic homogeneous capability,1174.72,Housing,credit,-5813.04,False,HOA Fees,priya_singh,Priya Singh
493f0aac-d10,2024-11-03,Costco - Optimized multi-tasking groupware,127.07,Groceries,savings,-22036.55,False,Costco,amit_kumar,Amit Kumar
53aab9ee-5c4,2024-11-03,Delta Airlines - Monitored mobile utilization,272.52,Travel,credit,-38003.52,False,Delta Airlines,priya_singh,Priya Singh
15f29423-813,2024-11-03,Netflix - Diverse non-volatile initiative,182.29,Entertainment,savings,9887.14,False,Netflix,tanishka_dhanwan,Tanishka Dhanwan
3f9ea139-660,2024-11-03,Tuition - Virtual logistical analyzer,49.58,Education,checking,-65981.18,False,Tuition,priya_singh,Priya Singh
c8e04531-536,2024-11-03,Trader Joe's - Digitized web-enabled instruction set,83.84,Groceries,credit,-67439.09,False,Trader Joe's,priya_singh,Priya Singh
eed66202-54a,2024-11-03,Netflix - Self-enabling client-driven algorithm,297.26,Entertainment,credit,-2510.32,False,Netflix,amit_kumar,Amit Kumar
4f8d3701-192,2024-11-04,Trader Joe's - Expanded encompassing projection,417.15,Groceries,checking,-2532.87,False,Trader Joe's,priya_singh,Priya Singh
5f488737-023,2024-11-04,Amazon - Assimilated background synergy,285.9,Shopping,savings,-14683.71,False,Amazon,rajesh_sharma,Rajesh Sharma
79a33bb6-2e1,2024-11-04,Uber - Optimized next generation throughput,49.68,Transportation,credit,-53230.47,False,Uber,rajesh_sharma,Rajesh Sharma
39ee937f-c31,2024-11-04,Property Mgmt - Optimized zero administration standardization,1905.08,Housing,checking,-8903.72,False,Property Mgmt,amit_kumar,Amit Kumar
68833cbf-c32,2024-11-04,State Farm - Reactive maximized concept,336.19,Insurance,savings,-9664.94,False,State Farm,amit_kumar,Amit Kumar
bbd72155-a95,2024-11-04,Misc Purchase - Multi-tiered explicit interface,399.34,Other,checking,-41639.96,False,Misc Purchase,tanishka_dhanwan,Tanishka Dhanwan
91ecb757-572,2024-11-04,Local Bistro - Multi-tiered non-volatile support,37.08,Dining,savings,-25625.66,False,Local Bistro,amit_kumar,Amit Kumar
db742bdc-94c,2024-11-04,Spotify - Reactive uniform data-warehouse,414.06,Entertainment,checking,-21424.18,False,Spotify,rajesh_sharma,Rajesh Sharma
0c847e1b-170,2024-11-04,Costco - Organized foreground implementation,242.36,Groceries,savings,13060.33,False,Costco,amit_kumar,Amit Kumar
939b65d5-13e,2024-11-05,Water Dept - Right-sized hybrid time-frame,175.07,Utilities,savings,-33626.47,False,Water Dept,rajesh_sharma,Rajesh Sharma
ecc9c961-df4,2024-11-05,Health Ins Co - Digitized human-resource knowledge user,450.42,Insurance,savings,14549.58,False,Health Ins Co,tanishka_dhanwan,Tanishka Dhanwan
5dd022d8-1eb,2024-11-05,Parking Co - Reverse-engineered cohesive challenge,457.74,Transportation,checking,-9954.63,False,Parking Co,priya_singh,Priya Singh
f1dd83d1-05f,2024-11-05,Bookstore - Cloned disintermediate time-frame,175.79,Education,credit,-50032.75,False,Bookstore,rajesh_sharma,Rajesh Sharma
d0fd5acc-b94,2024-11-05,Property Mgmt - Customer-focused uniform analyzer,869.6,Housing,credit,-38894.08,False,Property Mgmt,tanishka_dhanwan,Tanishka Dhanwan
b70b7c6c-d44,2024-11-05,Electric Co - Compatible attitude-oriented complexity,253.27,Utilities,credit,-48427.93,False,Electric Co,priya_singh,Priya Singh
7c18d11c-cf9,2024-11-05,Internet Provider - Organic upward-trending core,470.64,Utilities,checking,-22606.55,False,Internet Provider,priya_singh,Priya Singh
06ebef70-37c,2024-11-05,Payroll - Watkins LLC,3392.54,Income,savings,-7095.99,True,Watkins LLC,priya_singh,Priya Singh
127b70e9-a01,2024-11-05,Whole Foods - Proactive maximized attitude,132.19,Groceries,checking,-31758.4,False,Whole Foods,rajesh_sharma,Rajesh Sharma
a363a60d-87f,2024-11-05,McDonald's - Multi-lateral logistical attitude,273.65,Dining,savings,14690.4,False,McDonald's,amit_kumar,Amit Kumar
7dc73d4a-589,2024-11-05,Rent Payment - Innovative eco-centric open architecture,1838.89,Housing,savings,24479.78,False,Rent Payment,priya_singh,Priya Singh
12e7441e-9d7,2024-11-05,Starbucks - Programmable zero administration methodology,149.96,Dining,credit,-1110.35,False,Starbucks,amit_kumar,Amit Kumar
c92e221f-107,2024-11-05,Spotify - Versatile content-based conglomeration,240.92,Entertainment,checking,-33258.58,False,Spotify,rajesh_sharma,Rajesh Sharma
d8522ef7-423,2024-11-05,Property Mgmt - Synchronized neutral framework,1404.84,Housing,credit,-9216.47,False,Property Mgmt,rajesh_sharma,Rajesh Sharma
37ec6a4e-89c,2024-11-05,McDonald's - Public-key scalable success,104.04,Dining,checking,-38017.39,False,McDonald's,amit_kumar,Amit Kumar
daedd07f-e37,2024-11-05,Rent Payment - Seamless even-keeled software,1655.05,Housing,checking,-12015.43,False,Rent Payment,priya_singh,Priya Singh
8db9bb47-1f5,2024-11-05,Online Course - Grass-roots upward-trending secured line,460.44,Education,savings,-40525.55,False,Online Course,tanishka_dhanwan,Tanishka Dhanwan
37e6689d-61e,2024-11-05,Best Buy - Devolved system-worthy leverage,134.47,Shopping,savings,-24515.62,False,Best Buy,tanishka_dhanwan,Tanishka Dhanwan
4d20e8bf-355,2024-11-05,Starbucks - Public-key zero-defect matrices,194.51,Dining,checking,-15750.11,False,Starbucks,rajesh_sharma,Rajesh Sharma
bf5431bf-831,2024-11-05,Electric Co - Synergized exuding portal,38.24,Utilities,savings,11012.98,False,Electric Co,priya_singh,Priya Singh
31ad3edb-05a,2024-11-05,Student Loan - Proactive executive capacity,265.01,Debt Payment,credit,-34665.43,False,Student Loan,tanishka_dhanwan,Tanishka Dhanwan
97d8ee48-e25,2024-11-05,Payroll - Alvarado and Sons,3427.36,Income,checking,-5528.68,True,Alvarado and Sons,priya_singh,Priya Singh
11c68ba0-30b,2024-11-05,Rent Payment - Fundamental eco-centric portal,1795.55,Housing,credit,-47553.48,False,Rent Payment,tanishka_dhanwan,Tanishka Dhanwan
9bc4e7d3-612,2024-11-06,Costco - Public-key zero administration capacity,394.28,Groceries,checking,6098.55,False,Costco,rajesh_sharma,Rajesh Sharma
64f8378e-1e0,2024-11-06,CVS Pharmacy - Advanced optimal framework,286.91,Healthcare,credit,-36759.54,False,CVS Pharmacy,tanishka_dhanwan,Tanishka Dhanwan
fa7de0fc-66d,2024-11-06,Property Mgmt - Vision-oriented didactic definition,1238.11,Housing,credit,2387.23,False,Property Mgmt,priya_singh,Priya Singh
5ae77f48-f2d,2024-11-06,ATM Withdrawal - Integrated composite utilization,325.94,Other,credit,-79734.78,False,ATM Withdrawal,priya_singh,Priya Singh
89afb423-e9e,2024-11-06,Marriott - Progressive client-driven superstructure,265.37,Travel,savings,-18484.45,False,Marriott,amit_kumar,Amit Kumar
1f93f3ad-e55,2024-11-06,Property Mgmt - Synchronized asymmetric extranet,1418.14,Housing,credit,-29191.56,False,Property Mgmt,priya_singh,Priya Singh
6921afc9-654,2024-11-06,Online Course - Optional client-server data-warehouse,83.05,Education,savings,-8500.24,False,Online Course,priya_singh,Priya Singh
64dd2688-ee4,2024-11-06,Property Mgmt - Open-architected multimedia synergy,1459.31,Housing,checking,-42501.43,False,Property Mgmt,rajesh_sharma,Rajesh Sharma
ccc5c7cf-765,2024-11-06,Cloud Storage - Virtual dynamic focus group,331.53,Subscriptions,checking,-9417.07,False,Cloud Storage,priya_singh,Priya Singh
869425b7-c9e,2024-11-06,Marriott - Extended radical access,321.86,Travel,checking,12181.86,False,Marriott,tanishka_dhanwan,Tanishka Dhanwan
4330306c-648,2024-11-06,Tuition - Cross-group attitude-oriented infrastructure,393.28,Education,credit,-76716.61,False,Tuition,priya_singh,Priya Singh
5fccb2f0-39b,2024-11-06,Misc Purchase - Open-architected human-resource support,332.28,Other,credit,5193.45,False,Misc Purchase,priya_singh,Priya Singh
b0a2946a-2ed,2024-11-06,CVS Pharmacy - Devolved full-range conglomeration,299.04,Healthcare,checking,-18283.73,False,CVS Pharmacy,amit_kumar,Amit Kumar
0ee825c1-bcc,2024-11-06,Local Bistro - Customer-focused human-resource middleware,390.79,Dining,savings,12030.38,False,Local Bistro,priya_singh,Priya Singh
c8e63525-71d,2024-11-06,Gym Membership - Phased reciprocal policy,147.8,Subscriptions,savings,26849.91,False,Gym Membership,priya_singh,Priya Singh
67ca39d1-205,2024-11-06,Spotify - Integrated asymmetric product,430.98,Entertainment,savings,5874.99,False,Spotify,amit_kumar,Amit Kumar
f410d06c-150,2024-11-06,McDonald's - Re-engineered client-server approach,294.45,Dining,checking,-10535.9,False,McDonald's,priya_singh,Priya Singh
a8bcb66e-d4b,2024-11-06,Costco - Assimilated user-facing contingency,47.45,Groceries,credit,-50364.18,False,Costco,rajesh_sharma,Rajesh Sharma
e71ea255-d0a,2024-11-06,Gym Membership - Organic dynamic support,246.09,Subscriptions,savings,24051.48,False,Gym Membership,priya_singh,Priya Singh
ed1bf5d0-cad,2024-11-07,Metro Transit - Assimilated optimal encoding,434.13,Transportation,credit,-72403.73,False,Metro Transit,amit_kumar,Amit Kumar
78ed269e-45c,2024-11-07,AMC Theaters - Secured dynamic superstructure,144.74,Entertainment,credit,-37536.04,False,AMC Theaters,tanishka_dhanwan,Tanishka Dhanwan
a2318f94-2bf,2024-11-07,Adobe - Polarized fresh-thinking encryption,216.64,Subscriptions,savings,-28666.1,False,Adobe,rajesh_sharma,Rajesh Sharma
62aefc45-056,2024-11-07,Bookstore - Advanced tangible firmware,432.28,Education,checking,-12396.3,False,Bookstore,priya_singh,Priya Singh
5a3eb9c3-d1a,2024-11-07,Property Mgmt - Automated system-worthy open system,1305.85,Housing,checking,-67455.13,False,Property Mgmt,priya_singh,Priya Singh
477079ad-655,2024-11-07,Target - De-engineered multimedia instruction set,354.87,Shopping,credit,-66261.09,False,Target,rajesh_sharma,Rajesh Sharma
5b8c50ce-7fb,2024-11-07,Netflix - Operative directional knowledge user,343.36,Entertainment,checking,4048.39,False,Netflix,rajesh_sharma,Rajesh Sharma
aad24c7f-4fc,2024-11-07,HOA Fees - Self-enabling regional hierarchy,1978.34,Housing,checking,1816.57,False,HOA Fees,rajesh_sharma,Rajesh Sharma
c2ec1211-dba,2024-11-07,Rent Payment - Phased web-enabled monitoring,1498.1,Housing,credit,-63498.72,False,Rent Payment,rajesh_sharma,Rajesh Sharma
dc8cec49-c66,2024-11-07,Spotify - Inverse mobile parallelism,121.43,Entertainment,credit,-79395.84,False,Spotify,priya_singh,Priya Singh
7cf73326-580,2024-11-07,HOA Fees - Visionary tangible access,1447.87,Housing,checking,2600.42,False,HOA Fees,amit_kumar,Amit Kumar
13c7059c-35b,2024-11-08,Whole Foods - Focused bandwidth-monitored success,184.33,Groceries,credit,-44434.06,False,Whole Foods,priya_singh,Priya Singh
75a8acbb-c16,2024-11-08,Netflix - Realigned maximized service-desk,251.38,Entertainment,credit,-66512.47,False,Netflix,rajesh_sharma,Rajesh Sharma
0c6293ba-75c,2024-11-08,Costco - Re-engineered 3rdgeneration firmware,130.68,Groceries,checking,4116.62,False,Costco,amit_kumar,Amit Kumar
db54819e-8ba,2024-11-08,Internet Provider - Cross-platform full-range database,223.48,Utilities,savings,10851.26,False,Internet Provider,priya_singh,Priya Singh
3d9ffd17-d1f,2024-11-08,Parking Co - Advanced composite utilization,426.49,Transportation,credit,-59162.42,False,Parking Co,priya_singh,Priya Singh
b6952731-613,2024-11-08,Electric Co - Multi-tiered foreground solution,435.6,Utilities,checking,-201.51,False,Electric Co,amit_kumar,Amit Kumar
d6bc9768-eb3,2024-11-08,Dental Care - Decentralized analyzing intranet,192.07,Healthcare,credit,-29784.45,False,Dental Care,tanishka_dhanwan,Tanishka Dhanwan
16a14139-647,2024-11-08,Payroll - May LLC,2297.69,Income,credit,-41412.93,True,May LLC,tanishka_dhanwan,Tanishka Dhanwan
b49dcaba-af0,2024-11-08,McDonald's - Grass-roots maximized model,121.38,Dining,credit,-68430.59,False,McDonald's,priya_singh,Priya Singh
f2342ebb-d95,2024-11-08,Electric Co - Multi-layered object-oriented frame,330.96,Utilities,savings,11952.46,False,Electric Co,amit_kumar,Amit Kumar
d3103afe-9f5,2024-11-08,AMC Theaters - Profound client-server Internet solution,207.56,Entertainment,checking,-26556.34,False,AMC Theaters,rajesh_sharma,Rajesh Sharma
a2ad539a-031,2024-11-08,Student Loan - Re-engineered static circuit,281.55,Debt Payment,savings,17374.25,False,Student Loan,amit_kumar,Amit Kumar
98dfb82b-3f4,2024-11-08,Tuition - Persevering client-server functionalities,352.07,Education,savings,15536.62,False,Tuition,priya_singh,Priya Singh
5f0e0af4-180,2024-11-08,Starbucks - Organized fresh-thinking superstructure,452.03,Dining,savings,17226.6,False,Starbucks,amit_kumar,Amit Kumar
2598b05b-ec2,2024-11-09,Internet Provider - Function-based demand-driven middleware,178.15,Utilities,savings,-4408.37,False,Internet Provider,amit_kumar,Amit Kumar
1f456bc7-1a9,2024-11-09,Walmart - Balanced explicit projection,99.33,Groceries,savings,13560.92,False,Walmart,priya_singh,Priya Singh
eaea12aa-1c6,2024-11-09,Health Ins Co - Customer-focused 24/7 orchestration,260.18,Insurance,credit,-33913.38,False,Health Ins Co,rajesh_sharma,Rajesh Sharma
dc4a45ea-3f7,2024-11-09,Property Mgmt - Fully-configurable stable project,1537.53,Housing,checking,-668.05,False,Property Mgmt,tanishka_dhanwan,Tanishka Dhanwan
f3e4dd11-e01,2024-11-09,HOA Fees - Monitored interactive functionalities,1518.7,Housing,credit,-71989.72,False,HOA Fees,rajesh_sharma,Rajesh Sharma
03348ad6-e13,2024-11-09,Chipotle - Synergized uniform budgetary management,273.89,Dining,savings,15142.99,False,Chipotle,rajesh_sharma,Rajesh Sharma
e73537f0-27f,2024-11-09,Walmart - Compatible national data-warehouse,71.5,Groceries,credit,2583.77,False,Walmart,amit_kumar,Amit Kumar
23f7265c-778,2024-11-09,Payroll - Butler-French,2487.99,Income,savings,17786.57,True,Butler-French,priya_singh,Priya Singh
81caf446-93b,2024-11-09,Marriott - Compatible holistic strategy,397.21,Travel,savings,-73090.1,False,Marriott,rajesh_sharma,Rajesh Sharma
9dadab52-fc9,2024-11-09,Gym Membership - Horizontal demand-driven Graphical User Interface,97.89,Subscriptions,savings,-14763.45,False,Gym Membership,tanishka_dhanwan,Tanishka Dhanwan
6d19d0cd-65a,2024-11-09,Amazon - Adaptive coherent portal,220.74,Shopping,checking,-3788.78,False,Amazon,tanishka_dhanwan,Tanishka Dhanwan
b258f95b-e25,2024-11-09,Credit Card Payment - Cloned national infrastructure,145.05,Debt Payment,savings,-55001.57,False,Credit Card Payment,rajesh_sharma,Rajesh Sharma
4b9b89dd-0b4,2024-11-09,"Payroll - Barrett, Lopez and Taylor",2318.61,Income,credit,-33686.9,True,"Barrett, Lopez and Taylor",tanishka_dhanwan,Tanishka Dhanwan
21bece13-265,2024-11-09,Chipotle - Balanced bottom-line matrix,249.85,Dining,credit,-35988.21,False,Chipotle,tanishka_dhanwan,Tanishka Dhanwan
63b4dced-74d,2024-11-09,Adobe - Networked bi-directional product,51.27,Subscriptions,credit,-64808.17,False,Adobe,priya_singh,Priya Singh
c9628afb-2f4,2024-11-10,CVS Pharmacy - Persevering non-volatile approach,313.51,Healthcare,savings,-27033.48,False,CVS Pharmacy,rajesh_sharma,Rajesh Sharma
41926c8a-66a,2024-11-10,Walmart - Front-line fresh-thinking success,164.82,Groceries,savings,17440.47,False,Walmart,priya_singh,Priya Singh
0aa421e2-9ec,2024-11-10,Gym Membership - Down-sized systematic alliance,139.2,Subscriptions,savings,26159.15,False,Gym Membership,priya_singh,Priya Singh
fb3f6be6-b7d,2024-11-10,Internet Provider - Enterprise-wide client-server open system,484.53,Utilities,savings,-14306.01,False,Internet Provider,rajesh_sharma,Rajesh Sharma
d784dadd-5b2,2024-11-10,Best Buy - Future-proofed tangible process improvement,101.43,Shopping,credit,-54504.06,False,Best Buy,priya_singh,Priya Singh
e1198cef-6c0,2024-11-10,Starbucks - Networked attitude-oriented paradigm,392.27,Dining,savings,13095.73,False,Starbucks,tanishka_dhanwan,Tanishka Dhanwan
84098dcc-4cc,2024-11-10,Chipotle - Sharable logistical strategy,226.33,Dining,savings,2725.8,False,Chipotle,rajesh_sharma,Rajesh Sharma
41a7f395-aa7,2024-11-10,Expedia - Versatile zero administration benchmark,487.4,Travel,checking,-11199.46,False,Expedia,rajesh_sharma,Rajesh Sharma
e03b186a-e5d,2024-11-10,AMC Theaters - Re-engineered impactful open system,438.85,Entertainment,checking,-25345.62,False,AMC Theaters,priya_singh,Priya Singh
f5b3ea3a-10f,2024-11-10,Metro Transit - Stand-alone mission-critical implementation,118.21,Transportation,credit,-32349.03,False,Metro Transit,tanishka_dhanwan,Tanishka Dhanwan
5abe2da7-a04,2024-11-10,Bookstore - Innovative executive secured line,10.11,Education,savings,15849.59,False,Bookstore,amit_kumar,Amit Kumar
c197f2f0-4e3,2024-11-10,Netflix - Customizable zero-defect complexity,149.18,Entertainment,credit,-30389.53,False,Netflix,rajesh_sharma,Rajesh Sharma
af5f0089-0ad,2024-11-10,Starbucks - Fundamental transitional monitoring,288.02,Dining,checking,-57585.68,False,Starbucks,tanishka_dhanwan,Tanishka Dhanwan
2dad8cfc-7fc,2024-11-10,Payroll - Gray-Howe,3309.69,Income,credit,-46580.01,True,Gray-Howe,tanishka_dhanwan,Tanishka Dhanwan
cdff62ec-b2b,2024-11-10,Spotify - Optimized optimal superstructure,481.8,Entertainment,checking,-48407.15,False,Spotify,tanishka_dhanwan,Tanishka Dhanwan
0031afe5-7cd,2024-11-11,ATM Withdrawal - Stand-alone coherent parallelism,217.19,Other,credit,-49889.7,False,ATM Withdrawal,tanishka_dhanwan,Tanishka Dhanwan
b13d99ab-a06,2024-11-11,Misc Purchase - Configurable heuristic open architecture,466.14,Other,credit,-43565.38,False,Misc Purchase,tanishka_dhanwan,Tanishka Dhanwan
475fa97a-149,2024-11-11,Water Dept - Upgradable coherent instruction set,375.39,Utilities,savings,-7773.21,False,Water Dept,rajesh_sharma,Rajesh Sharma
e966b37a-4f7,2024-11-11,Payroll - Smith LLC,4457.87,Income,checking,-33017.66,True,Smith LLC,rajesh_sharma,Rajesh Sharma
d63cd7af-87b,2024-11-11,Property Mgmt - Organic reciprocal knowledgebase,1170.58,Housing,checking,-58151.43,False,Property Mgmt,tanishka_dhanwan,Tanishka Dhanwan
e2245a33-afa,2024-11-11,Rent Payment - Re-contextualized bi-directional project,987.23,Housing,savings,-36310.44,False,Rent Payment,tanishka_dhanwan,Tanishka Dhanwan
355793b4-c35,2024-11-11,Netflix - Robust foreground firmware,469.22,Entertainment,savings,1417.17,False,Netflix,priya_singh,Priya Singh
f03a7f45-f24,2024-11-11,Metro Transit - Phased object-oriented superstructure,137.33,Transportation,savings,-5415.45,False,Metro Transit,priya_singh,Priya Singh
793ba9cc-875,2024-11-11,Parking Co - Customizable directional benchmark,101.25,Transportation,checking,-59462.77,False,Parking Co,amit_kumar,Amit Kumar
75ded032-604,2024-11-11,Marriott - Customizable web-enabled task-force,496.39,Travel,credit,-35161.82,False,Marriott,tanishka_dhanwan,Tanishka Dhanwan
366fd3d0-259,2024-11-11,AMC Theaters - Secured contextually-based knowledgebase,406.79,Entertainment,savings,-6877.43,False,AMC Theaters,priya_singh,Priya Singh
3eac029e-d1d,2024-11-11,Costco - Cross-platform 24hour knowledgebase,467.95,Groceries,savings,-10479.62,False,Costco,amit_kumar,Amit Kumar
f69c2e58-07b,2024-11-11,McDonald's - Fundamental well-modulated paradigm,207.64,Dining,credit,-44528.36,False,McDonald's,tanishka_dhanwan,Tanishka Dhanwan
dd4a21e6-908,2024-11-11,McDonald's - Synchronized solution-oriented hub,470.48,Dining,credit,-8159.08,False,McDonald's,rajesh_sharma,Rajesh Sharma
e3cbcfb4-aa3,2024-11-11,Credit Card Payment - Right-sized tertiary synergy,495.29,Debt Payment,credit,-9957.89,False,Credit Card Payment,amit_kumar,Amit Kumar
155ff2a9-4b3,2024-11-11,Trader Joe's - Organized bandwidth-monitored archive,237.84,Groceries,credit,-74416.95,False,Trader Joe's,amit_kumar,Amit Kumar
ec3d3cc7-717,2024-11-11,AMC Theaters - Realigned stable structure,482.91,Entertainment,checking,-2991.03,False,AMC Theaters,rajesh_sharma,Rajesh Sharma
4c4f8796-9cf,2024-11-12,Local Bistro - Devolved mission-critical methodology,323.64,Dining,credit,-75442.33,False,Local Bistro,amit_kumar,Amit Kumar
86ed02ae-0e9,2024-11-12,Trader Joe's - Persistent regional frame,323.06,Groceries,checking,6937.89,False,Trader Joe's,amit_kumar,Amit Kumar
2b395a94-60b,2024-11-12,CVS Pharmacy - Team-oriented systematic monitoring,108.45,Healthcare,credit,-38545.27,False,CVS Pharmacy,amit_kumar,Amit Kumar
f5bfe6aa-586,2024-11-12,Misc Purchase - User-centric executive intranet,208.1,Other,credit,-51252.42,False,Misc Purchase,priya_singh,Priya Singh
c5f30728-448,2024-11-12,Trader Joe's - Secured uniform portal,118.46,Groceries,credit,-52873.75,False,Trader Joe's,rajesh_sharma,Rajesh Sharma
614bd17e-399,2024-11-12,Whole Foods - Object-based composite archive,486.85,Groceries,credit,-54300.58,False,Whole Foods,amit_kumar,Amit Kumar
0f8bdb39-62f,2024-11-12,ATM Withdrawal - Pre-emptive contextually-based superstructure,227.62,Other,checking,-30958.55,False,ATM Withdrawal,tanishka_dhanwan,Tanishka Dhanwan
9471abca-4ee,2024-11-12,AMC Theaters - Cross-group responsive toolset,75.04,Entertainment,savings,-5913.18,False,AMC Theaters,priya_singh,Priya Singh
c5304c62-867,2024-11-12,Payroll - Sutton-Abbott,4221.54,Income,credit,-61941.51,True,Sutton-Abbott,rajesh_sharma,Rajesh Sharma
c9ced367-ff5,2024-11-13,Payroll - Garrison and Sons,4112.52,Income,checking,-2505.39,True,Garrison and Sons,rajesh_sharma,Rajesh Sharma
76d62e77-cfe,2024-11-13,Property Mgmt - Fully-configurable multi-tasking installation,2128.35,Housing,credit,-51696.74,False,Property Mgmt,rajesh_sharma,Rajesh Sharma
c4e655a5-554,2024-11-13,Netflix - Reactive real-time implementation,411.48,Entertainment,checking,-1297.81,False,Netflix,amit_kumar,Amit Kumar
3a553732-448,2024-11-13,Netflix - Quality-focused composite interface,124.51,Entertainment,savings,-15929.45,False,Netflix,amit_kumar,Amit Kumar
0aa6e462-a68,2024-11-13,"Payroll - Bonilla, Cuevas and Parsons",3937.93,Income,savings,-61356.93,True,"Bonilla, Cuevas and Parsons",rajesh_sharma,Rajesh Sharma
2c4cf802-df8,2024-11-13,Amazon - Phased even-keeled complexity,472.53,Shopping,checking,-13511.06,False,Amazon,amit_kumar,Amit Kumar
8438113c-776,2024-11-13,CVS Pharmacy - Distributed responsive complexity,291.56,Healthcare,checking,9707.89,False,CVS Pharmacy,rajesh_sharma,Rajesh Sharma
55a3b5bb-18f,2024-11-13,Payroll - Lee Group,1761.57,Income,checking,-1918.01,True,Lee Group,amit_kumar,Amit Kumar
87e0543c-abf,2024-11-13,Cloud Storage - Realigned static workforce,401.22,Subscriptions,checking,-27640.59,False,Cloud Storage,rajesh_sharma,Rajesh Sharma
50ead3f2-683,2024-11-13,Spotify - Self-enabling tertiary model,488.69,Entertainment,credit,-121.14,False,Spotify,amit_kumar,Amit Kumar
5d76eeb7-a5c,2024-11-13,Electric Co - Open-architected asymmetric policy,38.06,Utilities,checking,-53823.72,False,Electric Co,priya_singh,Priya Singh
018bb5c2-29e,2024-11-13,Payroll - Higgins Group,2580.32,Income,credit,-7695.8,True,Higgins Group,amit_kumar,Amit Kumar
17f6c81b-1bd,2024-11-13,Misc Purchase - Implemented tertiary flexibility,375.25,Other,savings,-26714.47,False,Misc Purchase,amit_kumar,Amit Kumar
5f46a6dd-1cf,2024-11-14,Payroll - Jones Group,4038.84,Income,credit,-25286.52,True,Jones Group,tanishka_dhanwan,Tanishka Dhanwan
4c0a99ca-b02,2024-11-14,McDonald's - Reactive mission-critical process improvement,82.18,Dining,savings,10891.13,False,McDonald's,priya_singh,Priya Singh
de8189e8-e54,2024-11-14,AMC Theaters - Team-oriented even-keeled neural-net,321.53,Entertainment,savings,8133.13,False,AMC Theaters,priya_singh,Priya Singh
0ff252ad-ee3,2024-11-14,Whole Foods - User-centric clear-thinking model,133.92,Groceries,credit,-27759.24,False,Whole Foods,amit_kumar,Amit Kumar
319cd6de-ed4,2024-11-14,Amazon - Programmable real-time migration,400.88,Shopping,credit,-72510.39,False,Amazon,rajesh_sharma,Rajesh Sharma
ede8353b-728,2024-11-14,Health Ins Co - Decentralized real-time database,187.44,Insurance,credit,-5736.55,False,Health Ins Co,amit_kumar,Amit Kumar
aa9b88bf-61b,2024-11-14,Rent Payment - Self-enabling radical access,2052.94,Housing,checking,-57556.55,False,Rent Payment,amit_kumar,Amit Kumar
1609323a-041,2024-11-14,Online Course - Realigned secondary capability,127.44,Education,checking,5426.73,False,Online Course,amit_kumar,Amit Kumar
f8fd8a86-807,2024-11-14,Best Buy - Synchronized didactic Local Area Network,281.92,Shopping,savings,-4879.28,False,Best Buy,tanishka_dhanwan,Tanishka Dhanwan
2508a355-c31,2024-11-14,Rent Payment - Monitored tertiary neural-net,1893.51,Housing,checking,11566.23,False,Rent Payment,tanishka_dhanwan,Tanishka Dhanwan
2a116d16-4ef,2024-11-14,Internet Provider - Secured 24/7 knowledgebase,54.34,Utilities,credit,-41856.93,False,Internet Provider,amit_kumar,Amit Kumar
79e99c81-2d4,2024-11-14,Student Loan - Virtual systemic interface,379.22,Debt Payment,savings,7613.23,False,Student Loan,tanishka_dhanwan,Tanishka Dhanwan
43ea3400-fde,2024-11-14,Walmart - Stand-alone full-range capacity,332.52,Groceries,credit,-49363.5,False,Walmart,rajesh_sharma,Rajesh Sharma
9ed8be90-6b9,2024-11-14,"Payroll - Torres, Weaver and Bailey",4198.0,Income,savings,-27709.0,True,"Torres, Weaver and Bailey",tanishka_dhanwan,Tanishka Dhanwan
577c9266-e69,2024-11-15,City Hospital - Monitored mission-critical Local Area Network,9.88,Healthcare,checking,-50921.74,False,City Hospital,priya_singh,Priya Singh
414bae05-d32,2024-11-15,Health Ins Co - Upgradable bi-directional benchmark,230.22,Insurance,credit,-72808.94,False,Health Ins Co,rajesh_sharma,Rajesh Sharma
738ddc00-198,2024-11-15,Chipotle - Advanced tertiary monitoring,227.93,Dining,credit,-32330.72,False,Chipotle,rajesh_sharma,Rajesh Sharma
324b2b1a-8e5,2024-11-15,Netflix - Up-sized directional application,42.89,Entertainment,checking,652.96,False,Netflix,amit_kumar,Amit Kumar
e9d66a28-9cf,2024-11-15,AMC Theaters - Secured systemic capacity,102.16,Entertainment,credit,-1469.61,False,AMC Theaters,tanishka_dhanwan,Tanishka Dhanwan
497c25c8-e49,2024-11-15,Water Dept - Horizontal bifurcated toolset,335.3,Utilities,checking,-1129.5,False,Water Dept,priya_singh,Priya Singh
3d66fac9-d1b,2024-11-15,Health Ins Co - Exclusive secondary intranet,348.14,Insurance,checking,-61455.06,False,Health Ins Co,rajesh_sharma,Rajesh Sharma
53a70da7-c5d,2024-11-15,Internet Provider - Robust uniform productivity,302.41,Utilities,savings,-16862.57,False,Internet Provider,tanishka_dhanwan,Tanishka Dhanwan
ac7e7bc0-bc2,2024-11-15,CVS Pharmacy - Monitored directional success,381.98,Healthcare,savings,-5034.35,False,CVS Pharmacy,priya_singh,Priya Singh
d3ccc075-9c3,2024-11-15,HOA Fees - De-engineered empowering access,2010.85,Housing,checking,-46123.12,False,HOA Fees,amit_kumar,Amit Kumar
897cabe8-abe,2024-11-15,Cloud Storage - Quality-focused incremental system engine,207.35,Subscriptions,checking,-2492.09,False,Cloud Storage,priya_singh,Priya Singh
c62f2a02-b84,2024-11-16,Costco - Fully-configurable zero tolerance leverage,320.64,Groceries,savings,20097.13,False,Costco,rajesh_sharma,Rajesh Sharma
0f806f9a-7db,2024-11-16,Student Loan - Switchable responsive benchmark,271.3,Debt Payment,checking,-32033.81,False,Student Loan,rajesh_sharma,Rajesh Sharma
64ca97e9-dc4,2024-11-16,Property Mgmt - Cross-group scalable interface,1671.69,Housing,credit,-13115.45,False,Property Mgmt,rajesh_sharma,Rajesh Sharma
5f0fd312-caa,2024-11-16,Rent Payment - Multi-channeled web-enabled core,1212.85,Housing,credit,-4495.09,False,Rent Payment,priya_singh,Priya Singh
a18c8b73-eea,2024-11-16,Spotify - Open-source tangible hub,99.8,Entertainment,savings,-61901.59,False,Spotify,rajesh_sharma,Rajesh Sharma
51229427-173,2024-11-16,Payroll - Barajas-Crosby,3128.28,Income,savings,22986.36,True,Barajas-Crosby,amit_kumar,Amit Kumar
34a80146-1f3,2024-11-16,Local Bistro - Innovative reciprocal migration,80.04,Dining,credit,-37913.17,False,Local Bistro,tanishka_dhanwan,Tanishka Dhanwan
b001b8ae-7bc,2024-11-16,Costco - Phased even-keeled portal,376.43,Groceries,credit,-71254.76,False,Costco,amit_kumar,Amit Kumar
b106f46d-ab6,2024-11-16,Starbucks - Enhanced background strategy,25.73,Dining,checking,-69128.54,False,Starbucks,priya_singh,Priya Singh
7c790256-cf1,2024-11-16,ATM Withdrawal - Multi-channeled multi-state monitoring,353.61,Other,savings,33636.3,False,ATM Withdrawal,priya_singh,Priya Singh
b04b3b09-8df,2024-11-16,Amazon - Persistent empowering capability,311.69,Shopping,checking,-57081.06,False,Amazon,rajesh_sharma,Rajesh Sharma
5c41130f-3ff,2024-11-16,Walmart - Public-key 3rdgeneration contingency,282.83,Groceries,credit,-55046.42,False,Walmart,priya_singh,Priya Singh
2efb793b-98e,2024-11-16,HOA Fees - Synergized exuding strategy,876.7,Housing,checking,-57957.76,False,HOA Fees,rajesh_sharma,Rajesh Sharma
2764850d-c5b,2024-11-16,Trader Joe's - Multi-lateral regional system engine,35.17,Groceries,credit,-41148.14,False,Trader Joe's,rajesh_sharma,Rajesh Sharma
34bd95fa-798,2024-11-16,Water Dept - Vision-oriented system-worthy utilization,387.86,Utilities,checking,-40040.18,False,Water Dept,amit_kumar,Amit Kumar
bfbb43f6-408,2024-11-16,State Farm - Secured non-volatile attitude,371.34,Insurance,credit,-7668.48,False,State Farm,rajesh_sharma,Rajesh Sharma
04bcc8f5-ff7,2024-11-16,Target - Sharable systemic monitoring,62.39,Shopping,savings,-30781.25,False,Target,tanishka_dhanwan,Tanishka Dhanwan
ab243c9a-564,2024-11-16,Internet Provider - Robust global frame,95.4,Utilities,savings,6162.95,False,Internet Provider,amit_kumar,Amit Kumar
ede3e559-2e4,2024-11-16,Chipotle - User-centric human-resource functionalities,395.98,Dining,checking,-28025.39,False,Chipotle,rajesh_sharma,Rajesh Sharma
d259a41f-b27,2024-11-16,Walmart - Pre-emptive 6thgeneration complexity,255.84,Groceries,credit,-40621.9,False,Walmart,tanishka_dhanwan,Tanishka Dhanwan
e3972086-f89,2024-11-17,Netflix - Fundamental context-sensitive paradigm,72.71,Entertainment,credit,-19372.79,False,Netflix,rajesh_sharma,Rajesh Sharma
d93a8bf5-2ad,2024-11-17,Property Mgmt - Cross-group didactic emulation,910.32,Housing,credit,-2463.9,False,Property Mgmt,rajesh_sharma,Rajesh Sharma
3cbac865-2b2,2024-11-17,Whole Foods - Configurable radical policy,361.65,Groceries,savings,-309.96,False,Whole Foods,priya_singh,Priya Singh
52831b9e-b55,2024-11-17,Uber - Quality-focused transitional benchmark,77.35,Transportation,checking,-43058.3,False,Uber,tanishka_dhanwan,Tanishka Dhanwan
ba0848c1-97e,2024-11-17,Rent Payment - Grass-roots needs-based open system,1499.84,Housing,checking,-28149.97,False,Rent Payment,rajesh_sharma,Rajesh Sharma
725daed4-3b6,2024-11-17,Property Mgmt - Balanced 4thgeneration superstructure,2073.93,Housing,credit,-35038.26,False,Property Mgmt,tanishka_dhanwan,Tanishka Dhanwan
2fbd5fae-970,2024-11-17,Trader Joe's - Cloned needs-based definition,125.93,Groceries,checking,-61620.69,False,Trader Joe's,priya_singh,Priya Singh
3cb32186-bff,2024-11-17,Cloud Storage - Monitored optimizing website,22.64,Subscriptions,credit,-38735.93,False,Cloud Storage,priya_singh,Priya Singh
6b581900-032,2024-11-17,Property Mgmt - Public-key hybrid structure,2121.51,Housing,credit,-40283.08,False,Property Mgmt,tanishka_dhanwan,Tanishka Dhanwan
ba29d594-943,2024-11-17,Payroll - Morris PLC,2560.75,Income,credit,-49012.42,True,Morris PLC,tanishka_dhanwan,Tanishka Dhanwan
4750ea53-92d,2024-11-17,CVS Pharmacy - Balanced clear-thinking methodology,95.97,Healthcare,savings,22132.44,False,CVS Pharmacy,amit_kumar,Amit Kumar
af294345-dfb,2024-11-17,Marriott - Team-oriented clear-thinking projection,331.47,Travel,checking,-43862.77,False,Marriott,rajesh_sharma,Rajesh Sharma
1e8f82d8-358,2024-11-17,City Hospital - Quality-focused didactic implementation,263.77,Healthcare,savings,9737.25,False,City Hospital,priya_singh,Priya Singh
c8992349-b37,2024-11-18,Property Mgmt - Virtual optimizing success,923.82,Housing,savings,-32892.53,False,Property Mgmt,rajesh_sharma,Rajesh Sharma
4f1b80d0-11d,2024-11-18,Student Loan - Mandatory needs-based moratorium,292.1,Debt Payment,checking,12142.88,False,Student Loan,amit_kumar,Amit Kumar
5575084c-f90,2024-11-18,AMC Theaters - Total 5thgeneration policy,132.61,Entertainment,savings,-13633.65,False,AMC Theaters,amit_kumar,Amit Kumar
6e97e632-4b2,2024-11-18,Trader Joe's - Ergonomic next generation info-mediaries,17.22,Groceries,credit,-66247.15,False,Trader Joe's,priya_singh,Priya Singh
5da0c263-4e8,2024-11-18,Chipotle - Object-based motivating forecast,378.65,Dining,checking,-54025.42,False,Chipotle,rajesh_sharma,Rajesh Sharma
e6f11e62-7f9,2024-11-18,Netflix - Quality-focused clear-thinking leverage,89.62,Entertainment,credit,-78484.36,False,Netflix,priya_singh,Priya Singh
e0bf9db9-fd6,2024-11-18,Local Bistro - Intuitive solution-oriented project,200.73,Dining,savings,10974.97,False,Local Bistro,tanishka_dhanwan,Tanishka Dhanwan
a23902a1-0f2,2024-11-18,Rent Payment - Customizable upward-trending approach,1207.89,Housing,checking,-3462.98,False,Rent Payment,amit_kumar,Amit Kumar
c8fab11e-c8c,2024-11-18,HOA Fees - Business-focused dynamic support,1786.55,Housing,checking,-30594.57,False,HOA Fees,rajesh_sharma,Rajesh Sharma
26ae72e9-30c,2024-11-18,Starbucks - Organic encompassing hub,416.31,Dining,credit,-27867.6,False,Starbucks,tanishka_dhanwan,Tanishka Dhanwan
b5f16a2b-e40,2024-11-18,Spotify - Progressive motivating utilization,294.61,Entertainment,checking,-49390.42,False,Spotify,amit_kumar,Amit Kumar
8e55a605-8c9,2024-11-18,Local Bistro - Triple-buffered logistical orchestration,192.26,Dining,checking,-70928.16,False,Local Bistro,priya_singh,Priya Singh
c774ad2b-ee6,2024-11-19,Local Bistro - Horizontal radical moratorium,135.22,Dining,credit,-38871.15,False,Local Bistro,priya_singh,Priya Singh
b9fabd29-68b,2024-11-19,Expedia - Centralized methodical capability,414.74,Travel,savings,20995.8,False,Expedia,amit_kumar,Amit Kumar
ca5a6c0f-882,2024-11-19,Spotify - Digitized transitional interface,336.31,Entertainment,credit,-3295.15,False,Spotify,amit_kumar,Amit Kumar
262605f7-b16,2024-11-19,Internet Provider - Profound 5thgeneration Local Area Network,65.55,Utilities,credit,-77836.93,False,Internet Provider,amit_kumar,Amit Kumar
7e69db41-c3a,2024-11-19,Credit Card Payment - Proactive radical projection,271.95,Debt Payment,savings,-24264.48,False,Credit Card Payment,rajesh_sharma,Rajesh Sharma
b7316a0d-754,2024-11-19,Netflix - Total disintermediate matrix,211.85,Entertainment,savings,-6874.82,False,Netflix,priya_singh,Priya Singh
0ed83bd0-929,2024-11-19,Adobe - Robust value-added structure,300.39,Subscriptions,checking,-14807.51,False,Adobe,rajesh_sharma,Rajesh Sharma
166cbb67-c58,2024-11-19,ATM Withdrawal - Synergized system-worthy initiative,66.11,Other,savings,7261.74,False,ATM Withdrawal,priya_singh,Priya Singh
fd65e625-96f,2024-11-19,State Farm - Seamless coherent focus group,451.74,Insurance,checking,-54477.16,False,State Farm,rajesh_sharma,Rajesh Sharma
47de03ca-548,2024-11-19,Local Bistro - Secured foreground methodology,387.32,Dining,savings,28085.07,False,Local Bistro,priya_singh,Priya Singh
40ff73d3-fa9,2024-11-20,Marriott - Face-to-face 24hour Graphical User Interface,345.83,Travel,savings,17540.5,False,Marriott,priya_singh,Priya Singh
df1216f3-d72,2024-11-20,Delta Airlines - Sharable next generation definition,67.69,Travel,credit,-44608.81,False,Delta Airlines,tanishka_dhanwan,Tanishka Dhanwan
0b3b2729-15a,2024-11-20,Costco - Synergistic methodical Graphic Interface,404.4,Groceries,checking,-7221.7,False,Costco,tanishka_dhanwan,Tanishka Dhanwan
a03f15b3-03b,2024-11-20,Electric Co - Implemented non-volatile infrastructure,357.48,Utilities,checking,2519.05,False,Electric Co,amit_kumar,Amit Kumar
c15aa7c3-f69,2024-11-20,"Payroll - Thompson, Owen and Walker",3698.02,Income,checking,694.75,True,"Thompson, Owen and Walker",priya_singh,Priya Singh
39fd72ed-117,2024-11-20,Delta Airlines - Self-enabling multimedia orchestration,224.32,Travel,credit,-46536.38,False,Delta Airlines,rajesh_sharma,Rajesh Sharma
d85bf48a-d03,2024-11-20,Gym Membership - Persistent static array,255.15,Subscriptions,savings,9631.99,False,Gym Membership,tanishka_dhanwan,Tanishka Dhanwan
a2259851-e6a,2024-11-20,Adobe - Optional cohesive knowledgebase,423.82,Subscriptions,credit,-5144.14,False,Adobe,rajesh_sharma,Rajesh Sharma
bcfbcc21-793,2024-11-20,HOA Fees - Reverse-engineered directional benchmark,1697.5,Housing,checking,-35871.99,False,HOA Fees,amit_kumar,Amit Kumar
812c0fad-a08,2024-11-20,Bookstore - Grass-roots system-worthy synergy,332.87,Education,credit,-78366.43,False,Bookstore,amit_kumar,Amit Kumar
fea79306-96e,2024-11-20,Internet Provider - Decentralized encompassing collaboration,90.35,Utilities,savings,-8838.97,False,Internet Provider,priya_singh,Priya Singh
050f8873-dc9,2024-11-20,Internet Provider - Seamless radical system engine,114.82,Utilities,checking,-61942.89,False,Internet Provider,tanishka_dhanwan,Tanishka Dhanwan
a99e9e4c-e42,2024-11-20,"Payroll - Waller, Coleman and Mosley",2112.27,Income,savings,26306.87,True,"Waller, Coleman and Mosley",amit_kumar,Amit Kumar
801ce1ab-c9a,2024-11-20,McDonald's - Proactive motivating workforce,193.72,Dining,savings,12463.44,False,McDonald's,amit_kumar,Amit Kumar
ab6db396-368,2024-11-20,Amazon - Integrated upward-trending throughput,239.5,Shopping,checking,-52241.56,False,Amazon,priya_singh,Priya Singh
8a8f6034-d38,2024-11-21,Walmart - Upgradable background contingency,238.62,Groceries,credit,-32530.16,False,Walmart,tanishka_dhanwan,Tanishka Dhanwan
0d9c1086-eb1,2024-11-21,Misc Purchase - Profit-focused foreground model,265.46,Other,checking,-61476.96,False,Misc Purchase,tanishka_dhanwan,Tanishka Dhanwan
2bfed521-c21,2024-11-21,Payroll - Buckley PLC,2433.14,Income,savings,-3887.6,True,Buckley PLC,tanishka_dhanwan,Tanishka Dhanwan
e094f608-4f4,2024-11-21,Credit Card Payment - Team-oriented 24/7 groupware,162.56,Debt Payment,checking,-56244.51,False,Credit Card Payment,rajesh_sharma,Rajesh Sharma
c80231a3-032,2024-11-21,Cloud Storage - Pre-emptive actuating moderator,429.77,Subscriptions,checking,-58540.31,False,Cloud Storage,tanishka_dhanwan,Tanishka Dhanwan
01c321a0-71d,2024-11-21,Local Bistro - Seamless regional pricing structure,190.26,Dining,checking,-64371.05,False,Local Bistro,rajesh_sharma,Rajesh Sharma
1b0d73de-8b0,2024-11-22,Gym Membership - Switchable client-driven array,115.8,Subscriptions,checking,-36729.34,False,Gym Membership,priya_singh,Priya Singh
e67bf14f-7bb,2024-11-22,Property Mgmt - Business-focused 24/7 synergy,1990.22,Housing,checking,-10348.65,False,Property Mgmt,priya_singh,Priya Singh
090f08ea-765,2024-11-22,Water Dept - Quality-focused national initiative,393.94,Utilities,credit,-21241.72,False,Water Dept,priya_singh,Priya Singh
08155630-1f2,2024-11-22,Whole Foods - Reduced context-sensitive superstructure,467.81,Groceries,savings,19389.15,False,Whole Foods,priya_singh,Priya Singh
5eb351ff-093,2024-11-22,Gym Membership - Exclusive logistical hardware,75.84,Subscriptions,credit,-16644.39,False,Gym Membership,rajesh_sharma,Rajesh Sharma
2827ac20-ef0,2024-11-22,State Farm - Synergized human-resource encoding,131.25,Insurance,credit,1558.81,False,State Farm,tanishka_dhanwan,Tanishka Dhanwan
43d71387-af9,2024-11-22,HOA Fees - Operative client-server ability,2150.65,Housing,credit,-82014.02,False,HOA Fees,amit_kumar,Amit Kumar
9335c2c3-5f1,2024-11-22,CVS Pharmacy - Configurable intangible protocol,350.22,Healthcare,checking,-5306.86,False,CVS Pharmacy,rajesh_sharma,Rajesh Sharma
0c2c3440-5ed,2024-11-22,Credit Card Payment - Configurable explicit intranet,79.65,Debt Payment,savings,5245.72,False,Credit Card Payment,amit_kumar,Amit Kumar
9fe14850-891,2024-11-22,Online Course - Enhanced hybrid software,439.09,Education,credit,-77467.02,False,Online Course,amit_kumar,Amit Kumar
a0619718-ae7,2024-11-22,"Payroll - Robinson, Jones and Henderson",2548.95,Income,savings,-24484.53,True,"Robinson, Jones and Henderson",rajesh_sharma,Rajesh Sharma
f144444a-2b2,2024-11-22,City Hospital - Re-engineered 24hour instruction set,186.26,Healthcare,credit,-81735.68,False,City Hospital,priya_singh,Priya Singh
502a235d-dc4,2024-11-22,Gym Membership - Integrated demand-driven definition,326.43,Subscriptions,savings,-28748.8,False,Gym Membership,tanishka_dhanwan,Tanishka Dhanwan
5c0ef03a-161,2024-11-22,Gym Membership - Universal asymmetric capability,236.45,Subscriptions,savings,2859.69,False,Gym Membership,amit_kumar,Amit Kumar
72ae74a1-cdf,2024-11-22,HOA Fees - Pre-emptive zero-defect support,1005.45,Housing,credit,-47755.42,False,HOA Fees,priya_singh,Priya Singh
441927fa-bb7,2024-11-22,Delta Airlines - Assimilated impactful knowledge user,452.66,Travel,checking,-58462.86,False,Delta Airlines,rajesh_sharma,Rajesh Sharma
9c96bca9-957,2024-11-22,Rent Payment - Switchable solution-oriented collaboration,1573.78,Housing,credit,-46544.38,False,Rent Payment,rajesh_sharma,Rajesh Sharma
6958a653-88c,2024-11-22,Tuition - Robust client-driven extranet,396.93,Education,credit,-46632.32,False,Tuition,rajesh_sharma,Rajesh Sharma
39fff6ea-a30,2024-11-22,Chipotle - Phased transitional customer loyalty,166.23,Dining,checking,-56434.81,False,Chipotle,tanishka_dhanwan,Tanishka Dhanwan
e83dc56e-bf9,2024-11-23,Property Mgmt - Assimilated stable core,2182.71,Housing,credit,-18827.1,False,Property Mgmt,rajesh_sharma,Rajesh Sharma
19aa89c2-073,2024-11-23,Metro Transit - Monitored zero administration project,325.97,Transportation,credit,-35187.4,False,Metro Transit,tanishka_dhanwan,Tanishka Dhanwan
fead1f45-241,2024-11-23,Credit Card Payment - Persevering global hierarchy,429.35,Debt Payment,checking,-12688.09,False,Credit Card Payment,priya_singh,Priya Singh
7c85501c-e0a,2024-11-23,Credit Card Payment - Centralized bottom-line support,214.09,Debt Payment,credit,-37958.88,False,Credit Card Payment,tanishka_dhanwan,Tanishka Dhanwan
cb92831d-3ad,2024-11-23,Costco - Mandatory grid-enabled ability,488.05,Groceries,checking,-23548.1,False,Costco,rajesh_sharma,Rajesh Sharma
b197e752-a0a,2024-11-23,Credit Card Payment - Reactive incremental frame,200.53,Debt Payment,credit,-5115.38,False,Credit Card Payment,amit_kumar,Amit Kumar
b3d72d54-150,2024-11-23,Netflix - Networked methodical flexibility,465.5,Entertainment,credit,-17112.16,False,Netflix,amit_kumar,Amit Kumar
8035a1de-31f,2024-11-23,"Payroll - Wright, Hill and Hoffman",3189.09,Income,credit,-49459.16,True,"Wright, Hill and Hoffman",tanishka_dhanwan,Tanishka Dhanwan
f8676435-6b4,2024-11-23,ATM Withdrawal - Total bandwidth-monitored knowledge user,239.12,Other,credit,-82427.95,False,ATM Withdrawal,priya_singh,Priya Singh
fabe2bd3-9cd,2024-11-23,Adobe - Reactive multimedia core,446.51,Subscriptions,checking,-55862.79,False,Adobe,tanishka_dhanwan,Tanishka Dhanwan
ac831990-290,2024-11-23,Misc Purchase - Persevering foreground circuit,34.06,Other,checking,-35906.05,False,Misc Purchase,amit_kumar,Amit Kumar
8c1f0fdc-d65,2024-11-23,Electric Co - Implemented local process improvement,11.94,Utilities,credit,-75836.36,False,Electric Co,priya_singh,Priya Singh
a982c545-3d3,2024-11-23,Spotify - Balanced intangible migration,74.09,Entertainment,checking,-15072.54,False,Spotify,amit_kumar,Amit Kumar
309a8abc-7c7,2024-11-24,HOA Fees - Decentralized attitude-oriented service-desk,1145.42,Housing,credit,-41466.95,False,HOA Fees,priya_singh,Priya Singh
2660881f-77b,2024-11-24,Water Dept - Progressive responsive success,145.15,Utilities,savings,-23724.84,False,Water Dept,rajesh_sharma,Rajesh Sharma
2459a8ab-34f,2024-11-24,Property Mgmt - User-centric next generation definition,2177.55,Housing,savings,15298.58,False,Property Mgmt,priya_singh,Priya Singh
92c4ec21-dbb,2024-11-24,Target - Profit-focused reciprocal contingency,420.28,Shopping,savings,-25782.51,False,Target,amit_kumar,Amit Kumar
17b1011f-2b7,2024-11-24,HOA Fees - Open-architected logistical flexibility,1468.38,Housing,credit,-11240.32,False,HOA Fees,priya_singh,Priya Singh
9755221b-ab0,2024-11-24,Health Ins Co - Focused foreground installation,21.6,Insurance,credit,-37328.65,False,Health Ins Co,priya_singh,Priya Singh
90a54e1b-f16,2024-11-24,Target - Networked uniform success,55.29,Shopping,credit,-27625.32,False,Target,amit_kumar,Amit Kumar
73c18502-c68,2024-11-24,Best Buy - Decentralized secondary installation,142.2,Shopping,checking,-56013.81,False,Best Buy,tanishka_dhanwan,Tanishka Dhanwan
cb182017-fe2,2024-11-24,Electric Co - Future-proofed high-level focus group,55.01,Utilities,credit,-70787.27,False,Electric Co,amit_kumar,Amit Kumar
5ecf224d-1a8,2024-11-24,Spotify - Devolved asymmetric focus group,246.72,Entertainment,savings,-12177.36,False,Spotify,rajesh_sharma,Rajesh Sharma
fcf836ed-97d,2024-11-24,CVS Pharmacy - Public-key stable time-frame,146.7,Healthcare,savings,-22114.56,False,CVS Pharmacy,amit_kumar,Amit Kumar
0fbdcd11-3ae,2024-11-24,Online Course - Profit-focused client-driven intranet,342.1,Education,savings,26077.27,False,Online Course,priya_singh,Priya Singh
04cce9d6-eb3,2024-11-24,State Farm - Business-focused dynamic process improvement,450.64,Insurance,checking,-30429.6,False,State Farm,priya_singh,Priya Singh
55d67fcd-ead,2024-11-24,Trader Joe's - User-friendly tangible moratorium,194.45,Groceries,savings,-7397.82,False,Trader Joe's,rajesh_sharma,Rajesh Sharma
158219a0-c65,2024-11-24,Parking Co - Re-engineered demand-driven toolset,436.56,Transportation,checking,-68177.37,False,Parking Co,priya_singh,Priya Singh
1eaabe92-6c5,2024-11-24,Health Ins Co - Optimized value-added neural-net,251.53,Insurance,credit,-31399.51,False,Health Ins Co,rajesh_sharma,Rajesh Sharma
48164b29-765,2024-11-24,Property Mgmt - Organic actuating policy,1055.15,Housing,savings,-3104.64,False,Property Mgmt,amit_kumar,Amit Kumar
433aa025-0ab,2024-11-25,Rent Payment - Intuitive client-server system engine,1891.86,Housing,checking,1778.0,False,Rent Payment,tanishka_dhanwan,Tanishka Dhanwan
184648ab-ff2,2024-11-25,Netflix - Assimilated executive matrix,220.49,Entertainment,savings,-5635.94,False,Netflix,priya_singh,Priya Singh
292ae196-ba5,2024-11-25,Starbucks - Adaptive dynamic neural-net,166.67,Dining,savings,-476.63,False,Starbucks,priya_singh,Priya Singh
14e725a1-9ec,2024-11-25,Best Buy - Advanced holistic hierarchy,16.36,Shopping,savings,3183.48,False,Best Buy,tanishka_dhanwan,Tanishka Dhanwan
b54157f4-4ab,2024-11-25,Spotify - Right-sized regional definition,434.49,Entertainment,savings,-3101.81,False,Spotify,rajesh_sharma,Rajesh Sharma
b6eb7cff-a6b,2024-11-25,Best Buy - Enhanced attitude-oriented circuit,199.98,Shopping,savings,7413.25,False,Best Buy,tanishka_dhanwan,Tanishka Dhanwan
72b26fc4-a06,2024-11-25,ATM Withdrawal - Upgradable client-server productivity,221.07,Other,checking,-58210.14,False,ATM Withdrawal,tanishka_dhanwan,Tanishka Dhanwan
7992047e-22f,2024-11-25,Gym Membership - Ergonomic exuding standardization,207.52,Subscriptions,checking,-63142.27,False,Gym Membership,priya_singh,Priya Singh
b55dc98e-6f7,2024-11-26,State Farm - Self-enabling tangible info-mediaries,129.72,Insurance,credit,-60053.07,False,State Farm,amit_kumar,Amit Kumar
ba5b2c0a-986,2024-11-26,Costco - Versatile composite moratorium,154.54,Groceries,checking,2629.47,False,Costco,amit_kumar,Amit Kumar
c669f08f-4a3,2024-11-26,Tuition - Business-focused static approach,337.32,Education,credit,-20982.4,False,Tuition,priya_singh,Priya Singh
56590667-d3f,2024-11-26,City Hospital - Customizable multi-tasking hierarchy,369.96,Healthcare,savings,-72692.89,False,City Hospital,rajesh_sharma,Rajesh Sharma
20addb31-01f,2024-11-26,Property Mgmt - Customer-focused clear-thinking product,1019.32,Housing,credit,-73787.42,False,Property Mgmt,amit_kumar,Amit Kumar
f22a2b48-102,2024-11-26,Metro Transit - Multi-lateral bandwidth-monitored software,375.18,Transportation,checking,-22437.18,False,Metro Transit,rajesh_sharma,Rajesh Sharma
b3d4b175-8c1,2024-11-26,Best Buy - Reduced intermediate productivity,384.08,Shopping,savings,-9311.15,False,Best Buy,rajesh_sharma,Rajesh Sharma
09fd6e6c-81d,2024-11-26,Health Ins Co - Inverse empowering implementation,435.37,Insurance,credit,-37298.46,False,Health Ins Co,amit_kumar,Amit Kumar
149be8bf-09d,2024-11-26,Electric Co - Universal hybrid archive,461.72,Utilities,savings,-32357.25,False,Electric Co,rajesh_sharma,Rajesh Sharma
b3d1f710-e54,2024-11-26,Trader Joe's - Enterprise-wide bottom-line capacity,442.19,Groceries,savings,356.93,False,Trader Joe's,priya_singh,Priya Singh
3f6fd87b-dff,2024-11-26,Whole Foods - Open-architected optimizing open architecture,133.31,Groceries,savings,14149.97,False,Whole Foods,amit_kumar,Amit Kumar
4252f48b-8c6,2024-11-26,Cloud Storage - Focused human-resource solution,177.94,Subscriptions,credit,-22150.71,False,Cloud Storage,rajesh_sharma,Rajesh Sharma
e0aacf30-a8f,2024-11-26,Marriott - Down-sized attitude-oriented open system,137.13,Travel,checking,-38589.98,False,Marriott,rajesh_sharma,Rajesh Sharma
4b689164-db9,2024-11-26,Student Loan - Multi-tiered user-facing superstructure,167.59,Debt Payment,savings,-61699.45,False,Student Loan,rajesh_sharma,Rajesh Sharma
52715b50-ba9,2024-11-27,Health Ins Co - Synergized leadingedge definition,23.76,Insurance,checking,12712.38,False,Health Ins Co,amit_kumar,Amit Kumar
7efd49c0-953,2024-11-27,Gym Membership - Pre-emptive dedicated pricing structure,354.92,Subscriptions,checking,-60278.58,False,Gym Membership,priya_singh,Priya Singh
989d1770-abf,2024-11-27,Tuition - Inverse didactic task-force,222.29,Education,checking,-70792.37,False,Tuition,priya_singh,Priya Singh
a7d14d2a-c84,2024-11-27,Internet Provider - Fundamental bi-directional alliance,76.47,Utilities,savings,-8596.27,False,Internet Provider,priya_singh,Priya Singh
94555ea3-995,2024-11-27,"Payroll - Cole, Glass and Cunningham",4234.55,Income,credit,-46481.83,True,"Cole, Glass and Cunningham",rajesh_sharma,Rajesh Sharma
099bd299-30d,2024-11-27,State Farm - Fundamental discrete matrices,279.0,Insurance,savings,-14939.31,False,State Farm,priya_singh,Priya Singh
ec2d5f56-00d,2024-11-27,Metro Transit - Monitored intangible matrices,207.05,Transportation,savings,6481.69,False,Metro Transit,tanishka_dhanwan,Tanishka Dhanwan
3e99c06e-24d,2024-11-27,Adobe - Operative intangible installation,360.63,Subscriptions,credit,-41121.14,False,Adobe,tanishka_dhanwan,Tanishka Dhanwan
ae8b6cb4-f50,2024-11-27,Water Dept - Cloned full-range adapter,241.22,Utilities,savings,-3637.26,False,Water Dept,amit_kumar,Amit Kumar
de390649-203,2024-11-27,Marriott - Multi-lateral reciprocal secured line,454.03,Travel,credit,-49466.45,False,Marriott,tanishka_dhanwan,Tanishka Dhanwan
651643ff-87d,2024-11-27,Property Mgmt - Cross-group context-sensitive parallelism,869.88,Housing,checking,-21976.72,False,Property Mgmt,amit_kumar,Amit Kumar
5468f48d-3f0,2024-11-27,Tuition - Multi-channeled maximized middleware,54.39,Education,checking,-46777.14,False,Tuition,amit_kumar,Amit Kumar
98202213-8f2,2024-11-27,Chipotle - Robust disintermediate open system,373.43,Dining,credit,-61833.33,False,Chipotle,priya_singh,Priya Singh
4f84098b-bf7,2024-11-27,AMC Theaters - Versatile full-range challenge,488.23,Entertainment,checking,-32632.56,False,AMC Theaters,rajesh_sharma,Rajesh Sharma
136a1607-6d4,2024-11-27,Dental Care - Robust secondary monitoring,111.43,Healthcare,credit,-44717.58,False,Dental Care,tanishka_dhanwan,Tanishka Dhanwan
58e34980-97d,2024-11-27,Water Dept - Business-focused hybrid product,390.85,Utilities,checking,-44653.7,False,Water Dept,rajesh_sharma,Rajesh Sharma
36b5ec9a-784,2024-11-27,Payroll - Romero PLC,1915.18,Income,checking,-25279.16,True,Romero PLC,rajesh_sharma,Rajesh Sharma
b5c93e7e-fee,2024-11-27,Netflix - Optimized tangible monitoring,377.51,Entertainment,checking,-48297.1,False,Netflix,amit_kumar,Amit Kumar
2567e7ce-68e,2024-11-27,HOA Fees - Quality-focused methodical extranet,2079.84,Housing,savings,-10299.47,False,HOA Fees,rajesh_sharma,Rajesh Sharma
7028f3ff-673,2024-11-28,Trader Joe's - Visionary fresh-thinking extranet,170.36,Groceries,credit,-65773.98,False,Trader Joe's,priya_singh,Priya Singh
98a6cd1f-292,2024-11-28,Credit Card Payment - Monitored client-server flexibility,34.11,Debt Payment,savings,-18222.39,False,Credit Card Payment,amit_kumar,Amit Kumar
e42bac10-1c6,2024-11-28,Payroll - Torres Inc,2845.4,Income,checking,-23255.41,True,Torres Inc,priya_singh,Priya Singh
b926c2d4-339,2024-11-28,State Farm - Stand-alone human-resource implementation,365.74,Insurance,checking,-17915.43,False,State Farm,priya_singh,Priya Singh
6e7da76b-829,2024-11-28,Uber - Pre-emptive responsive archive,201.32,Transportation,savings,-5287.31,False,Uber,tanishka_dhanwan,Tanishka Dhanwan
c6066c34-50d,2024-11-28,Spotify - Sharable high-level complexity,202.5,Entertainment,credit,-6605.4,False,Spotify,rajesh_sharma,Rajesh Sharma
c3d7e9bc-ca3,2024-11-28,AMC Theaters - Secured clear-thinking policy,241.73,Entertainment,savings,-7982.25,False,AMC Theaters,rajesh_sharma,Rajesh Sharma
7ae41763-54e,2024-11-28,Chipotle - Persevering high-level application,446.06,Dining,credit,-36434.27,False,Chipotle,tanishka_dhanwan,Tanishka Dhanwan
2e2ab9de-ee9,2024-11-28,Walmart - Reverse-engineered coherent algorithm,468.2,Groceries,checking,8260.71,False,Walmart,tanishka_dhanwan,Tanishka Dhanwan
08b0ad4a-f1f,2024-11-28,Trader Joe's - Focused client-driven methodology,215.52,Groceries,savings,-16680.32,False,Trader Joe's,tanishka_dhanwan,Tanishka Dhanwan
350a6efb-8d2,2024-11-28,Metro Transit - Managed local access,37.68,Transportation,checking,-319.05,False,Metro Transit,priya_singh,Priya Singh
12d93332-98a,2024-11-28,Starbucks - Ameliorated multi-state migration,9.47,Dining,credit,-14899.81,False,Starbucks,tanishka_dhanwan,Tanishka Dhanwan
8d5a8592-a80,2024-11-28,AMC Theaters - Team-oriented upward-trending installation,303.19,Entertainment,credit,-83228.51,False,AMC Theaters,priya_singh,Priya Singh
029d9c49-535,2024-11-28,Adobe - Profound value-added service-desk,441.37,Subscriptions,savings,-12427.99,False,Adobe,rajesh_sharma,Rajesh Sharma
2c2998c7-660,2024-11-29,Internet Provider - Object-based optimizing productivity,274.49,Utilities,savings,-60554.99,False,Internet Provider,rajesh_sharma,Rajesh Sharma
73104685-82b,2024-11-29,Property Mgmt - Enhanced intangible encryption,1970.28,Housing,credit,-58696.96,False,Property Mgmt,amit_kumar,Amit Kumar
ed860fde-61c,2024-11-29,Property Mgmt - Vision-oriented foreground capability,1881.75,Housing,checking,8733.16,False,Property Mgmt,tanishka_dhanwan,Tanishka Dhanwan
762d891a-ff5,2024-11-29,Health Ins Co - Total logistical methodology,446.56,Insurance,checking,5148.1,False,Health Ins Co,tanishka_dhanwan,Tanishka Dhanwan
9a103080-846,2024-11-29,State Farm - Organized system-worthy policy,454.43,Insurance,savings,-3956.59,False,State Farm,rajesh_sharma,Rajesh Sharma
721ab721-9ca,2024-11-29,Costco - Vision-oriented logistical software,64.52,Groceries,savings,34428.6,False,Costco,priya_singh,Priya Singh
a615c7dd-6d6,2024-11-29,State Farm - Integrated executive data-warehouse,289.81,Insurance,credit,-30091.06,False,State Farm,amit_kumar,Amit Kumar
90df5944-e8a,2024-11-29,Property Mgmt - Profit-focused attitude-oriented interface,915.3,Housing,savings,-7269.9,False,Property Mgmt,amit_kumar,Amit Kumar
ac021e1a-c5b,2024-11-29,Spotify - Implemented non-volatile toolset,126.93,Entertainment,credit,-75459.48,False,Spotify,rajesh_sharma,Rajesh Sharma
286c8a18-eb7,2024-11-29,Credit Card Payment - Persistent stable success,146.53,Debt Payment,checking,-98.92,False,Credit Card Payment,amit_kumar,Amit Kumar
05869f56-93c,2024-11-29,Target - Enhanced scalable methodology,275.07,Shopping,checking,-10395.25,False,Target,priya_singh,Priya Singh
b8a2a930-a9e,2024-11-29,HOA Fees - Fully-configurable bandwidth-monitored Local Area Network,1618.33,Housing,checking,-60081.19,False,HOA Fees,rajesh_sharma,Rajesh Sharma
60055ca5-273,2024-11-29,Payroll - Ruiz-Martinez,3310.1,Income,savings,2450.87,True,Ruiz-Martinez,priya_singh,Priya Singh
6900d5d9-8d2,2024-11-29,Whole Foods - Configurable next generation time-frame,479.18,Groceries,credit,-22930.55,False,Whole Foods,tanishka_dhanwan,Tanishka Dhanwan
d8062db1-bfa,2024-11-29,Whole Foods - Realigned logistical ability,334.5,Groceries,savings,8284.89,False,Whole Foods,amit_kumar,Amit Kumar
32abe336-4e8,2024-11-30,Trader Joe's - Fully-configurable mission-critical alliance,387.34,Groceries,savings,-14459.9,False,Trader Joe's,amit_kumar,Amit Kumar
b997a7d6-c9d,2024-11-30,HOA Fees - Proactive eco-centric installation,853.6,Housing,checking,-41163.77,False,HOA Fees,tanishka_dhanwan,Tanishka Dhanwan
133db457-9be,2024-11-30,HOA Fees - Fully-configurable multi-state structure,1159.0,Housing,credit,-12876.93,False,HOA Fees,amit_kumar,Amit Kumar
38623d6c-e25,2024-11-30,Health Ins Co - Customizable optimal leverage,6.28,Insurance,savings,-26666.39,False,Health Ins Co,tanishka_dhanwan,Tanishka Dhanwan
41c168df-acf,2024-11-30,State Farm - Integrated solution-oriented standardization,28.74,Insurance,credit,-49030.98,False,State Farm,rajesh_sharma,Rajesh Sharma
c377da8e-3ac,2024-11-30,City Hospital - Universal interactive concept,499.37,Healthcare,checking,-32844.34,False,City Hospital,rajesh_sharma,Rajesh Sharma
cee9cc39-c4d,2024-11-30,Health Ins Co - De-engineered multi-state parallelism,463.49,Insurance,savings,-31803.97,False,Health Ins Co,tanishka_dhanwan,Tanishka Dhanwan
769c771a-94a,2024-11-30,Local Bistro - Profit-focused dynamic implementation,480.84,Dining,checking,-42120.8,False,Local Bistro,tanishka_dhanwan,Tanishka Dhanwan
2296ca06-7fd,2024-11-30,Gym Membership - Extended web-enabled migration,353.73,Subscriptions,credit,-55847.58,False,Gym Membership,rajesh_sharma,Rajesh Sharma
6bb3db64-f34,2024-11-30,State Farm - Innovative disintermediate extranet,320.1,Insurance,savings,-45426.81,False,State Farm,rajesh_sharma,Rajesh Sharma
63f232ee-113,2024-11-30,State Farm - Reactive modular database,320.12,Insurance,credit,-8649.85,False,State Farm,priya_singh,Priya Singh
39a5e555-6ca,2024-11-30,Payroll - Cooper-Monroe,3225.24,Income,checking,-1737.95,True,Cooper-Monroe,priya_singh,Priya Singh
571cb813-e0c,2024-11-30,McDonald's - Diverse asymmetric function,154.83,Dining,checking,-4669.19,False,McDonald's,priya_singh,Priya Singh
55ee2fb6-3b4,2024-11-30,"Payroll - Marks, Miller and Griffin",1944.77,Income,checking,-33779.37,True,"Marks, Miller and Griffin",rajesh_sharma,Rajesh Sharma
cd81712c-88b,2024-11-30,Costco - Proactive holistic Local Area Network,260.65,Groceries,credit,-56193.03,False,Costco,priya_singh,Priya Singh
03fa3ba3-7bf,2024-11-30,Netflix - Triple-buffered homogeneous info-mediaries,153.49,Entertainment,credit,-44970.6,False,Netflix,rajesh_sharma,Rajesh Sharma
ddd6d74f-764,2024-11-30,Netflix - Persevering disintermediate hub,80.34,Entertainment,credit,-53868.84,False,Netflix,amit_kumar,Amit Kumar
e6ac96ed-3a7,2024-11-30,Payroll - Alvarado LLC,3304.03,Income,savings,36778.6,True,Alvarado LLC,priya_singh,Priya Singh
be3b3652-072,2024-11-30,Shell Gas - Versatile motivating info-mediaries,361.9,Transportation,checking,11725.54,False,Shell Gas,amit_kumar,Amit Kumar
fe6afea5-1c7,2024-11-30,Whole Foods - De-engineered encompassing focus group,282.51,Groceries,savings,-5747.07,False,Whole Foods,tanishka_dhanwan,Tanishka Dhanwan
5e108855-bec,2024-11-30,Payroll - Thomas-Wiggins,3827.22,Income,checking,-44948.06,True,Thomas-Wiggins,priya_singh,Priya Singh
a7fbf3c0-8a4,2024-12-01,Rent Payment - Visionary zero administration neural-net,1578.46,Housing,checking,-38575.38,False,Rent Payment,tanishka_dhanwan,Tanishka Dhanwan
d62f9486-00d,2024-12-01,Rent Payment - Streamlined asynchronous model,869.41,Housing,checking,-6931.14,False,Rent Payment,priya_singh,Priya Singh
a6a57939-c33,2024-12-01,Parking Co - Customer-focused heuristic time-frame,362.61,Transportation,checking,-10090.94,False,Parking Co,rajesh_sharma,Rajesh Sharma
5e0d1c84-3a4,2024-12-01,AMC Theaters - Automated exuding methodology,378.84,Entertainment,savings,-7203.37,False,AMC Theaters,rajesh_sharma,Rajesh Sharma
ced4278a-f37,2024-12-01,Target - Realigned high-level array,459.79,Shopping,checking,-16186.16,False,Target,rajesh_sharma,Rajesh Sharma
c06810d1-592,2024-12-01,Chipotle - Organic 6thgeneration installation,27.76,Dining,savings,-8296.64,False,Chipotle,rajesh_sharma,Rajesh Sharma
6628b4ca-081,2024-12-01,Adobe - Innovative solution-oriented installation,438.91,Subscriptions,credit,-57234.86,False,Adobe,rajesh_sharma,Rajesh Sharma
c2c3d5e3-ae1,2024-12-01,Walmart - Synergized asymmetric concept,125.86,Groceries,credit,-31494.83,False,Walmart,tanishka_dhanwan,Tanishka Dhanwan
19e6e624-55a,2024-12-01,Rent Payment - Enhanced methodical functionalities,1561.72,Housing,savings,32074.58,False,Rent Payment,priya_singh,Priya Singh
53ff1d8a-229,2024-12-01,Shell Gas - Ergonomic object-oriented capacity,98.81,Transportation,savings,9639.34,False,Shell Gas,amit_kumar,Amit Kumar
1c9bdce9-8a6,2024-12-01,Target - Fundamental leadingedge Local Area Network,211.83,Shopping,checking,-4273.36,False,Target,priya_singh,Priya Singh
6a95079b-421,2024-12-01,Property Mgmt - Assimilated executive software,1190.24,Housing,credit,-12545.8,False,Property Mgmt,amit_kumar,Amit Kumar
07e064fb-33c,2024-12-01,Whole Foods - Realigned mission-critical conglomeration,179.59,Groceries,checking,-12195.02,False,Whole Foods,priya_singh,Priya Singh
63aa4f1e-dbf,2024-12-01,Health Ins Co - Customizable asymmetric initiative,300.47,Insurance,credit,-34213.85,False,Health Ins Co,rajesh_sharma,Rajesh Sharma
7ea47e6c-28e,2024-12-02,Rent Payment - Pre-emptive eco-centric application,2010.87,Housing,savings,11483.66,False,Rent Payment,rajesh_sharma,Rajesh Sharma
14f11b10-c6e,2024-12-02,Shell Gas - Future-proofed modular product,368.65,Transportation,savings,-28849.89,False,Shell Gas,tanishka_dhanwan,Tanishka Dhanwan
6c762256-97a,2024-12-02,"Payroll - Casey, Meza and Colon",3777.21,Income,savings,17390.64,True,"Casey, Meza and Colon",amit_kumar,Amit Kumar
747586fa-cb1,2024-12-02,Misc Purchase - Stand-alone national Local Area Network,249.95,Other,checking,13574.2,False,Misc Purchase,tanishka_dhanwan,Tanishka Dhanwan
ba7365ad-951,2024-12-02,Shell Gas - Enhanced eco-centric adapter,309.26,Transportation,checking,-51936.2,False,Shell Gas,amit_kumar,Amit Kumar
457f165b-942,2024-12-02,Cloud Storage - Enterprise-wide bifurcated standardization,275.3,Subscriptions,credit,-69777.83,False,Cloud Storage,priya_singh,Priya Singh
ae8bcf88-5dd,2024-12-02,HOA Fees - Multi-tiered optimizing function,1844.93,Housing,savings,-17733.09,False,HOA Fees,amit_kumar,Amit Kumar
01ea9bcb-4a9,2024-12-02,Shell Gas - Automated global instruction set,260.49,Transportation,checking,-18106.96,False,Shell Gas,tanishka_dhanwan,Tanishka Dhanwan
eff7720b-f29,2024-12-02,Cloud Storage - Grass-roots modular strategy,16.22,Subscriptions,savings,5324.17,False,Cloud Storage,amit_kumar,Amit Kumar
0f95e622-9cf,2024-12-02,Health Ins Co - User-centric motivating attitude,81.61,Insurance,checking,11032.39,False,Health Ins Co,tanishka_dhanwan,Tanishka Dhanwan
4bffeec9-23f,2024-12-02,"Payroll - Greene, Smith and Boyd",2205.06,Income,checking,13623.14,True,"Greene, Smith and Boyd",tanishka_dhanwan,Tanishka Dhanwan
8af8ffae-2a2,2024-12-02,HOA Fees - Visionary intermediate customer loyalty,2032.81,Housing,checking,11541.39,False,HOA Fees,tanishka_dhanwan,Tanishka Dhanwan
42f65a26-0e3,2024-12-02,Property Mgmt - Fully-configurable eco-centric database,1001.59,Housing,credit,-72884.74,False,Property Mgmt,rajesh_sharma,Rajesh Sharma
fc8f824a-d05,2024-12-02,Tuition - Fundamental didactic Local Area Network,231.61,Education,savings,-14995.06,False,Tuition,tanishka_dhanwan,Tanishka Dhanwan
a96c0afe-ca0,2024-12-02,Misc Purchase - Enterprise-wide intangible archive,158.94,Other,credit,-11355.56,False,Misc Purchase,amit_kumar,Amit Kumar
655c4cbd-a4b,2024-12-02,Rent Payment - Upgradable fault-tolerant parallelism,1980.79,Housing,savings,-23503.85,False,Rent Payment,amit_kumar,Amit Kumar
04e1b0eb-feb,2024-12-02,Parking Co - Digitized systemic encryption,53.88,Transportation,checking,-40515.18,False,Parking Co,rajesh_sharma,Rajesh Sharma
7d773043-583,2024-12-02,Spotify - Vision-oriented system-worthy algorithm,461.26,Entertainment,checking,-50090.92,False,Spotify,rajesh_sharma,Rajesh Sharma
fb8fc782-401,2024-12-03,"Payroll - Carter, Williamson and Morrow",4017.74,Income,credit,-48487.14,True,"Carter, Williamson and Morrow",tanishka_dhanwan,Tanishka Dhanwan
723f5195-db4,2024-12-03,AMC Theaters - Intuitive multimedia structure,165.82,Entertainment,savings,-36264.05,False,AMC Theaters,tanishka_dhanwan,Tanishka Dhanwan
4c581bfd-dc6,2024-12-03,Metro Transit - Polarized intermediate initiative,346.5,Transportation,savings,-9463.53,False,Metro Transit,priya_singh,Priya Singh
aceea9b3-f0c,2024-12-03,Parking Co - Horizontal uniform framework,34.92,Transportation,checking,-9846.88,False,Parking Co,rajesh_sharma,Rajesh Sharma
4e083ba2-7e2,2024-12-03,City Hospital - Programmable zero administration protocol,334.0,Healthcare,checking,-47031.76,False,City Hospital,priya_singh,Priya Singh
1064520f-67a,2024-12-03,Shell Gas - Fundamental disintermediate flexibility,86.84,Transportation,checking,-14069.95,False,Shell Gas,priya_singh,Priya Singh
e2b08e50-2f7,2024-12-03,Electric Co - Progressive client-driven Internet solution,172.15,Utilities,credit,-55278.92,False,Electric Co,priya_singh,Priya Singh
a4768cc1-a5f,2024-12-03,Student Loan - Fully-configurable human-resource throughput,298.51,Debt Payment,savings,24297.57,False,Student Loan,priya_singh,Priya Singh
5a63dffa-18b,2024-12-03,"Payroll - Wade, Jacobs and Flynn",3321.34,Income,checking,-22385.39,True,"Wade, Jacobs and Flynn",tanishka_dhanwan,Tanishka Dhanwan
2c42a83f-246,2024-12-03,Internet Provider - Monitored intangible intranet,496.11,Utilities,savings,-17165.46,False,Internet Provider,priya_singh,Priya Singh
fdd5440c-a48,2024-12-03,Target - Multi-tiered optimizing capability,450.57,Shopping,credit,-52983.89,False,Target,tanishka_dhanwan,Tanishka Dhanwan
60a853eb-a7b,2024-12-03,Uber - Cloned global adapter,451.08,Transportation,credit,-8615.36,False,Uber,rajesh_sharma,Rajesh Sharma
0be4bf0f-2ea,2024-12-03,Netflix - Sharable tertiary strategy,179.74,Entertainment,savings,17042.8,False,Netflix,priya_singh,Priya Singh
83f1dc8d-4d4,2024-12-03,Internet Provider - Grass-roots scalable utilization,285.35,Utilities,credit,-49596.21,False,Internet Provider,rajesh_sharma,Rajesh Sharma
9b5f1dc5-46e,2024-12-03,Local Bistro - Pre-emptive methodical challenge,25.03,Dining,savings,4095.47,False,Local Bistro,priya_singh,Priya Singh
8877cace-3f3,2024-12-03,Netflix - Right-sized local conglomeration,377.99,Entertainment,credit,3715.28,False,Netflix,priya_singh,Priya Singh
5e215ffe-3c1,2024-12-04,Uber - Synergized intermediate productivity,394.34,Transportation,credit,-10923.82,False,Uber,tanishka_dhanwan,Tanishka Dhanwan
647b3339-e26,2024-12-04,ATM Withdrawal - Total web-enabled encryption,330.04,Other,checking,-35072.58,False,ATM Withdrawal,amit_kumar,Amit Kumar
77af8ec1-b6f,2024-12-04,AMC Theaters - Organized context-sensitive concept,240.22,Entertainment,savings,7704.64,False,AMC Theaters,priya_singh,Priya Singh
4cec1f08-f31,2024-12-04,Internet Provider - Compatible 5thgeneration support,498.62,Utilities,savings,-9863.99,False,Internet Provider,priya_singh,Priya Singh
5d3fcd3a-1e1,2024-12-04,AMC Theaters - Pre-emptive contextually-based moratorium,130.4,Entertainment,checking,-33318.39,False,AMC Theaters,rajesh_sharma,Rajesh Sharma
20bfc7e3-0ef,2024-12-04,ATM Withdrawal - Virtual transitional throughput,366.82,Other,checking,13485.91,False,ATM Withdrawal,amit_kumar,Amit Kumar
c219f6f6-ef2,2024-12-04,Parking Co - Function-based dedicated process improvement,124.06,Transportation,savings,17589.32,False,Parking Co,priya_singh,Priya Singh
4897dace-10f,2024-12-04,Electric Co - Networked non-volatile alliance,303.0,Utilities,checking,-35135.43,False,Electric Co,rajesh_sharma,Rajesh Sharma
c0ac8f3c-df4,2024-12-04,Best Buy - De-engineered mission-critical archive,13.05,Shopping,savings,-57633.72,False,Best Buy,rajesh_sharma,Rajesh Sharma
981a95e4-e2b,2024-12-04,Gym Membership - Decentralized client-server infrastructure,86.75,Subscriptions,checking,11591.79,False,Gym Membership,amit_kumar,Amit Kumar
4926e570-9df,2024-12-04,Property Mgmt - Automated national groupware,1811.1,Housing,checking,1461.55,False,Property Mgmt,amit_kumar,Amit Kumar
07e97d4d-bcc,2024-12-04,HOA Fees - Operative context-sensitive conglomeration,1473.69,Housing,credit,-49960.83,False,HOA Fees,tanishka_dhanwan,Tanishka Dhanwan
7029373f-94c,2024-12-04,Property Mgmt - Expanded static product,807.13,Housing,savings,12741.07,False,Property Mgmt,priya_singh,Priya Singh
783f587c-f9d,2024-12-04,Property Mgmt - Reduced eco-centric ability,1173.46,Housing,credit,-19859.53,False,Property Mgmt,priya_singh,Priya Singh
eea977be-f1c,2024-12-04,HOA Fees - Upgradable maximized focus group,1093.76,Housing,credit,-59758.27,False,HOA Fees,priya_singh,Priya Singh
b047052b-a10,2024-12-04,HOA Fees - Front-line impactful encoding,2144.48,Housing,checking,3100.91,False,HOA Fees,amit_kumar,Amit Kumar
57a0b6f1-21a,2024-12-04,Spotify - Multi-lateral dedicated Graphical User Interface,331.34,Entertainment,checking,14162.26,False,Spotify,amit_kumar,Amit Kumar
90b38f74-a53,2024-12-04,Credit Card Payment - Face-to-face systematic customer loyalty,80.47,Debt Payment,savings,-36593.51,False,Credit Card Payment,tanishka_dhanwan,Tanishka Dhanwan
292702f3-eff,2024-12-04,Online Course - Business-focused content-based model,122.27,Education,credit,-41112.97,False,Online Course,rajesh_sharma,Rajesh Sharma
74670cc1-884,2024-12-04,Target - Exclusive 6thgeneration functionalities,221.65,Shopping,credit,-47522.17,False,Target,rajesh_sharma,Rajesh Sharma
879d02b0-d8f,2024-12-05,HOA Fees - Centralized encompassing projection,1314.58,Housing,savings,-14238.07,False,HOA Fees,tanishka_dhanwan,Tanishka Dhanwan
089c4745-e42,2024-12-05,Shell Gas - Extended optimal help-desk,89.45,Transportation,credit,-52333.64,False,Shell Gas,rajesh_sharma,Rajesh Sharma
0f4a0d19-729,2024-12-05,Netflix - Fundamental composite middleware,359.74,Entertainment,credit,-11399.35,False,Netflix,amit_kumar,Amit Kumar
6dd0772a-958,2024-12-05,AMC Theaters - Centralized multi-tasking adapter,256.82,Entertainment,savings,11219.1,False,AMC Theaters,amit_kumar,Amit Kumar
dee80505-add,2024-12-05,Walmart - Inverse dynamic protocol,120.02,Groceries,credit,-35281.84,False,Walmart,tanishka_dhanwan,Tanishka Dhanwan
f9d9bb47-a84,2024-12-05,Expedia - Automated contextually-based portal,406.7,Travel,savings,12081.51,False,Expedia,priya_singh,Priya Singh
e5b335e1-88f,2024-12-05,Shell Gas - Organized 6thgeneration superstructure,201.41,Transportation,checking,-33432.96,False,Shell Gas,rajesh_sharma,Rajesh Sharma
4b584c1d-383,2024-12-05,Target - Synergized composite alliance,176.54,Shopping,savings,-18545.6,False,Target,tanishka_dhanwan,Tanishka Dhanwan
15bb183d-7fb,2024-12-05,HOA Fees - Re-contextualized composite extranet,1056.69,Housing,checking,-17587.2,False,HOA Fees,amit_kumar,Amit Kumar
96e2a78f-9c3,2024-12-05,Trader Joe's - Multi-tiered eco-centric array,161.44,Groceries,credit,-35057.34,False,Trader Joe's,amit_kumar,Amit Kumar
1350908b-bb0,2024-12-05,HOA Fees - Open-architected uniform concept,2154.78,Housing,checking,-13389.17,False,HOA Fees,rajesh_sharma,Rajesh Sharma
aed6603e-522,2024-12-05,Delta Airlines - Visionary leadingedge secured line,401.61,Travel,savings,-8748.62,False,Delta Airlines,priya_singh,Priya Singh
84675862-727,2024-12-05,HOA Fees - Profound logistical middleware,1716.23,Housing,checking,-48156.83,False,HOA Fees,amit_kumar,Amit Kumar
7f7ffa95-d45,2024-12-05,AMC Theaters - Digitized 24/7 challenge,295.51,Entertainment,checking,3515.27,False,AMC Theaters,amit_kumar,Amit Kumar
3f018552-7db,2024-12-06,Cloud Storage - Organized human-resource help-desk,372.35,Subscriptions,credit,-67669.52,False,Cloud Storage,priya_singh,Priya Singh
ef653ff5-c90,2024-12-06,Dental Care - Expanded next generation Graphic Interface,338.87,Healthcare,checking,-41049.79,False,Dental Care,rajesh_sharma,Rajesh Sharma
6d9ace3d-131,2024-12-06,Netflix - Total local implementation,185.76,Entertainment,credit,-33236.15,False,Netflix,tanishka_dhanwan,Tanishka Dhanwan
477e1f4e-6a7,2024-12-06,Internet Provider - De-engineered global structure,218.94,Utilities,checking,-70073.44,False,Internet Provider,rajesh_sharma,Rajesh Sharma
ea5f475f-af8,2024-12-06,ATM Withdrawal - Robust user-facing implementation,484.71,Other,checking,-45059.93,False,ATM Withdrawal,priya_singh,Priya Singh
e3fb84d1-24c,2024-12-06,Chipotle - Right-sized background groupware,37.26,Dining,savings,-8681.11,False,Chipotle,priya_singh,Priya Singh
f60f221f-ee7,2024-12-06,Water Dept - Decentralized methodical application,103.5,Utilities,savings,16819.38,False,Water Dept,priya_singh,Priya Singh
082f13ba-ed7,2024-12-06,State Farm - Future-proofed contextually-based synergy,472.43,Insurance,checking,-12868.73,False,State Farm,priya_singh,Priya Singh
ea963158-62f,2024-12-06,ATM Withdrawal - Cloned modular service-desk,465.46,Other,savings,14883.91,False,ATM Withdrawal,amit_kumar,Amit Kumar
eb779920-f54,2024-12-07,Misc Purchase - Innovative composite customer loyalty,374.76,Other,checking,11115.94,False,Misc Purchase,tanishka_dhanwan,Tanishka Dhanwan
d7f19e2c-d33,2024-12-07,McDonald's - Phased client-driven Graphic Interface,18.88,Dining,credit,-8098.55,False,McDonald's,amit_kumar,Amit Kumar
521fdac0-29c,2024-12-07,Whole Foods - Fully-configurable fresh-thinking implementation,304.51,Groceries,savings,-44773.89,False,Whole Foods,rajesh_sharma,Rajesh Sharma
12547ae8-101,2024-12-07,Adobe - Enhanced leadingedge pricing structure,459.79,Subscriptions,savings,2969.26,False,Adobe,priya_singh,Priya Singh
71ec54f0-fbb,2024-12-07,Payroll - Murphy-Smith,3756.71,Income,credit,-52120.44,True,Murphy-Smith,rajesh_sharma,Rajesh Sharma
e44bf218-a55,2024-12-07,McDonald's - Horizontal stable solution,437.63,Dining,credit,-10529.48,False,McDonald's,tanishka_dhanwan,Tanishka Dhanwan
6b190dd5-d36,2024-12-07,Internet Provider - Innovative grid-enabled instruction set,287.85,Utilities,credit,-69370.84,False,Internet Provider,priya_singh,Priya Singh
8968eaf4-8a4,2024-12-07,Starbucks - Robust needs-based adapter,31.53,Dining,credit,-37418.87,False,Starbucks,tanishka_dhanwan,Tanishka Dhanwan
4f6482cb-5f8,2024-12-07,"Payroll - Cox, Stark and Rodriguez",4061.49,Income,savings,-25603.37,True,"Cox, Stark and Rodriguez",rajesh_sharma,Rajesh Sharma
fa200561-c45,2024-12-07,Health Ins Co - Programmable coherent support,288.29,Insurance,checking,-55605.9,False,Health Ins Co,tanishka_dhanwan,Tanishka Dhanwan
9c9c5a0f-2a5,2024-12-07,Rent Payment - Multi-layered tangible benchmark,1613.73,Housing,credit,-15714.46,False,Rent Payment,priya_singh,Priya Singh
e95e7fdb-a86,2024-12-07,Credit Card Payment - Public-key systematic monitoring,453.0,Debt Payment,savings,-15785.9,False,Credit Card Payment,priya_singh,Priya Singh
67b52a24-e87,2024-12-08,Dental Care - Programmable impactful matrices,115.12,Healthcare,savings,-28422.37,False,Dental Care,tanishka_dhanwan,Tanishka Dhanwan
ded8d82e-451,2024-12-08,Health Ins Co - Upgradable bi-directional infrastructure,87.39,Insurance,savings,8186.24,False,Health Ins Co,tanishka_dhanwan,Tanishka Dhanwan
9cd7f84e-b16,2024-12-08,Rent Payment - Quality-focused asynchronous Graphical User Interface,1989.72,Housing,checking,-15241.52,False,Rent Payment,tanishka_dhanwan,Tanishka Dhanwan
2f453de0-855,2024-12-08,Local Bistro - Switchable eco-centric toolset,306.61,Dining,credit,-43705.33,False,Local Bistro,tanishka_dhanwan,Tanishka Dhanwan
d7e9f078-b4f,2024-12-08,Spotify - Down-sized responsive capability,113.17,Entertainment,credit,-26843.68,False,Spotify,amit_kumar,Amit Kumar
da30efac-d3b,2024-12-08,Misc Purchase - Up-sized interactive middleware,278.64,Other,checking,-2255.09,False,Misc Purchase,amit_kumar,Amit Kumar
3dc1a93b-d98,2024-12-08,Starbucks - Multi-lateral grid-enabled core,226.73,Dining,credit,-67923.18,False,Starbucks,priya_singh,Priya Singh
d0b1c2cb-929,2024-12-08,Netflix - Versatile bifurcated application,24.16,Entertainment,savings,-4695.66,False,Netflix,priya_singh,Priya Singh
4b01f115-5bf,2024-12-08,Metro Transit - Up-sized maximized Graphical User Interface,12.29,Transportation,savings,5934.89,False,Metro Transit,amit_kumar,Amit Kumar
3c55fd4f-620,2024-12-08,Internet Provider - Fully-configurable maximized success,251.04,Utilities,savings,-22298.27,False,Internet Provider,tanishka_dhanwan,Tanishka Dhanwan
dbf13527-3f2,2024-12-08,Local Bistro - Public-key attitude-oriented system engine,135.64,Dining,savings,-3630.39,False,Local Bistro,priya_singh,Priya Singh
46e44dc7-370,2024-12-08,Rent Payment - Extended empowering protocol,1134.99,Housing,credit,-37160.08,False,Rent Payment,rajesh_sharma,Rajesh Sharma
94e1c2d4-a7f,2024-12-09,Starbucks - Synergized tangible neural-net,368.36,Dining,savings,17901.27,False,Starbucks,amit_kumar,Amit Kumar
36e73269-e89,2024-12-09,McDonald's - Cross-platform national knowledgebase,375.43,Dining,checking,-47493.11,False,McDonald's,tanishka_dhanwan,Tanishka Dhanwan
5c918a8a-ac8,2024-12-09,AMC Theaters - Profound systematic hierarchy,382.67,Entertainment,savings,-16897.75,False,AMC Theaters,priya_singh,Priya Singh
f97fbece-0c7,2024-12-09,Water Dept - Networked maximized paradigm,269.64,Utilities,savings,-10428.71,False,Water Dept,rajesh_sharma,Rajesh Sharma
17289e64-14a,2024-12-09,Property Mgmt - Multi-channeled directional secured line,2083.99,Housing,checking,2916.01,False,Property Mgmt,priya_singh,Priya Singh
43b8e131-45d,2024-12-09,Internet Provider - Vision-oriented human-resource strategy,122.76,Utilities,savings,-30486.69,False,Internet Provider,tanishka_dhanwan,Tanishka Dhanwan
f650c608-7b1,2024-12-09,Payroll - Adams-George,3456.97,Income,credit,-36731.64,True,Adams-George,tanishka_dhanwan,Tanishka Dhanwan
1a4d8e84-807,2024-12-09,Rent Payment - Customer-focused contextually-based help-desk,807.65,Housing,credit,-4914.85,False,Rent Payment,amit_kumar,Amit Kumar
eff7266e-f27,2024-12-09,Spotify - Intuitive zero tolerance matrix,10.74,Entertainment,credit,-47455.64,False,Spotify,priya_singh,Priya Singh
2de69f22-fff,2024-12-09,Best Buy - Ergonomic upward-trending architecture,394.51,Shopping,savings,-30394.7,False,Best Buy,tanishka_dhanwan,Tanishka Dhanwan
82fdd131-f6b,2024-12-09,Water Dept - Total regional parallelism,132.53,Utilities,savings,7193.31,False,Water Dept,priya_singh,Priya Singh
623ea81e-95a,2024-12-09,HOA Fees - Re-contextualized asymmetric attitude,936.4,Housing,checking,3587.33,False,HOA Fees,amit_kumar,Amit Kumar
456b4040-73d,2024-12-09,Local Bistro - Seamless discrete policy,14.83,Dining,credit,-56149.65,False,Local Bistro,priya_singh,Priya Singh
9c5acff1-c4a,2024-12-09,Payroll - Marks-Williams,2934.17,Income,savings,-23889.02,True,Marks-Williams,amit_kumar,Amit Kumar
c9a3d1ba-3c0,2024-12-09,City Hospital - Intuitive stable capability,197.38,Healthcare,checking,-5545.83,False,City Hospital,rajesh_sharma,Rajesh Sharma
30a18c37-9a2,2024-12-09,Misc Purchase - Distributed intermediate conglomeration,474.21,Other,savings,2251.59,False,Misc Purchase,rajesh_sharma,Rajesh Sharma
b636ab5d-cd7,2024-12-10,Shell Gas - Managed mission-critical collaboration,456.8,Transportation,checking,-58250.77,False,Shell Gas,amit_kumar,Amit Kumar
f9c6a8a7-c4f,2024-12-10,Best Buy - Monitored 4thgeneration instruction set,28.02,Shopping,credit,-46872.83,False,Best Buy,rajesh_sharma,Rajesh Sharma
bb977a9a-f00,2024-12-10,Local Bistro - Synergistic encompassing orchestration,284.14,Dining,savings,-8517.93,False,Local Bistro,rajesh_sharma,Rajesh Sharma
9318be56-c12,2024-12-10,Water Dept - De-engineered transitional intranet,37.45,Utilities,credit,-55083.87,False,Water Dept,priya_singh,Priya Singh
47073958-d13,2024-12-10,Gym Membership - Function-based reciprocal customer loyalty,135.93,Subscriptions,credit,-15859.15,False,Gym Membership,priya_singh,Priya Singh
100c3472-56b,2024-12-10,Electric Co - Grass-roots hybrid info-mediaries,126.72,Utilities,credit,-36056.19,False,Electric Co,tanishka_dhanwan,Tanishka Dhanwan
3a56d9f0-93b,2024-12-10,Internet Provider - Synergized bottom-line monitoring,41.94,Utilities,savings,6226.12,False,Internet Provider,amit_kumar,Amit Kumar
d4d88ad7-5eb,2024-12-10,McDonald's - De-engineered tertiary migration,494.47,Dining,credit,-29039.71,False,McDonald's,amit_kumar,Amit Kumar
57f77d7e-0df,2024-12-10,Netflix - Progressive stable encryption,106.89,Entertainment,credit,-60189.14,False,Netflix,priya_singh,Priya Singh
a4e0c065-d68,2024-12-10,McDonald's - Multi-layered modular frame,77.57,Dining,checking,-19624.99,False,McDonald's,amit_kumar,Amit Kumar
fd29d28a-323,2024-12-10,Amazon - Total real-time interface,113.45,Shopping,savings,-6470.64,False,Amazon,priya_singh,Priya Singh
bb4a691f-69e,2024-12-10,AMC Theaters - Ameliorated zero administration concept,122.92,Entertainment,savings,-23513.26,False,AMC Theaters,tanishka_dhanwan,Tanishka Dhanwan
a43758a1-a95,2024-12-10,State Farm - User-centric well-modulated standardization,436.7,Insurance,checking,-9240.31,False,State Farm,priya_singh,Priya Singh
7dac6626-ab1,2024-12-10,Health Ins Co - Down-sized radical Graphic Interface,32.86,Insurance,checking,6291.06,False,Health Ins Co,tanishka_dhanwan,Tanishka Dhanwan
dc7b4628-ae1,2024-12-10,Costco - Switchable exuding database,357.14,Groceries,savings,-55574.94,False,Costco,rajesh_sharma,Rajesh Sharma
0f8aae00-cab,2024-12-10,State Farm - Adaptive 24/7 middleware,92.77,Insurance,checking,-24791.99,False,State Farm,amit_kumar,Amit Kumar
decaa67d-633,2024-12-10,Payroll - Black PLC,3522.48,Income,checking,-31347.21,True,Black PLC,rajesh_sharma,Rajesh Sharma
70158f55-135,2024-12-11,ATM Withdrawal - Cross-platform system-worthy complexity,268.2,Other,checking,-13293.39,False,ATM Withdrawal,priya_singh,Priya Singh
10858c93-8a5,2024-12-11,Uber - Organized maximized software,350.73,Transportation,checking,-32750.14,False,Uber,rajesh_sharma,Rajesh Sharma
2b919cd8-12a,2024-12-11,"Payroll - Garcia, Humphrey and Baker",2186.77,Income,savings,14920.99,True,"Garcia, Humphrey and Baker",rajesh_sharma,Rajesh Sharma
0d9c1300-3a9,2024-12-11,Electric Co - Progressive next generation policy,378.45,Utilities,checking,-12631.99,False,Electric Co,rajesh_sharma,Rajesh Sharma
a63e578c-c0a,2024-12-11,Internet Provider - Fully-configurable full-range encryption,325.58,Utilities,checking,-24804.31,False,Internet Provider,tanishka_dhanwan,Tanishka Dhanwan
20384ee5-b8b,2024-12-11,Payroll - Brooks Inc,1885.15,Income,checking,-51782.08,True,Brooks Inc,priya_singh,Priya Singh
e80ceca3-61d,2024-12-11,Shell Gas - Multi-lateral intangible productivity,69.68,Transportation,credit,-5036.74,False,Shell Gas,amit_kumar,Amit Kumar
2c5febfc-b84,2024-12-11,"Payroll - Hines, Bennett and Cantu",3939.47,Income,savings,-5141.25,True,"Hines, Bennett and Cantu",rajesh_sharma,Rajesh Sharma
41f01221-7d6,2024-12-11,Chipotle - Distributed disintermediate complexity,44.76,Dining,savings,14032.34,False,Chipotle,rajesh_sharma,Rajesh Sharma
ff8c479a-254,2024-12-11,Local Bistro - Function-based didactic collaboration,242.78,Dining,credit,-48081.54,False,Local Bistro,rajesh_sharma,Rajesh Sharma
790cd014-d0e,2024-12-11,Online Course - Cloned even-keeled initiative,74.46,Education,checking,11490.7,False,Online Course,tanishka_dhanwan,Tanishka Dhanwan
eeae409d-9ad,2024-12-11,Payroll - Lopez and Sons,4010.99,Income,checking,-58934.17,True,Lopez and Sons,tanishka_dhanwan,Tanishka Dhanwan
eaecc5da-81d,2024-12-12,Chipotle - Programmable static paradigm,491.31,Dining,checking,1499.02,False,Chipotle,amit_kumar,Amit Kumar
03ce2d2b-9d6,2024-12-12,Adobe - Stand-alone composite moderator,337.7,Subscriptions,credit,-46917.71,False,Adobe,tanishka_dhanwan,Tanishka Dhanwan
e23d014d-da5,2024-12-12,Health Ins Co - Streamlined systemic Graphical User Interface,101.49,Insurance,checking,-32843.67,False,Health Ins Co,rajesh_sharma,Rajesh Sharma
9e49c5cd-459,2024-12-12,CVS Pharmacy - Cross-group multimedia neural-net,460.65,Healthcare,credit,-28355.43,False,CVS Pharmacy,amit_kumar,Amit Kumar
a0cb914e-02e,2024-12-12,Online Course - Reverse-engineered stable service-desk,361.5,Education,credit,-46363.06,False,Online Course,amit_kumar,Amit Kumar
c1842c7c-e35,2024-12-12,Internet Provider - Horizontal motivating concept,293.26,Utilities,credit,-27786.68,False,Internet Provider,amit_kumar,Amit Kumar
52917790-c30,2024-12-12,Dental Care - Pre-emptive even-keeled Graphic Interface,378.47,Healthcare,checking,1262.28,False,Dental Care,tanishka_dhanwan,Tanishka Dhanwan
b1e43b81-d1c,2024-12-12,Trader Joe's - Enterprise-wide full-range knowledgebase,477.15,Groceries,credit,-31971.98,False,Trader Joe's,tanishka_dhanwan,Tanishka Dhanwan
791ac331-35e,2024-12-12,Costco - Focused background parallelism,471.16,Groceries,savings,-31174.0,False,Costco,tanishka_dhanwan,Tanishka Dhanwan
d144f985-b66,2024-12-12,Online Course - Inverse demand-driven array,272.23,Education,savings,-1966.41,False,Online Course,tanishka_dhanwan,Tanishka Dhanwan
00bcf4bd-c17,2024-12-12,Property Mgmt - Front-line modular info-mediaries,2033.27,Housing,checking,-52857.15,False,Property Mgmt,rajesh_sharma,Rajesh Sharma
7b941140-9a0,2024-12-12,Credit Card Payment - Devolved scalable orchestration,214.99,Debt Payment,credit,-33451.14,False,Credit Card Payment,tanishka_dhanwan,Tanishka Dhanwan
ddb0208d-f80,2024-12-12,Delta Airlines - Distributed hybrid emulation,69.24,Travel,credit,-58534.18,False,Delta Airlines,amit_kumar,Amit Kumar
297ba5f7-689,2024-12-12,Walmart - Configurable well-modulated framework,253.68,Groceries,credit,-61791.06,False,Walmart,amit_kumar,Amit Kumar
44a7c676-ee2,2024-12-12,State Farm - Intuitive client-server superstructure,368.98,Insurance,credit,-55937.56,False,State Farm,priya_singh,Priya Singh
2d684349-94d,2024-12-13,Payroll - Baker-Lin,1957.5,Income,credit,-33792.02,True,Baker-Lin,tanishka_dhanwan,Tanishka Dhanwan
b6b05ed0-6fb,2024-12-13,Health Ins Co - Function-based zero tolerance benchmark,490.8,Insurance,savings,11590.71,False,Health Ins Co,priya_singh,Priya Singh
c3577c8f-5eb,2024-12-13,ATM Withdrawal - Extended incremental support,78.06,Other,checking,-3462.87,False,ATM Withdrawal,priya_singh,Priya Singh
99400a29-d89,2024-12-13,Target - Vision-oriented tangible instruction set,390.55,Shopping,credit,-70262.56,False,Target,amit_kumar,Amit Kumar
bbdc5af6-da0,2024-12-13,Tuition - Virtual mobile emulation,278.88,Education,credit,-34621.47,False,Tuition,priya_singh,Priya Singh
cd72c77e-a59,2024-12-13,Spotify - Intuitive hybrid standardization,496.02,Entertainment,savings,-63192.75,False,Spotify,rajesh_sharma,Rajesh Sharma
399a7e83-950,2024-12-13,State Farm - Cloned user-facing archive,403.74,Insurance,savings,-28167.66,False,State Farm,tanishka_dhanwan,Tanishka Dhanwan
69387cd9-758,2024-12-13,HOA Fees - Optimized grid-enabled help-desk,988.67,Housing,savings,13622.26,False,HOA Fees,amit_kumar,Amit Kumar
152af759-012,2024-12-13,Cloud Storage - Vision-oriented upward-trending utilization,415.27,Subscriptions,savings,-29164.07,False,Cloud Storage,tanishka_dhanwan,Tanishka Dhanwan
cfc1766f-fba,2024-12-13,Rent Payment - Public-key explicit secured line,2046.68,Housing,credit,-57490.1,False,Rent Payment,amit_kumar,Amit Kumar
89bca95c-3b8,2024-12-13,State Farm - Profit-focused leadingedge budgetary management,34.03,Insurance,savings,-32601.1,False,State Farm,tanishka_dhanwan,Tanishka Dhanwan
57bdd334-33c,2024-12-13,Shell Gas - Robust human-resource contingency,309.33,Transportation,credit,-56828.4,False,Shell Gas,priya_singh,Priya Singh
bc65518b-05d,2024-12-13,Water Dept - Managed 4thgeneration budgetary management,99.12,Utilities,credit,-19300.08,False,Water Dept,rajesh_sharma,Rajesh Sharma
7166d499-636,2024-12-13,Health Ins Co - Fully-configurable foreground application,171.09,Insurance,checking,-46698.85,False,Health Ins Co,amit_kumar,Amit Kumar
69088b21-af2,2024-12-13,Electric Co - Devolved full-range encoding,498.07,Utilities,checking,-71262.98,False,Electric Co,priya_singh,Priya Singh
f96c4140-f05,2024-12-13,Whole Foods - Cross-platform holistic migration,338.39,Groceries,credit,-16168.95,False,Whole Foods,amit_kumar,Amit Kumar
79313c91-1d4,2024-12-14,Shell Gas - Public-key mobile forecast,328.31,Transportation,credit,-47881.79,False,Shell Gas,tanishka_dhanwan,Tanishka Dhanwan
5e4a0f82-bb6,2024-12-14,Delta Airlines - Cross-platform heuristic hardware,80.66,Travel,checking,3794.91,False,Delta Airlines,rajesh_sharma,Rajesh Sharma
85c6b137-bbb,2024-12-14,Netflix - Exclusive interactive Graphical User Interface,164.31,Entertainment,credit,-66992.32,False,Netflix,priya_singh,Priya Singh
4c635fe8-552,2024-12-14,CVS Pharmacy - Multi-tiered foreground product,190.84,Healthcare,savings,567.72,False,CVS Pharmacy,rajesh_sharma,Rajesh Sharma
57056699-9ec,2024-12-14,"Payroll - Hamilton, Brewer and Fleming",3880.04,Income,savings,-14665.56,True,"Hamilton, Brewer and Fleming",tanishka_dhanwan,Tanishka Dhanwan
0e12950a-2c4,2024-12-14,HOA Fees - Monitored high-level time-frame,1469.84,Housing,checking,4025.01,False,HOA Fees,tanishka_dhanwan,Tanishka Dhanwan
247590ee-aad,2024-12-14,Spotify - Re-contextualized cohesive functionalities,140.29,Entertainment,checking,-37887.6,False,Spotify,priya_singh,Priya Singh
81d7774b-436,2024-12-14,Internet Provider - Profit-focused national protocol,130.28,Utilities,savings,-15888.16,False,Internet Provider,amit_kumar,Amit Kumar
3deaf779-058,2024-12-14,Rent Payment - Organized object-oriented projection,1931.68,Housing,savings,-12781.51,False,Rent Payment,rajesh_sharma,Rajesh Sharma
175b6925-f7a,2024-12-14,McDonald's - Re-engineered 3rdgeneration forecast,484.0,Dining,checking,5618.13,False,McDonald's,tanishka_dhanwan,Tanishka Dhanwan
33884617-776,2024-12-14,Cloud Storage - Diverse leadingedge knowledgebase,17.85,Subscriptions,savings,-55200.51,False,Cloud Storage,rajesh_sharma,Rajesh Sharma
f6d1228d-54a,2024-12-14,Health Ins Co - Cloned intangible installation,234.66,Insurance,checking,-15229.48,False,Health Ins Co,rajesh_sharma,Rajesh Sharma
daaa65ee-214,2024-12-14,Target - Horizontal attitude-oriented extranet,379.95,Shopping,savings,-18329.22,False,Target,rajesh_sharma,Rajesh Sharma
e2214cff-8f9,2024-12-14,Credit Card Payment - Enhanced even-keeled initiative,419.42,Debt Payment,savings,7702.64,False,Credit Card Payment,priya_singh,Priya Singh
48a97f06-935,2024-12-14,Water Dept - Future-proofed foreground process improvement,113.11,Utilities,checking,10452.08,False,Water Dept,tanishka_dhanwan,Tanishka Dhanwan
688aeca0-2f7,2024-12-14,HOA Fees - Profit-focused fresh-thinking utilization,1488.92,Housing,savings,-27763.92,False,HOA Fees,tanishka_dhanwan,Tanishka Dhanwan
bffa2a29-a80,2024-12-14,Parking Co - Configurable bandwidth-monitored concept,344.34,Transportation,checking,-8266.6,False,Parking Co,priya_singh,Priya Singh
14d5c63f-6be,2024-12-14,Rent Payment - Focused systematic orchestration,1528.48,Housing,checking,-16862.58,False,Rent Payment,rajesh_sharma,Rajesh Sharma
e91ff1ec-95a,2024-12-14,Netflix - Visionary motivating adapter,231.66,Entertainment,credit,-18989.06,False,Netflix,amit_kumar,Amit Kumar
b55aba51-178,2024-12-14,"Payroll - Glass, Case and Bonilla",3328.2,Income,savings,10610.62,True,"Glass, Case and Bonilla",tanishka_dhanwan,Tanishka Dhanwan
dadbb0f5-a44,2024-12-15,Amazon - Optional mission-critical framework,414.64,Shopping,savings,-31166.62,False,Amazon,tanishka_dhanwan,Tanishka Dhanwan
c7219717-c18,2024-12-15,AMC Theaters - Integrated user-facing Graphical User Interface,99.25,Entertainment,credit,-42906.99,False,AMC Theaters,tanishka_dhanwan,Tanishka Dhanwan
273d1263-dd9,2024-12-15,Parking Co - Team-oriented content-based support,337.76,Transportation,checking,-49728.18,False,Parking Co,amit_kumar,Amit Kumar
b22e0201-a72,2024-12-15,Best Buy - Fundamental background matrix,315.23,Shopping,savings,-18369.06,False,Best Buy,tanishka_dhanwan,Tanishka Dhanwan
5a3f4e6e-cbd,2024-12-15,Cloud Storage - Managed web-enabled protocol,377.6,Subscriptions,checking,-18484.56,False,Cloud Storage,tanishka_dhanwan,Tanishka Dhanwan
7f8ab1d6-e3a,2024-12-15,"Payroll - Jackson, James and Taylor",2749.61,Income,credit,-60546.07,True,"Jackson, James and Taylor",rajesh_sharma,Rajesh Sharma
37fe6670-66e,2024-12-15,Delta Airlines - Face-to-face optimal service-desk,52.86,Travel,credit,-50280.61,False,Delta Airlines,tanishka_dhanwan,Tanishka Dhanwan
e001f02f-7c1,2024-12-15,HOA Fees - Right-sized bottom-line benchmark,991.67,Housing,savings,-4936.44,False,HOA Fees,tanishka_dhanwan,Tanishka Dhanwan
46fafef3-419,2024-12-15,Target - Expanded modular strategy,80.09,Shopping,checking,-21229.63,False,Target,tanishka_dhanwan,Tanishka Dhanwan
6b8be508-a2b,2024-12-15,Payroll - Watkins-Lozano,1735.82,Income,checking,11666.39,True,Watkins-Lozano,amit_kumar,Amit Kumar
406c29ba-e14,2024-12-15,Shell Gas - Intuitive needs-based open system,354.62,Transportation,checking,-23610.03,False,Shell Gas,priya_singh,Priya Singh
e11d6f89-cae,2024-12-15,Delta Airlines - Assimilated systemic superstructure,148.61,Travel,savings,15427.94,False,Delta Airlines,priya_singh,Priya Singh
fea613b2-43a,2024-12-15,Payroll - Carey-Brown,1541.62,Income,credit,-43175.96,True,Carey-Brown,tanishka_dhanwan,Tanishka Dhanwan
3899a9e3-ab3,2024-12-15,McDonald's - Realigned even-keeled definition,455.57,Dining,savings,8370.95,False,McDonald's,priya_singh,Priya Singh
078e26c1-614,2024-12-15,Electric Co - Realigned hybrid implementation,383.66,Utilities,checking,-51599.76,False,Electric Co,tanishka_dhanwan,Tanishka Dhanwan
bef3544a-673,2024-12-15,Trader Joe's - Managed non-volatile matrix,9.37,Groceries,savings,-1265.2,False,Trader Joe's,amit_kumar,Amit Kumar
95a52524-908,2024-12-15,Walmart - Virtual bottom-line encoding,477.2,Groceries,credit,-40746.42,False,Walmart,tanishka_dhanwan,Tanishka Dhanwan
3467236e-196,2024-12-15,Rent Payment - De-engineered well-modulated challenge,2174.81,Housing,checking,-28398.08,False,Rent Payment,priya_singh,Priya Singh
3dd126af-3f7,2024-12-15,Dental Care - Reduced mission-critical concept,196.81,Healthcare,checking,-40461.3,False,Dental Care,rajesh_sharma,Rajesh Sharma
5acafbc1-14d,2024-12-16,ATM Withdrawal - Team-oriented encompassing methodology,430.05,Other,savings,-8369.43,False,ATM Withdrawal,tanishka_dhanwan,Tanishka Dhanwan
79e18676-c50,2024-12-16,State Farm - Compatible heuristic algorithm,411.1,Insurance,credit,-52683.99,False,State Farm,amit_kumar,Amit Kumar
7455d755-d79,2024-12-16,HOA Fees - Organized didactic pricing structure,2003.43,Housing,savings,-15357.52,False,HOA Fees,rajesh_sharma,Rajesh Sharma
f42f8c72-2ab,2024-12-16,Tuition - Public-key 4thgeneration infrastructure,336.71,Education,credit,-25897.94,False,Tuition,rajesh_sharma,Rajesh Sharma
0b5f74d7-fd3,2024-12-16,Spotify - Switchable foreground software,242.43,Entertainment,credit,2956.5,False,Spotify,priya_singh,Priya Singh
3c460408-43d,2024-12-16,McDonald's - Up-sized optimizing leverage,299.09,Dining,savings,-26683.09,False,McDonald's,tanishka_dhanwan,Tanishka Dhanwan
7dd8118e-008,2024-12-16,Walmart - Integrated uniform standardization,401.54,Groceries,credit,-71735.21,False,Walmart,rajesh_sharma,Rajesh Sharma
cd3b52cf-b7c,2024-12-16,Dental Care - Organized homogeneous implementation,14.27,Healthcare,credit,-66867.38,False,Dental Care,rajesh_sharma,Rajesh Sharma
1e1a57e0-20a,2024-12-16,Chipotle - Open-source well-modulated neural-net,390.37,Dining,savings,-3814.16,False,Chipotle,amit_kumar,Amit Kumar
a856c48d-724,2024-12-16,Dental Care - Customer-focused responsive structure,360.09,Healthcare,credit,-21477.13,False,Dental Care,amit_kumar,Amit Kumar
b9208e17-12e,2024-12-16,Property Mgmt - Configurable bi-directional throughput,1561.2,Housing,credit,-63671.58,False,Property Mgmt,rajesh_sharma,Rajesh Sharma
8639a458-b78,2024-12-16,Payroll - Cruz PLC,2133.78,Income,savings,-6200.88,True,Cruz PLC,tanishka_dhanwan,Tanishka Dhanwan
65c7e03d-431,2024-12-16,Whole Foods - Optimized homogeneous hardware,138.71,Groceries,checking,556.04,False,Whole Foods,priya_singh,Priya Singh
14da2170-964,2024-12-16,"Payroll - Warner, Farmer and Medina",4217.76,Income,credit,-35483.09,True,"Warner, Farmer and Medina",amit_kumar,Amit Kumar
2b5254e2-99b,2024-12-16,Trader Joe's - Reverse-engineered client-server system engine,100.89,Groceries,credit,-64879.0,False,Trader Joe's,rajesh_sharma,Rajesh Sharma
56675888-47f,2024-12-16,Trader Joe's - Reactive intangible encryption,72.06,Groceries,credit,245.91,False,Trader Joe's,tanishka_dhanwan,Tanishka Dhanwan
2305ceb5-f08,2024-12-16,Rent Payment - Streamlined coherent capability,1348.12,Housing,savings,18419.1,False,Rent Payment,amit_kumar,Amit Kumar
1911303c-2c8,2024-12-16,Netflix - Public-key full-range Local Area Network,86.53,Entertainment,savings,-3302.2,False,Netflix,priya_singh,Priya Singh
65ad3d2e-b2c,2024-12-17,Gym Membership - Multi-tiered local archive,487.33,Subscriptions,checking,-40672.75,False,Gym Membership,rajesh_sharma,Rajesh Sharma
8a0ee051-69b,2024-12-17,Payroll - Thornton and Sons,3447.16,Income,credit,-29592.38,True,Thornton and Sons,tanishka_dhanwan,Tanishka Dhanwan
2b451bf2-3a2,2024-12-17,City Hospital - Public-key real-time Graphic Interface,299.67,Healthcare,checking,4761.75,False,City Hospital,amit_kumar,Amit Kumar
7cae96a3-0bf,2024-12-17,Tuition - De-engineered homogeneous monitoring,212.22,Education,checking,-27239.37,False,Tuition,rajesh_sharma,Rajesh Sharma
a40ff220-186,2024-12-17,State Farm - Implemented non-volatile service-desk,300.2,Insurance,savings,-27917.26,False,State Farm,rajesh_sharma,Rajesh Sharma
184c8577-c9d,2024-12-17,Spotify - Monitored secondary migration,140.87,Entertainment,checking,-2935.79,False,Spotify,rajesh_sharma,Rajesh Sharma
08b4c8ff-dde,2024-12-17,"Payroll - Wilson, Williams and Ramirez",2769.28,Income,checking,-6067.84,True,"Wilson, Williams and Ramirez",priya_singh,Priya Singh
9ac7e95b-10d,2024-12-17,Payroll - Barrett and Sons,2851.41,Income,savings,-25373.35,True,Barrett and Sons,tanishka_dhanwan,Tanishka Dhanwan
2439d88f-f0a,2024-12-17,Student Loan - Exclusive demand-driven process improvement,128.8,Debt Payment,credit,-19810.18,False,Student Loan,priya_singh,Priya Singh
98e9cb79-228,2024-12-17,HOA Fees - Synchronized asynchronous software,1981.01,Housing,checking,-60178.23,False,HOA Fees,priya_singh,Priya Singh
34c8684c-cc0,2024-12-17,Starbucks - Re-contextualized zero tolerance Graphical User Interface,439.48,Dining,savings,-2424.99,False,Starbucks,priya_singh,Priya Singh
8bc94650-d34,2024-12-17,Student Loan - Programmable exuding attitude,97.85,Debt Payment,checking,-16282.78,False,Student Loan,tanishka_dhanwan,Tanishka Dhanwan
b4f8f86f-be2,2024-12-17,Costco - Programmable encompassing process improvement,461.24,Groceries,checking,-701.06,False,Costco,priya_singh,Priya Singh
13fb5a2a-1b7,2024-12-18,Uber - Centralized multimedia hub,382.22,Transportation,savings,-28220.76,False,Uber,tanishka_dhanwan,Tanishka Dhanwan
15e3343a-7b6,2024-12-18,Spotify - Enhanced bi-directional attitude,448.75,Entertainment,credit,-66163.05,False,Spotify,rajesh_sharma,Rajesh Sharma
90e732ec-467,2024-12-18,Online Course - Re-engineered needs-based challenge,294.99,Education,checking,-70570.08,False,Online Course,priya_singh,Priya Singh
7b20e794-b9a,2024-12-18,Costco - Reverse-engineered global middleware,484.57,Groceries,checking,-39477.51,False,Costco,rajesh_sharma,Rajesh Sharma
5f1b468a-c05,2024-12-18,HOA Fees - Diverse static analyzer,1776.07,Housing,savings,-8992.39,False,HOA Fees,priya_singh,Priya Singh
698a881d-097,2024-12-18,Property Mgmt - Implemented user-facing process improvement,1195.47,Housing,checking,-54228.03,False,Property Mgmt,priya_singh,Priya Singh
f341f29e-32f,2024-12-18,Whole Foods - Devolved foreground capability,159.49,Groceries,credit,-57032.44,False,Whole Foods,rajesh_sharma,Rajesh Sharma
c62ee734-e28,2024-12-18,Electric Co - Multi-tiered intangible initiative,427.32,Utilities,checking,-55011.83,False,Electric Co,tanishka_dhanwan,Tanishka Dhanwan
610c2851-a2d,2024-12-18,Payroll - Wyatt Ltd,3394.67,Income,savings,28428.0,True,Wyatt Ltd,priya_singh,Priya Singh
040af347-3dc,2024-12-18,ATM Withdrawal - Cross-platform contextually-based challenge,434.23,Other,checking,-33900.06,False,ATM Withdrawal,rajesh_sharma,Rajesh Sharma
a046af96-df6,2024-12-18,Shell Gas - Stand-alone zero administration info-mediaries,180.55,Transportation,checking,-50655.58,False,Shell Gas,tanishka_dhanwan,Tanishka Dhanwan
4bf37583-dfd,2024-12-19,Trader Joe's - Seamless system-worthy software,131.76,Groceries,savings,26447.66,False,Trader Joe's,priya_singh,Priya Singh
9ad4f8ed-e36,2024-12-19,Electric Co - Profit-focused human-resource software,93.27,Utilities,credit,-37399.26,False,Electric Co,tanishka_dhanwan,Tanishka Dhanwan
42627636-000,2024-12-19,Internet Provider - Reduced 6thgeneration Local Area Network,485.1,Utilities,savings,4383.77,False,Internet Provider,amit_kumar,Amit Kumar
2ab56b71-8fa,2024-12-19,Starbucks - Multi-lateral system-worthy encoding,308.5,Dining,savings,-28974.6,False,Starbucks,rajesh_sharma,Rajesh Sharma
8902e155-62a,2024-12-19,Health Ins Co - Persevering 24/7 matrix,179.36,Insurance,checking,-59927.32,False,Health Ins Co,tanishka_dhanwan,Tanishka Dhanwan
a10a5496-012,2024-12-19,Delta Airlines - Universal foreground superstructure,28.62,Travel,savings,-23250.98,False,Delta Airlines,rajesh_sharma,Rajesh Sharma
cff89475-283,2024-12-19,Electric Co - Organized background success,295.68,Utilities,credit,-52551.58,False,Electric Co,priya_singh,Priya Singh
fa1d3f8b-4a5,2024-12-19,Electric Co - Customer-focused motivating infrastructure,209.66,Utilities,checking,-40133.82,False,Electric Co,tanishka_dhanwan,Tanishka Dhanwan
b97a016d-c71,2024-12-19,Metro Transit - Innovative tangible initiative,448.08,Transportation,checking,-14257.95,False,Metro Transit,rajesh_sharma,Rajesh Sharma
a68221ed-9b4,2024-12-19,Water Dept - Grass-roots leadingedge archive,474.07,Utilities,checking,-13351.46,False,Water Dept,rajesh_sharma,Rajesh Sharma
c81fd994-642,2024-12-19,Health Ins Co - Right-sized analyzing time-frame,436.36,Insurance,savings,26298.35,False,Health Ins Co,priya_singh,Priya Singh
cf9b2f05-9e1,2024-12-19,Rent Payment - Reduced dynamic customer loyalty,2157.81,Housing,savings,12525.59,False,Rent Payment,amit_kumar,Amit Kumar
947b6e61-fa8,2024-12-19,Payroll - Ellison Group,1669.79,Income,savings,6206.33,True,Ellison Group,amit_kumar,Amit Kumar
a47b20b2-6f5,2024-12-19,HOA Fees - Phased heuristic function,1018.23,Housing,credit,-41764.65,False,HOA Fees,tanishka_dhanwan,Tanishka Dhanwan
b7680a8d-6d8,2024-12-19,Shell Gas - Customizable background contingency,398.47,Transportation,credit,-32291.54,False,Shell Gas,tanishka_dhanwan,Tanishka Dhanwan
4ad66b80-11e,2024-12-19,McDonald's - Front-line executive complexity,473.76,Dining,savings,10395.46,False,McDonald's,tanishka_dhanwan,Tanishka Dhanwan
1dbc308e-be1,2024-12-19,Credit Card Payment - Optional bi-directional access,242.36,Debt Payment,checking,-32485.29,False,Credit Card Payment,rajesh_sharma,Rajesh Sharma
7c91030d-f59,2024-12-19,Payroll - Brooks Group,3465.58,Income,checking,-58411.56,True,Brooks Group,tanishka_dhanwan,Tanishka Dhanwan
dd2d107a-bbb,2024-12-20,Local Bistro - User-centric upward-trending artificial intelligence,75.64,Dining,credit,-42982.63,False,Local Bistro,tanishka_dhanwan,Tanishka Dhanwan
cc6970c0-10c,2024-12-20,Credit Card Payment - Secured bi-directional algorithm,229.15,Debt Payment,credit,-23344.07,False,Credit Card Payment,tanishka_dhanwan,Tanishka Dhanwan
d6b4d0cd-416,2024-12-20,"Payroll - Mclean, Kane and Barnes",2459.04,Income,credit,-62110.38,True,"Mclean, Kane and Barnes",rajesh_sharma,Rajesh Sharma
a1836682-b80,2024-12-20,Walmart - Secured logistical architecture,393.23,Groceries,credit,-48945.39,False,Walmart,rajesh_sharma,Rajesh Sharma
b1f8c569-9e1,2024-12-20,ATM Withdrawal - Multi-channeled background archive,177.66,Other,checking,12969.34,False,ATM Withdrawal,tanishka_dhanwan,Tanishka Dhanwan
b695fa22-cbe,2024-12-20,State Farm - Secured empowering Graphical User Interface,85.98,Insurance,checking,6597.69,False,State Farm,amit_kumar,Amit Kumar
94a927a1-a6a,2024-12-20,Adobe - Inverse uniform matrices,22.19,Subscriptions,savings,-26384.0,False,Adobe,tanishka_dhanwan,Tanishka Dhanwan
c792291a-735,2024-12-20,"Payroll - Brown, Lee and Juarez",3203.6,Income,savings,-22202.5,True,"Brown, Lee and Juarez",tanishka_dhanwan,Tanishka Dhanwan
5b66f4c8-adb,2024-12-20,Trader Joe's - Organized mobile support,86.22,Groceries,credit,-29836.95,False,Trader Joe's,tanishka_dhanwan,Tanishka Dhanwan
0924603e-e75,2024-12-20,Costco - Re-contextualized methodical flexibility,348.28,Groceries,credit,-64505.95,False,Costco,rajesh_sharma,Rajesh Sharma
5b758c16-9a4,2024-12-20,State Farm - Intuitive asymmetric intranet,260.98,Insurance,savings,-30878.51,False,State Farm,tanishka_dhanwan,Tanishka Dhanwan
ac0835b6-f19,2024-12-20,Spotify - Self-enabling secondary artificial intelligence,491.05,Entertainment,checking,-61106.92,False,Spotify,rajesh_sharma,Rajesh Sharma
c03687fb-800,2024-12-20,Electric Co - Ameliorated analyzing artificial intelligence,6.05,Utilities,checking,2111.77,False,Electric Co,amit_kumar,Amit Kumar
f19f03e4-c95,2024-12-20,AMC Theaters - Focused maximized productivity,222.04,Entertainment,credit,-51918.78,False,AMC Theaters,rajesh_sharma,Rajesh Sharma
54a18bb0-2fd,2024-12-20,Internet Provider - Re-engineered national collaboration,145.77,Utilities,savings,-25749.14,False,Internet Provider,rajesh_sharma,Rajesh Sharma
f03dcacf-ba5,2024-12-20,Local Bistro - Down-sized bottom-line forecast,258.43,Dining,savings,-39549.5,False,Local Bistro,tanishka_dhanwan,Tanishka Dhanwan
c1011b90-b0f,2024-12-20,Credit Card Payment - Stand-alone analyzing moderator,141.81,Debt Payment,checking,-33460.2,False,Credit Card Payment,rajesh_sharma,Rajesh Sharma
9571d51d-ccf,2024-12-20,Property Mgmt - Realigned responsive core,2163.35,Housing,credit,-57631.27,False,Property Mgmt,amit_kumar,Amit Kumar
e34038f2-c31,2024-12-20,Gym Membership - Triple-buffered zero administration function,49.64,Subscriptions,credit,-61362.6,False,Gym Membership,rajesh_sharma,Rajesh Sharma
171a9445-74f,2024-12-20,City Hospital - Integrated radical synergy,134.47,Healthcare,savings,-8233.79,False,City Hospital,rajesh_sharma,Rajesh Sharma
d6c20273-d80,2024-12-21,Payroll - Hancock Ltd,3997.15,Income,savings,9768.03,True,Hancock Ltd,amit_kumar,Amit Kumar
85c0de38-299,2024-12-21,Netflix - Profound value-added model,63.71,Entertainment,credit,-63796.7,False,Netflix,rajesh_sharma,Rajesh Sharma
63be0fce-2ff,2024-12-21,Trader Joe's - Integrated next generation implementation,352.42,Groceries,savings,-11464.19,False,Trader Joe's,rajesh_sharma,Rajesh Sharma
6446b5ca-2ee,2024-12-21,Property Mgmt - Public-key client-driven info-mediaries,968.83,Housing,credit,-58203.69,False,Property Mgmt,rajesh_sharma,Rajesh Sharma
c2dba4a3-79b,2024-12-21,Spotify - Ergonomic 24hour capability,230.35,Entertainment,checking,-54585.25,False,Spotify,priya_singh,Priya Singh
f4f50a2d-465,2024-12-21,Netflix - Assimilated responsive secured line,209.95,Entertainment,savings,-25554.99,False,Netflix,tanishka_dhanwan,Tanishka Dhanwan
150671bd-34a,2024-12-21,Misc Purchase - Up-sized fresh-thinking utilization,18.05,Other,credit,-62711.79,False,Misc Purchase,priya_singh,Priya Singh
6cbc9035-154,2024-12-21,Marriott - Organized radical matrices,315.86,Travel,savings,-45742.67,False,Marriott,rajesh_sharma,Rajesh Sharma
5de4b1f4-fbc,2024-12-21,Water Dept - Object-based asynchronous moderator,341.6,Utilities,credit,-72289.71,False,Water Dept,amit_kumar,Amit Kumar
6af9ac0e-cde,2024-12-21,Online Course - Monitored executive toolset,16.34,Education,credit,-34784.48,False,Online Course,tanishka_dhanwan,Tanishka Dhanwan
0e133222-3a2,2024-12-21,Best Buy - Innovative logistical projection,485.43,Shopping,credit,-73043.24,False,Best Buy,amit_kumar,Amit Kumar
b59da19a-e07,2024-12-21,Property Mgmt - Cross-group cohesive workforce,846.68,Housing,savings,-64478.01,False,Property Mgmt,rajesh_sharma,Rajesh Sharma
f5dd2d04-743,2024-12-21,Starbucks - Visionary client-server projection,471.88,Dining,savings,5856.27,False,Starbucks,priya_singh,Priya Singh
a0da37d5-acc,2024-12-21,Bookstore - Synergistic encompassing collaboration,405.23,Education,savings,-2049.49,False,Bookstore,amit_kumar,Amit Kumar
0e326c4d-974,2024-12-21,Misc Purchase - Mandatory intangible product,309.71,Other,checking,-14206.25,False,Misc Purchase,priya_singh,Priya Singh
d567fbca-934,2024-12-21,Chipotle - Multi-layered empowering product,295.94,Dining,checking,-3758.92,False,Chipotle,amit_kumar,Amit Kumar
7f6c3bfc-256,2024-12-21,CVS Pharmacy - Visionary client-driven ability,313.41,Healthcare,credit,-54246.58,False,CVS Pharmacy,rajesh_sharma,Rajesh Sharma
6881d4df-0b1,2024-12-21,Payroll - Matthews-Shaw,4187.76,Income,credit,-55201.55,True,Matthews-Shaw,amit_kumar,Amit Kumar
0fc19d0e-a87,2024-12-22,Payroll - Luna Inc,3797.04,Income,savings,21255.78,True,Luna Inc,priya_singh,Priya Singh
792b2037-d03,2024-12-22,Water Dept - Re-contextualized multi-state core,198.44,Utilities,credit,-34168.13,False,Water Dept,amit_kumar,Amit Kumar
3a1044c6-c79,2024-12-22,ATM Withdrawal - Managed well-modulated Local Area Network,377.03,Other,checking,-54882.16,False,ATM Withdrawal,tanishka_dhanwan,Tanishka Dhanwan
c9858fbb-e5a,2024-12-22,Costco - Fully-configurable bi-directional standardization,323.18,Groceries,checking,-15130.69,False,Costco,rajesh_sharma,Rajesh Sharma
d6b5db2f-d86,2024-12-22,Credit Card Payment - Robust dynamic framework,78.83,Debt Payment,credit,-63928.28,False,Credit Card Payment,amit_kumar,Amit Kumar
c82aabfb-4b8,2024-12-22,Walmart - Automated even-keeled core,325.28,Groceries,credit,-74172.87,False,Walmart,amit_kumar,Amit Kumar
af9e51e2-9e5,2024-12-22,Starbucks - Visionary even-keeled customer loyalty,266.96,Dining,savings,20953.12,False,Starbucks,amit_kumar,Amit Kumar
e0fd1522-00d,2024-12-22,Property Mgmt - Phased static budgetary management,2084.35,Housing,credit,-30240.35,False,Property Mgmt,rajesh_sharma,Rajesh Sharma
1881b3f9-fdb,2024-12-22,"Payroll - Lopez, Campbell and Wilson",1799.72,Income,credit,-68750.1,True,"Lopez, Campbell and Wilson",amit_kumar,Amit Kumar
4a9009fb-ec9,2024-12-22,Water Dept - Business-focused directional knowledgebase,489.62,Utilities,credit,-13166.07,False,Water Dept,priya_singh,Priya Singh
dda47950-7ab,2024-12-22,City Hospital - Realigned 24/7 Graphical User Interface,248.01,Healthcare,savings,-18612.99,False,City Hospital,tanishka_dhanwan,Tanishka Dhanwan
f6e52fa7-e02,2024-12-22,"Payroll - Donovan, Johns and Woods",2102.09,Income,checking,-36257.33,True,"Donovan, Johns and Woods",rajesh_sharma,Rajesh Sharma
885f5e61-8bd,2024-12-22,HOA Fees - Integrated bi-directional database,1042.95,Housing,checking,-57287.46,False,HOA Fees,rajesh_sharma,Rajesh Sharma
d2a935a2-c1f,2024-12-22,Property Mgmt - Multi-layered client-driven orchestration,2175.56,Housing,savings,3648.75,False,Property Mgmt,amit_kumar,Amit Kumar
07c9d4a2-c95,2024-12-22,Walmart - Ergonomic scalable algorithm,292.08,Groceries,savings,-22418.11,False,Walmart,tanishka_dhanwan,Tanishka Dhanwan
cac8b84e-8f7,2024-12-22,Health Ins Co - Quality-focused dedicated leverage,375.95,Insurance,savings,-18936.07,False,Health Ins Co,tanishka_dhanwan,Tanishka Dhanwan
475f2117-9e9,2024-12-22,"Payroll - Padilla, Figueroa and Smith",1897.97,Income,savings,126.53,True,"Padilla, Figueroa and Smith",tanishka_dhanwan,Tanishka Dhanwan
8a8dbc81-004,2024-12-22,Rent Payment - Automated 4thgeneration process improvement,2149.71,Housing,checking,-58411.32,False,Rent Payment,priya_singh,Priya Singh
7ab960b4-fc1,2024-12-22,AMC Theaters - Implemented stable product,319.31,Entertainment,credit,3332.22,False,AMC Theaters,priya_singh,Priya Singh
ed0ef107-3b0,2024-12-22,HOA Fees - Compatible 5thgeneration frame,2183.73,Housing,checking,-4701.45,False,HOA Fees,priya_singh,Priya Singh
80886bcf-3c8,2024-12-22,Property Mgmt - Managed secondary artificial intelligence,1928.32,Housing,savings,-31500.09,False,Property Mgmt,rajesh_sharma,Rajesh Sharma
9854e02e-652,2024-12-22,AMC Theaters - Networked intangible service-desk,19.02,Entertainment,savings,11818.68,False,AMC Theaters,amit_kumar,Amit Kumar
39ef8d9c-d32,2024-12-22,Uber - Switchable mission-critical knowledgebase,425.99,Transportation,checking,-478.78,False,Uber,amit_kumar,Amit Kumar
48cae80f-5db,2024-12-23,AMC Theaters - Optimized explicit pricing structure,162.61,Entertainment,checking,-49010.32,False,AMC Theaters,priya_singh,Priya Singh
e8d5bc07-3e9,2024-12-23,CVS Pharmacy - Monitored user-facing paradigm,403.36,Healthcare,savings,14777.96,False,CVS Pharmacy,amit_kumar,Amit Kumar
9212159c-3c7,2024-12-23,Starbucks - Cross-platform 4thgeneration database,354.75,Dining,checking,-3280.62,False,Starbucks,priya_singh,Priya Singh
a6059dac-f95,2024-12-23,Netflix - Multi-channeled needs-based interface,147.7,Entertainment,savings,1869.43,False,Netflix,tanishka_dhanwan,Tanishka Dhanwan
da0233f0-b3a,2024-12-23,Shell Gas - Compatible local conglomeration,188.34,Transportation,credit,-53247.11,False,Shell Gas,rajesh_sharma,Rajesh Sharma
e5d66ab1-882,2024-12-23,McDonald's - Streamlined cohesive array,43.13,Dining,savings,-15804.94,False,McDonald's,amit_kumar,Amit Kumar
2281e7cc-056,2024-12-23,Internet Provider - Versatile demand-driven protocol,227.96,Utilities,checking,-43559.59,False,Internet Provider,amit_kumar,Amit Kumar
99522bed-f59,2024-12-23,Netflix - Sharable 4thgeneration methodology,91.53,Entertainment,savings,-21621.35,False,Netflix,rajesh_sharma,Rajesh Sharma
1c98d299-f94,2024-12-23,Rent Payment - Horizontal object-oriented knowledge user,1231.29,Housing,checking,-23208.01,False,Rent Payment,amit_kumar,Amit Kumar
05595263-bf7,2024-12-23,State Farm - Versatile intermediate functionalities,199.02,Insurance,credit,-20980.16,False,State Farm,tanishka_dhanwan,Tanishka Dhanwan
f76650a4-1c3,2024-12-23,HOA Fees - Ergonomic object-oriented frame,2152.9,Housing,credit,-44857.09,False,HOA Fees,tanishka_dhanwan,Tanishka Dhanwan
7ee8a868-161,2024-12-23,Expedia - Customizable fault-tolerant knowledge user,256.83,Travel,credit,-66059.18,False,Expedia,priya_singh,Priya Singh
ad981c18-987,2024-12-23,Water Dept - Cross-platform global framework,286.46,Utilities,savings,-73376.56,False,Water Dept,rajesh_sharma,Rajesh Sharma
aed8dbe2-6d0,2024-12-23,Property Mgmt - De-engineered intermediate standardization,903.2,Housing,credit,-35423.29,False,Property Mgmt,tanishka_dhanwan,Tanishka Dhanwan
fecc3249-192,2024-12-23,Costco - Polarized multimedia forecast,289.4,Groceries,checking,-63569.88,False,Costco,tanishka_dhanwan,Tanishka Dhanwan
b1ebe515-976,2024-12-23,Local Bistro - Distributed full-range open system,404.73,Dining,savings,2819.0,False,Local Bistro,amit_kumar,Amit Kumar
1a82f61d-f48,2024-12-23,Shell Gas - Quality-focused bi-directional architecture,371.33,Transportation,credit,3020.67,False,Shell Gas,tanishka_dhanwan,Tanishka Dhanwan
c193b090-378,2024-12-23,Spotify - Integrated methodical structure,413.15,Entertainment,checking,-59945.41,False,Spotify,tanishka_dhanwan,Tanishka Dhanwan
f46dcdb7-126,2024-12-23,Gym Membership - Extended executive superstructure,160.99,Subscriptions,credit,-7856.79,False,Gym Membership,amit_kumar,Amit Kumar
95086596-f90,2024-12-23,Costco - Optimized demand-driven instruction set,238.05,Groceries,checking,-14546.53,False,Costco,priya_singh,Priya Singh
eb9a9769-804,2024-12-24,Payroll - Zhang-Hoffman,2067.14,Income,credit,-10619.75,True,Zhang-Hoffman,amit_kumar,Amit Kumar
c845f592-4a3,2024-12-24,Amazon - Adaptive bandwidth-monitored architecture,131.64,Shopping,savings,-14099.16,False,Amazon,amit_kumar,Amit Kumar
bd4fca47-ee9,2024-12-24,City Hospital - Streamlined regional hub,486.47,Healthcare,checking,-16530.51,False,City Hospital,amit_kumar,Amit Kumar
0023488e-4aa,2024-12-24,Bookstore - Reduced bi-directional ability,52.29,Education,savings,19694.94,False,Bookstore,priya_singh,Priya Singh
73aa5208-327,2024-12-24,AMC Theaters - Proactive 4thgeneration hierarchy,375.17,Entertainment,checking,-34065.76,False,AMC Theaters,rajesh_sharma,Rajesh Sharma
bfc0635c-2f9,2024-12-24,Adobe - Distributed national Graphic Interface,307.15,Subscriptions,checking,-54784.31,False,Adobe,rajesh_sharma,Rajesh Sharma
723cfd98-774,2024-12-24,Payroll - Diaz Inc,3971.57,Income,credit,-14936.67,True,Diaz Inc,rajesh_sharma,Rajesh Sharma
328a7f4a-f1f,2024-12-24,Trader Joe's - Pre-emptive tangible software,349.71,Groceries,checking,-3384.81,False,Trader Joe's,priya_singh,Priya Singh
2f104447-fa9,2024-12-24,Metro Transit - Right-sized bifurcated toolset,178.99,Transportation,savings,-5031.95,False,Metro Transit,priya_singh,Priya Singh
d19bc4ee-03b,2024-12-24,Starbucks - Ameliorated fault-tolerant complexity,94.12,Dining,credit,-77027.93,False,Starbucks,amit_kumar,Amit Kumar
2b573459-fb8,2024-12-24,Property Mgmt - Grass-roots regional productivity,1983.71,Housing,credit,-48963.19,False,Property Mgmt,rajesh_sharma,Rajesh Sharma
161c6979-850,2024-12-24,Adobe - Multi-channeled 24/7 complexity,49.81,Subscriptions,credit,-33736.71,False,Adobe,tanishka_dhanwan,Tanishka Dhanwan
0c5d22c5-b36,2024-12-24,Payroll - Obrien-Pittman,3128.99,Income,credit,-32890.05,True,Obrien-Pittman,tanishka_dhanwan,Tanishka Dhanwan
4c0a2e9a-1eb,2024-12-24,Student Loan - Multi-layered optimizing benchmark,290.75,Debt Payment,savings,17678.63,False,Student Loan,amit_kumar,Amit Kumar
9263c628-b47,2024-12-24,AMC Theaters - Enhanced even-keeled challenge,300.57,Entertainment,credit,-33569.72,False,AMC Theaters,tanishka_dhanwan,Tanishka Dhanwan
ccd464c6-29d,2024-12-24,Tuition - Horizontal clear-thinking initiative,39.52,Education,savings,-7058.26,False,Tuition,tanishka_dhanwan,Tanishka Dhanwan
ac3954e3-c47,2024-12-25,Tuition - Organized heuristic time-frame,284.11,Education,checking,-5857.34,False,Tuition,priya_singh,Priya Singh
f64958ed-243,2024-12-25,Local Bistro - Customizable tangible circuit,370.7,Dining,checking,-70628.41,False,Local Bistro,priya_singh,Priya Singh
16b2232d-686,2024-12-25,Trader Joe's - Business-focused hybrid framework,366.04,Groceries,savings,-7873.82,False,Trader Joe's,tanishka_dhanwan,Tanishka Dhanwan
3df691d8-2ff,2024-12-25,City Hospital - Centralized next generation throughput,333.57,Healthcare,credit,-36772.06,False,City Hospital,tanishka_dhanwan,Tanishka Dhanwan
1c66f416-138,2024-12-25,Cloud Storage - Public-key bandwidth-monitored capacity,146.44,Subscriptions,credit,-37391.3,False,Cloud Storage,tanishka_dhanwan,Tanishka Dhanwan
81233fc0-db4,2024-12-25,Netflix - User-friendly optimal analyzer,370.98,Entertainment,checking,-3872.64,False,Netflix,priya_singh,Priya Singh
263efa51-260,2024-12-25,Best Buy - Centralized value-added functionalities,173.47,Shopping,savings,13208.61,False,Best Buy,rajesh_sharma,Rajesh Sharma
252a6aa9-8a5,2024-12-25,HOA Fees - Open-source bi-directional algorithm,2114.81,Housing,savings,-38554.09,False,HOA Fees,rajesh_sharma,Rajesh Sharma
cf1ae19b-681,2024-12-25,Netflix - Business-focused bandwidth-monitored conglomeration,215.23,Entertainment,savings,16719.7,False,Netflix,priya_singh,Priya Singh
802e1494-be4,2024-12-25,AMC Theaters - Optimized mission-critical moratorium,451.13,Entertainment,savings,27218.16,False,AMC Theaters,priya_singh,Priya Singh
b38cb1da-faf,2024-12-25,Internet Provider - Expanded system-worthy strategy,413.72,Utilities,savings,-26923.7,False,Internet Provider,rajesh_sharma,Rajesh Sharma
d846c178-922,2024-12-25,HOA Fees - Re-engineered well-modulated function,1220.48,Housing,savings,-10026.99,False,HOA Fees,priya_singh,Priya Singh
80907ba2-3e3,2024-12-26,ATM Withdrawal - Organized leadingedge framework,152.32,Other,savings,-3254.13,False,ATM Withdrawal,rajesh_sharma,Rajesh Sharma
45a45b6a-d3c,2024-12-26,Dental Care - Pre-emptive client-driven core,441.04,Healthcare,savings,-50010.0,False,Dental Care,rajesh_sharma,Rajesh Sharma
4f22b900-2a9,2024-12-26,Walmart - Upgradable secondary circuit,230.94,Groceries,checking,-25765.91,False,Walmart,rajesh_sharma,Rajesh Sharma
5f314acb-c85,2024-12-26,Payroll - Fritz-Scott,2041.44,Income,checking,-2024.18,True,Fritz-Scott,tanishka_dhanwan,Tanishka Dhanwan
1bb374e4-789,2024-12-26,Target - Inverse leadingedge conglomeration,123.91,Shopping,savings,-38518.48,False,Target,tanishka_dhanwan,Tanishka Dhanwan
b9f0596c-9ea,2024-12-26,Delta Airlines - Balanced global project,449.52,Travel,savings,-7507.78,False,Delta Airlines,tanishka_dhanwan,Tanishka Dhanwan
8a255a17-41a,2024-12-26,Internet Provider - Decentralized contextually-based policy,297.83,Utilities,checking,-43857.42,False,Internet Provider,amit_kumar,Amit Kumar
f29dd9ac-c68,2024-12-26,Best Buy - Object-based asynchronous project,489.42,Shopping,savings,-16464.8,False,Best Buy,tanishka_dhanwan,Tanishka Dhanwan
b467b68f-3df,2024-12-26,Property Mgmt - Reduced well-modulated access,1807.71,Housing,savings,17192.45,False,Property Mgmt,amit_kumar,Amit Kumar
4cc7438d-4b7,2024-12-26,Spotify - Visionary responsive contingency,348.19,Entertainment,credit,-5620.4,False,Spotify,amit_kumar,Amit Kumar
95bd922f-4dd,2024-12-26,Costco - Re-contextualized high-level workforce,414.93,Groceries,checking,-4849.47,False,Costco,priya_singh,Priya Singh
ec646493-b1c,2024-12-26,Rent Payment - Decentralized zero administration algorithm,1795.61,Housing,savings,-64382.88,False,Rent Payment,rajesh_sharma,Rajesh Sharma
64907dab-8d9,2024-12-26,Gym Membership - Right-sized demand-driven support,128.79,Subscriptions,savings,-24644.41,False,Gym Membership,tanishka_dhanwan,Tanishka Dhanwan
d329906f-fbd,2024-12-26,Costco - Multi-tiered solution-oriented database,61.2,Groceries,checking,-9957.04,False,Costco,priya_singh,Priya Singh
40e33fd8-fb3,2024-12-26,Credit Card Payment - Reduced systemic project,248.69,Debt Payment,savings,16523.36,False,Credit Card Payment,amit_kumar,Amit Kumar
9ac1f053-1de,2024-12-26,AMC Theaters - Proactive homogeneous capacity,75.45,Entertainment,checking,-541.93,False,AMC Theaters,amit_kumar,Amit Kumar
801f99c8-b5d,2024-12-27,Property Mgmt - Multi-tiered composite hub,1497.51,Housing,credit,-77359.67,False,Property Mgmt,amit_kumar,Amit Kumar
8297d9d7-ab8,2024-12-27,Bookstore - Decentralized explicit framework,169.06,Education,checking,-50592.77,False,Bookstore,amit_kumar,Amit Kumar
547aa5c0-65b,2024-12-27,Health Ins Co - Intuitive background productivity,119.33,Insurance,checking,-47706.33,False,Health Ins Co,amit_kumar,Amit Kumar
867b77f9-012,2024-12-27,Netflix - Face-to-face actuating access,354.77,Entertainment,checking,4755.39,False,Netflix,tanishka_dhanwan,Tanishka Dhanwan
db0ed937-9c6,2024-12-27,Whole Foods - Progressive interactive emulation,317.16,Groceries,checking,-8803.61,False,Whole Foods,priya_singh,Priya Singh
fb71fa14-ca2,2024-12-27,Internet Provider - Implemented client-server database,409.6,Utilities,savings,-15462.16,False,Internet Provider,amit_kumar,Amit Kumar
876ecadb-853,2024-12-27,Marriott - Down-sized fresh-thinking installation,254.11,Travel,savings,778.58,False,Marriott,amit_kumar,Amit Kumar
0b1d3ae1-533,2024-12-27,State Farm - Devolved global matrix,187.71,Insurance,credit,-3282.24,False,State Farm,priya_singh,Priya Singh
13cfb8b5-9fc,2024-12-27,Payroll - Hall Ltd,4278.41,Income,checking,-26386.2,True,Hall Ltd,rajesh_sharma,Rajesh Sharma
cc940ffc-464,2024-12-27,AMC Theaters - Advanced empowering hierarchy,196.15,Entertainment,checking,-60207.84,False,AMC Theaters,tanishka_dhanwan,Tanishka Dhanwan
b5709f91-35b,2024-12-27,Health Ins Co - Monitored bottom-line conglomeration,432.97,Insurance,credit,-67300.35,False,Health Ins Co,rajesh_sharma,Rajesh Sharma
8e0dcac3-01c,2024-12-27,Internet Provider - Automated multi-state benchmark,494.03,Utilities,checking,-49399.0,False,Internet Provider,priya_singh,Priya Singh
0c94c006-953,2024-12-27,Adobe - Intuitive clear-thinking info-mediaries,304.12,Subscriptions,checking,-53415.49,False,Adobe,rajesh_sharma,Rajesh Sharma
b26de1e4-69b,2024-12-27,HOA Fees - Multi-layered 3rdgeneration synergy,1203.79,Housing,savings,-20915.56,False,HOA Fees,tanishka_dhanwan,Tanishka Dhanwan
81bcbfea-652,2024-12-27,Rent Payment - Open-architected systematic synergy,2051.97,Housing,credit,-39756.84,False,Rent Payment,priya_singh,Priya Singh
53e74493-7c5,2024-12-27,CVS Pharmacy - Down-sized coherent support,282.31,Healthcare,checking,3274.44,False,CVS Pharmacy,amit_kumar,Amit Kumar
35a469cd-bdc,2024-12-27,McDonald's - Adaptive bottom-line neural-net,15.36,Dining,checking,5014.26,False,McDonald's,amit_kumar,Amit Kumar
015414a9-dcd,2024-12-27,Property Mgmt - Inverse system-worthy projection,893.67,Housing,savings,84.37,False,Property Mgmt,priya_singh,Priya Singh
753bca07-788,2024-12-27,Dental Care - Devolved exuding Graphic Interface,256.17,Healthcare,checking,-26899.61,False,Dental Care,rajesh_sharma,Rajesh Sharma
254c4ad4-057,2024-12-27,Marriott - Adaptive object-oriented policy,254.09,Travel,checking,-5078.55,False,Marriott,priya_singh,Priya Singh
fd4aaa5b-ece,2024-12-27,AMC Theaters - Switchable modular pricing structure,158.69,Entertainment,checking,-13027.42,False,AMC Theaters,priya_singh,Priya Singh
67e49ea1-ef0,2024-12-27,Misc Purchase - Multi-layered non-volatile projection,402.16,Other,checking,-46930.53,False,Misc Purchase,tanishka_dhanwan,Tanishka Dhanwan
af790d67-b5c,2024-12-27,Misc Purchase - Function-based client-driven instruction set,442.87,Other,checking,897.49,False,Misc Purchase,tanishka_dhanwan,Tanishka Dhanwan
6c388da5-b50,2024-12-27,Payroll - Nolan-Flynn,3734.12,Income,savings,14488.37,True,Nolan-Flynn,rajesh_sharma,Rajesh Sharma
a6776ce0-d4f,2024-12-28,Walmart - Future-proofed 24hour installation,353.16,Groceries,credit,-39774.98,False,Walmart,tanishka_dhanwan,Tanishka Dhanwan
4fb29b46-1ef,2024-12-28,Parking Co - Total leadingedge matrix,397.91,Transportation,checking,2876.53,False,Parking Co,amit_kumar,Amit Kumar
ae6e3286-ae4,2024-12-28,Metro Transit - Persevering attitude-oriented access,277.62,Transportation,checking,-1673.74,False,Metro Transit,amit_kumar,Amit Kumar
18323139-cd9,2024-12-28,Starbucks - Customer-focused context-sensitive data-warehouse,188.63,Dining,checking,2947.64,False,Starbucks,amit_kumar,Amit Kumar
dde025af-663,2024-12-28,Walmart - Synergized bi-directional matrices,459.63,Groceries,savings,19059.45,False,Walmart,priya_singh,Priya Singh
845fb604-849,2024-12-28,Property Mgmt - Total upward-trending toolset,1689.82,Housing,savings,13382.08,False,Property Mgmt,rajesh_sharma,Rajesh Sharma
4a24685f-6ca,2024-12-28,Property Mgmt - Reactive eco-centric leverage,1559.32,Housing,checking,43.79,False,Property Mgmt,priya_singh,Priya Singh
8b17b963-7ce,2024-12-28,Marriott - User-friendly static customer loyalty,393.14,Travel,savings,3563.54,False,Marriott,priya_singh,Priya Singh
9b943f0a-6b0,2024-12-28,Adobe - De-engineered stable leverage,99.09,Subscriptions,credit,-7351.64,False,Adobe,rajesh_sharma,Rajesh Sharma
4a57e468-6b4,2024-12-28,Amazon - Progressive motivating concept,194.78,Shopping,credit,-32369.32,False,Amazon,tanishka_dhanwan,Tanishka Dhanwan
ed415be8-932,2024-12-28,HOA Fees - Diverse zero-defect archive,1458.44,Housing,credit,-67232.42,False,HOA Fees,priya_singh,Priya Singh
bbe3d62f-8cf,2024-12-28,AMC Theaters - Enterprise-wide systemic superstructure,405.84,Entertainment,savings,-27956.65,False,AMC Theaters,tanishka_dhanwan,Tanishka Dhanwan
1db23378-e95,2024-12-28,Rent Payment - Secured demand-driven moratorium,1502.41,Housing,credit,-59133.68,False,Rent Payment,amit_kumar,Amit Kumar
5095d7ce-d99,2024-12-29,Walmart - Multi-channeled didactic orchestration,337.64,Groceries,credit,-40140.48,False,Walmart,priya_singh,Priya Singh
f950c717-fe9,2024-12-29,ATM Withdrawal - Synchronized homogeneous Graphical User Interface,493.35,Other,checking,-17184.46,False,ATM Withdrawal,rajesh_sharma,Rajesh Sharma
5276e3d8-10c,2024-12-29,Student Loan - Decentralized multi-tasking focus group,247.92,Debt Payment,savings,-10945.69,False,Student Loan,amit_kumar,Amit Kumar
1086fd9b-0dd,2024-12-29,Parking Co - Function-based 24/7 support,330.87,Transportation,savings,-6165.25,False,Parking Co,priya_singh,Priya Singh
48873a92-a9e,2024-12-29,Best Buy - Optional uniform Graphic Interface,183.55,Shopping,checking,-24757.09,False,Best Buy,priya_singh,Priya Singh
29bf4e63-b0c,2024-12-29,CVS Pharmacy - Customizable systematic installation,161.96,Healthcare,savings,5706.79,False,CVS Pharmacy,tanishka_dhanwan,Tanishka Dhanwan
584ff597-038,2024-12-29,Health Ins Co - Persevering empowering leverage,58.63,Insurance,credit,-1163.15,False,Health Ins Co,tanishka_dhanwan,Tanishka Dhanwan
d9bd4231-79b,2024-12-29,Rent Payment - Cross-platform discrete challenge,1612.54,Housing,credit,1350.9,False,Rent Payment,priya_singh,Priya Singh
5510297b-0a0,2024-12-29,Water Dept - Fully-configurable cohesive Graphic Interface,161.85,Utilities,checking,-31946.79,False,Water Dept,rajesh_sharma,Rajesh Sharma
20bd9f3d-ca5,2024-12-29,Netflix - Phased local pricing structure,460.99,Entertainment,credit,-47565.23,False,Netflix,rajesh_sharma,Rajesh Sharma
13bae6c5-858,2024-12-29,Misc Purchase - Fully-configurable needs-based throughput,388.14,Other,checking,-50423.71,False,Misc Purchase,amit_kumar,Amit Kumar
7474fe64-7c3,2024-12-29,HOA Fees - Realigned content-based implementation,1708.75,Housing,checking,-53143.77,False,HOA Fees,tanishka_dhanwan,Tanishka Dhanwan
8bb101cb-d7c,2024-12-29,Spotify - Upgradable heuristic synergy,70.22,Entertainment,checking,-62109.02,False,Spotify,tanishka_dhanwan,Tanishka Dhanwan
953b64fd-209,2024-12-29,Water Dept - Mandatory composite adapter,160.62,Utilities,credit,3365.49,False,Water Dept,amit_kumar,Amit Kumar
fb3b1075-be2,2024-12-29,Gym Membership - Synergized high-level algorithm,475.02,Subscriptions,checking,-4276.72,False,Gym Membership,amit_kumar,Amit Kumar
3f64618c-22c,2024-12-29,Spotify - Multi-layered 5thgeneration circuit,120.45,Entertainment,savings,-16560.16,False,Spotify,tanishka_dhanwan,Tanishka Dhanwan
c10ac6ff-cfc,2024-12-30,Water Dept - Re-contextualized intermediate instruction set,60.81,Utilities,checking,-53066.77,False,Water Dept,tanishka_dhanwan,Tanishka Dhanwan
f41771f9-c05,2024-12-30,Chipotle - Multi-layered human-resource hub,185.04,Dining,savings,22677.89,False,Chipotle,amit_kumar,Amit Kumar
d3c2573d-c34,2024-12-30,Starbucks - Upgradable intangible complexity,151.56,Dining,checking,-760.02,False,Starbucks,amit_kumar,Amit Kumar
22f58562-ae9,2024-12-30,Trader Joe's - Assimilated modular Graphic Interface,153.48,Groceries,checking,-17337.94,False,Trader Joe's,rajesh_sharma,Rajesh Sharma
3feff321-7ba,2024-12-30,State Farm - Re-engineered motivating array,432.05,Insurance,credit,-67209.85,False,State Farm,priya_singh,Priya Singh
9babd4a1-aef,2024-12-30,Property Mgmt - Customer-focused modular customer loyalty,1726.42,Housing,savings,13723.91,False,Property Mgmt,priya_singh,Priya Singh
0599e54f-73f,2024-12-30,Amazon - Virtual secondary open system,378.65,Shopping,savings,-5556.93,False,Amazon,priya_singh,Priya Singh
e0448806-86c,2024-12-30,Adobe - Face-to-face solution-oriented architecture,279.5,Subscriptions,checking,-14197.52,False,Adobe,rajesh_sharma,Rajesh Sharma
0177c7df-7d8,2024-12-30,Dental Care - Stand-alone exuding firmware,207.34,Healthcare,savings,-29057.23,False,Dental Care,tanishka_dhanwan,Tanishka Dhanwan
74108d82-7ef,2024-12-30,Costco - Secured directional challenge,338.71,Groceries,savings,-22756.82,False,Costco,tanishka_dhanwan,Tanishka Dhanwan
7b85dbc6-7f7,2024-12-30,HOA Fees - Integrated fresh-thinking complexity,2019.02,Housing,savings,20778.1,False,HOA Fees,priya_singh,Priya Singh
c4de6c2d-1c5,2024-12-30,Property Mgmt - Sharable regional Graphic Interface,1927.12,Housing,checking,-28652.62,False,Property Mgmt,rajesh_sharma,Rajesh Sharma
81fd50b5-80a,2024-12-30,Best Buy - Polarized motivating moderator,346.85,Shopping,savings,12762.19,False,Best Buy,rajesh_sharma,Rajesh Sharma
1d68ca3c-83b,2024-12-30,Electric Co - Configurable upward-trending interface,160.04,Utilities,savings,-11619.73,False,Electric Co,rajesh_sharma,Rajesh Sharma
a726fd82-a68,2024-12-30,Shell Gas - Enhanced secondary analyzer,259.77,Transportation,checking,2117.82,False,Shell Gas,amit_kumar,Amit Kumar
9507528f-849,2024-12-30,Student Loan - Fundamental neutral complexity,158.83,Debt Payment,savings,-1694.18,False,Student Loan,tanishka_dhanwan,Tanishka Dhanwan
b69bbb5f-db4,2024-12-30,Target - Business-focused intangible function,396.68,Shopping,checking,-52002.06,False,Target,priya_singh,Priya Singh
44064cfc-163,2024-12-30,Property Mgmt - Re-engineered explicit ability,848.25,Housing,credit,-50227.75,False,Property Mgmt,tanishka_dhanwan,Tanishka Dhanwan
e810e917-8e7,2024-12-30,Property Mgmt - Organized even-keeled database,1309.01,Housing,credit,1926.97,False,Property Mgmt,priya_singh,Priya Singh
1eee977f-345,2024-12-30,Bookstore - Persistent executive knowledge user,464.34,Education,credit,-42160.45,False,Bookstore,tanishka_dhanwan,Tanishka Dhanwan
a5c99ed9-55f,2024-12-31,Payroll - Taylor Inc,3391.23,Income,savings,-54847.95,True,Taylor Inc,rajesh_sharma,Rajesh Sharma
a14f0aa1-2d5,2024-12-31,Internet Provider - Innovative empowering conglomeration,55.83,Utilities,credit,-78758.83,False,Internet Provider,rajesh_sharma,Rajesh Sharma
0e506cee-05f,2024-12-31,Expedia - Ergonomic 6thgeneration data-warehouse,229.19,Travel,checking,-62172.08,False,Expedia,tanishka_dhanwan,Tanishka Dhanwan
b64ab393-11c,2024-12-31,Amazon - Customer-focused demand-driven monitoring,81.74,Shopping,credit,-22128.66,False,Amazon,priya_singh,Priya Singh
90b7ac98-344,2024-12-31,Online Course - Proactive 6thgeneration intranet,421.72,Education,savings,18697.34,False,Online Course,amit_kumar,Amit Kumar
05dc1bc9-0d8,2024-12-31,Trader Joe's - Devolved tangible access,393.47,Groceries,checking,-51969.27,False,Trader Joe's,rajesh_sharma,Rajesh Sharma
9b39ce4d-ea3,2024-12-31,State Farm - Managed user-facing approach,198.42,Insurance,savings,-16515.08,False,State Farm,priya_singh,Priya Singh
50b80215-fec,2024-12-31,Property Mgmt - Synergistic national collaboration,1937.64,Housing,checking,-66461.46,False,Property Mgmt,priya_singh,Priya Singh
ddf8c701-c79,2024-12-31,Water Dept - Team-oriented mobile system engine,188.57,Utilities,credit,-51883.43,False,Water Dept,priya_singh,Priya Singh
7644ce2a-6ce,2024-12-31,Water Dept - Public-key homogeneous emulation,23.09,Utilities,credit,-67490.47,False,Water Dept,rajesh_sharma,Rajesh Sharma
830de267-538,2024-12-31,State Farm - Balanced impactful intranet,159.66,Insurance,credit,-67815.23,False,State Farm,rajesh_sharma,Rajesh Sharma
f2e9b1b8-1bf,2024-12-31,Shell Gas - Organized national frame,230.2,Transportation,credit,-63564.87,False,Shell Gas,priya_singh,Priya Singh
f4f9d2a4-57d,2024-12-31,Uber - Reverse-engineered context-sensitive implementation,45.86,Transportation,credit,-1818.45,False,Uber,priya_singh,Priya Singh
eef6978f-112,2024-12-31,Spotify - Right-sized intermediate array,475.97,Entertainment,checking,-9392.13,False,Spotify,priya_singh,Priya Singh
15d2705c-f1d,2024-12-31,Starbucks - Distributed disintermediate capacity,18.95,Dining,savings,5553.27,False,Starbucks,rajesh_sharma,Rajesh Sharma
04ec38d1-81f,2024-12-31,Costco - Triple-buffered discrete middleware,152.93,Groceries,savings,-11416.29,False,Costco,rajesh_sharma,Rajesh Sharma
51790e1c-3f2,2024-12-31,Parking Co - Balanced high-level initiative,389.47,Transportation,checking,-57975.15,False,Parking Co,tanishka_dhanwan,Tanishka Dhanwan
1b466b45-7b5,2025-01-01,Metro Transit - Assimilated homogeneous circuit,55.95,Transportation,savings,17907.08,False,Metro Transit,priya_singh,Priya Singh
feb915f0-a74,2025-01-01,Misc Purchase - Cloned reciprocal forecast,201.62,Other,credit,-38699.3,False,Misc Purchase,tanishka_dhanwan,Tanishka Dhanwan
57d13d26-b67,2025-01-01,Trader Joe's - Optional zero tolerance Internet solution,205.53,Groceries,savings,-1985.51,False,Trader Joe's,priya_singh,Priya Singh
9ddf20d2-050,2025-01-01,Trader Joe's - Face-to-face client-driven support,303.0,Groceries,checking,4648.97,False,Trader Joe's,rajesh_sharma,Rajesh Sharma
fba3896d-be1,2025-01-01,Rent Payment - Customer-focused static software,1071.15,Housing,credit,-40833.59,False,Rent Payment,tanishka_dhanwan,Tanishka Dhanwan
f44203ae-700,2025-01-01,Property Mgmt - Triple-buffered asymmetric open architecture,2103.94,Housing,checking,-70561.26,False,Property Mgmt,priya_singh,Priya Singh
72f44306-e0e,2025-01-01,Costco - Operative dedicated project,190.07,Groceries,credit,-79845.65,False,Costco,rajesh_sharma,Rajesh Sharma
7fbe5546-163,2025-01-01,Spotify - Reduced mobile database,135.92,Entertainment,checking,340.71,False,Spotify,amit_kumar,Amit Kumar
5cc801eb-4fc,2025-01-01,Payroll - Sanders and Sons,2915.11,Income,checking,-40143.19,True,Sanders and Sons,tanishka_dhanwan,Tanishka Dhanwan
c057a756-f1d,2025-01-01,Dental Care - Innovative non-volatile capacity,487.63,Healthcare,checking,-71671.4,False,Dental Care,priya_singh,Priya Singh
89678845-173,2025-01-02,Adobe - Customer-focused full-range policy,83.63,Subscriptions,credit,-37684.95,False,Adobe,tanishka_dhanwan,Tanishka Dhanwan
5bf7d655-b59,2025-01-02,HOA Fees - Customer-focused intermediate hierarchy,1229.09,Housing,savings,2952.13,False,HOA Fees,rajesh_sharma,Rajesh Sharma
25adedce-902,2025-01-02,Walmart - Self-enabling optimizing protocol,366.9,Groceries,checking,-18175.88,False,Walmart,rajesh_sharma,Rajesh Sharma
7b075286-fad,2025-01-02,Payroll - Bailey Inc,3781.42,Income,checking,-23098.35,True,Bailey Inc,tanishka_dhanwan,Tanishka Dhanwan
f099a112-c70,2025-01-02,Walmart - Configurable cohesive encoding,54.6,Groceries,credit,-37214.68,False,Walmart,rajesh_sharma,Rajesh Sharma
aab14fad-422,2025-01-02,Payroll - Webb Group,3377.86,Income,savings,18805.8,True,Webb Group,priya_singh,Priya Singh
f2a1de3c-933,2025-01-02,State Farm - Switchable needs-based encoding,446.67,Insurance,checking,-37332.11,False,State Farm,amit_kumar,Amit Kumar
67c7f126-8cc,2025-01-02,Payroll - Sanders Inc,3991.34,Income,savings,-417.03,True,Sanders Inc,amit_kumar,Amit Kumar
037162d2-182,2025-01-02,Gym Membership - Innovative homogeneous contingency,155.75,Subscriptions,savings,-33376.47,False,Gym Membership,rajesh_sharma,Rajesh Sharma
3b02c90d-a75,2025-01-02,Bookstore - Focused value-added projection,117.77,Education,savings,7195.25,False,Bookstore,priya_singh,Priya Singh
bee1df83-fe5,2025-01-02,Health Ins Co - Enhanced tertiary solution,458.08,Insurance,credit,-80645.64,False,Health Ins Co,priya_singh,Priya Singh
b67b80c2-457,2025-01-02,Rent Payment - Synergized zero administration customer loyalty,1213.34,Housing,savings,-11532.15,False,Rent Payment,tanishka_dhanwan,Tanishka Dhanwan
f04e05a5-d77,2025-01-02,Payroll - Bruce PLC,3389.08,Income,savings,-30183.73,True,Bruce PLC,tanishka_dhanwan,Tanishka Dhanwan
b758d01c-2b4,2025-01-02,Rent Payment - Public-key interactive open architecture,927.97,Housing,credit,-40108.42,False,Rent Payment,amit_kumar,Amit Kumar
5e7b7d94-7ca,2025-01-03,Costco - Proactive multi-state Local Area Network,8.39,Groceries,checking,332.32,False,Costco,amit_kumar,Amit Kumar
a06d8831-185,2025-01-03,Uber - Centralized actuating paradigm,99.57,Transportation,savings,13109.04,False,Uber,rajesh_sharma,Rajesh Sharma
a252d837-388,2025-01-03,Payroll - Murphy-Juarez,2592.9,Income,savings,5773.46,True,Murphy-Juarez,rajesh_sharma,Rajesh Sharma
cc12634f-42b,2025-01-03,Local Bistro - Customer-focused local middleware,164.29,Dining,credit,-46971.32,False,Local Bistro,rajesh_sharma,Rajesh Sharma
dff125f8-d1f,2025-01-03,Health Ins Co - Team-oriented client-driven help-desk,381.07,Insurance,checking,3695.96,False,Health Ins Co,amit_kumar,Amit Kumar
0267da52-3b4,2025-01-03,State Farm - Grass-roots dynamic budgetary management,283.98,Insurance,credit,-50316.73,False,State Farm,rajesh_sharma,Rajesh Sharma
763d9004-308,2025-01-03,Starbucks - Stand-alone transitional info-mediaries,298.21,Dining,savings,-15490.34,False,Starbucks,amit_kumar,Amit Kumar
e158b4cb-13b,2025-01-03,HOA Fees - Up-sized leadingedge parallelism,2001.73,Housing,savings,-7936.81,False,HOA Fees,priya_singh,Priya Singh
6c7d724f-042,2025-01-03,Uber - Innovative background capacity,126.83,Transportation,credit,-20314.39,False,Uber,amit_kumar,Amit Kumar
11a59fed-a81,2025-01-03,Student Loan - Upgradable system-worthy customer loyalty,313.46,Debt Payment,checking,5785.09,False,Student Loan,rajesh_sharma,Rajesh Sharma
0d738097-4ef,2025-01-03,Payroll - Fleming Inc,4109.36,Income,savings,11794.76,True,Fleming Inc,tanishka_dhanwan,Tanishka Dhanwan
ca147c01-d1d,2025-01-03,Starbucks - Secured cohesive structure,43.61,Dining,credit,-79880.4,False,Starbucks,priya_singh,Priya Singh
6ab7da96-46e,2025-01-03,Water Dept - Optional 6thgeneration customer loyalty,311.62,Utilities,savings,21410.54,False,Water Dept,amit_kumar,Amit Kumar
ab623516-eba,2025-01-03,Credit Card Payment - Balanced full-range hardware,438.81,Debt Payment,checking,-51699.15,False,Credit Card Payment,priya_singh,Priya Singh
1cc270d0-c05,2025-01-04,Misc Purchase - Focused directional superstructure,390.2,Other,checking,2017.84,False,Misc Purchase,priya_singh,Priya Singh
5128e5dc-96c,2025-01-04,Property Mgmt - Seamless directional architecture,1419.29,Housing,checking,-70275.09,False,Property Mgmt,priya_singh,Priya Singh
d211ac6d-29d,2025-01-04,Cloud Storage - Upgradable neutral frame,124.91,Subscriptions,savings,11904.19,False,Cloud Storage,amit_kumar,Amit Kumar
270053da-aad,2025-01-04,HOA Fees - Cloned exuding analyzer,1786.62,Housing,savings,-50051.32,False,HOA Fees,rajesh_sharma,Rajesh Sharma
565b26d2-193,2025-01-04,Chipotle - Focused uniform application,312.0,Dining,checking,-40264.49,False,Chipotle,rajesh_sharma,Rajesh Sharma
bfe892d8-368,2025-01-04,Payroll - Norman-Joseph,1851.98,Income,credit,-35547.28,True,Norman-Joseph,tanishka_dhanwan,Tanishka Dhanwan
1ec4eee1-534,2025-01-04,Target - Front-line global application,379.99,Shopping,credit,-40248.11,False,Target,amit_kumar,Amit Kumar
41d2d84a-bd8,2025-01-04,Payroll - Barry LLC,2868.83,Income,credit,-31100.46,True,Barry LLC,tanishka_dhanwan,Tanishka Dhanwan
8326e0cc-1fc,2025-01-04,Shell Gas - Re-engineered maximized knowledgebase,299.29,Transportation,checking,-56734.1,False,Shell Gas,tanishka_dhanwan,Tanishka Dhanwan
4f0ecac6-4f7,2025-01-04,Shell Gas - Centralized static capability,324.82,Transportation,credit,-60843.73,False,Shell Gas,rajesh_sharma,Rajesh Sharma
1c31e843-d52,2025-01-04,State Farm - Visionary systemic focus group,376.87,Insurance,savings,3781.45,False,State Farm,amit_kumar,Amit Kumar
5fdd367d-dce,2025-01-04,Chipotle - Innovative background system engine,406.53,Dining,credit,-10187.42,False,Chipotle,amit_kumar,Amit Kumar
7f4c131d-eea,2025-01-04,Trader Joe's - Sharable 3rdgeneration circuit,13.26,Groceries,savings,-7163.55,False,Trader Joe's,tanishka_dhanwan,Tanishka Dhanwan
c6e77d0f-4aa,2025-01-04,HOA Fees - Integrated directional workforce,2028.79,Housing,checking,-10390.19,False,HOA Fees,rajesh_sharma,Rajesh Sharma
5ad7a63a-0df,2025-01-04,Chipotle - Universal coherent methodology,357.49,Dining,savings,17477.15,False,Chipotle,amit_kumar,Amit Kumar
c943a7f1-adb,2025-01-04,HOA Fees - Expanded solution-oriented secured line,1368.94,Housing,savings,18373.49,False,HOA Fees,priya_singh,Priya Singh
8bbfc6ba-d53,2025-01-04,Delta Airlines - Front-line 24hour instruction set,168.65,Travel,savings,-42.12,False,Delta Airlines,tanishka_dhanwan,Tanishka Dhanwan
1d1718fc-4ae,2025-01-04,Target - Assimilated logistical model,122.04,Shopping,checking,517.42,False,Target,amit_kumar,Amit Kumar
e70520c0-c52,2025-01-04,McDonald's - Multi-tiered fresh-thinking data-warehouse,85.31,Dining,credit,-26263.64,False,McDonald's,rajesh_sharma,Rajesh Sharma
47d02734-88a,2025-01-04,Shell Gas - Robust context-sensitive throughput,192.47,Transportation,savings,-15975.38,False,Shell Gas,tanishka_dhanwan,Tanishka Dhanwan
3a42c32b-c10,2025-01-04,Property Mgmt - Proactive holistic secured line,1300.38,Housing,checking,-5877.51,False,Property Mgmt,tanishka_dhanwan,Tanishka Dhanwan
befb703d-19f,2025-01-04,McDonald's - Decentralized static challenge,302.16,Dining,savings,-10609.71,False,McDonald's,amit_kumar,Amit Kumar
ff331e25-2fb,2025-01-05,Costco - Proactive upward-trending encoding,256.87,Groceries,savings,-7552.8,False,Costco,priya_singh,Priya Singh
d50caf6e-c03,2025-01-05,HOA Fees - Multi-lateral fault-tolerant contingency,1516.39,Housing,credit,-51336.07,False,HOA Fees,rajesh_sharma,Rajesh Sharma
94818c65-4b4,2025-01-05,Parking Co - Up-sized client-server capability,66.62,Transportation,savings,18630.72,False,Parking Co,amit_kumar,Amit Kumar
12e7690a-af3,2025-01-05,Property Mgmt - Upgradable global website,1750.8,Housing,savings,17786.24,False,Property Mgmt,rajesh_sharma,Rajesh Sharma
7fa1d8f6-7b8,2025-01-05,Rent Payment - Robust 4thgeneration monitoring,1341.43,Housing,checking,12281.71,False,Rent Payment,tanishka_dhanwan,Tanishka Dhanwan
eda75e9a-52e,2025-01-05,Expedia - Digitized mission-critical array,96.19,Travel,savings,-22158.12,False,Expedia,amit_kumar,Amit Kumar
561b4840-cea,2025-01-05,McDonald's - Cross-platform intangible success,53.35,Dining,credit,-21889.48,False,McDonald's,tanishka_dhanwan,Tanishka Dhanwan
66240917-f16,2025-01-05,Starbucks - Visionary executive strategy,459.35,Dining,savings,-26509.98,False,Starbucks,rajesh_sharma,Rajesh Sharma
45dbcb9e-243,2025-01-05,Health Ins Co - Organized analyzing knowledgebase,493.66,Insurance,credit,-65906.22,False,Health Ins Co,rajesh_sharma,Rajesh Sharma
f7321bb0-fe0,2025-01-05,Adobe - Secured actuating policy,485.34,Subscriptions,savings,9019.01,False,Adobe,priya_singh,Priya Singh
ed4b169a-c13,2025-01-05,HOA Fees - Front-line tertiary complexity,1926.51,Housing,credit,-43714.79,False,HOA Fees,rajesh_sharma,Rajesh Sharma
78dad445-3b4,2025-01-05,Spotify - Assimilated object-oriented product,214.13,Entertainment,savings,10499.81,False,Spotify,amit_kumar,Amit Kumar
5feddca5-f92,2025-01-05,Spotify - Phased zero tolerance firmware,396.3,Entertainment,savings,-1561.42,False,Spotify,rajesh_sharma,Rajesh Sharma
8bb93ef2-6fe,2025-01-05,Trader Joe's - Sharable system-worthy open architecture,245.28,Groceries,checking,6405.83,False,Trader Joe's,rajesh_sharma,Rajesh Sharma
b1afc751-070,2025-01-05,Netflix - Public-key demand-driven time-frame,240.34,Entertainment,credit,-37012.4,False,Netflix,tanishka_dhanwan,Tanishka Dhanwan
088f672f-eda,2025-01-05,McDonald's - Diverse 3rdgeneration hardware,269.47,Dining,checking,-36122.2,False,McDonald's,priya_singh,Priya Singh
274e4ed4-e8a,2025-01-05,Whole Foods - Exclusive dedicated forecast,63.78,Groceries,savings,4144.75,False,Whole Foods,amit_kumar,Amit Kumar
b9efe8ae-62c,2025-01-05,Trader Joe's - Proactive foreground flexibility,437.84,Groceries,credit,-56407.86,False,Trader Joe's,amit_kumar,Amit Kumar
68202257-e97,2025-01-06,Bookstore - Cross-platform eco-centric projection,274.93,Education,savings,-4040.82,False,Bookstore,priya_singh,Priya Singh
8750fb3a-799,2025-01-06,Parking Co - Re-contextualized systematic intranet,160.66,Transportation,savings,15629.75,False,Parking Co,priya_singh,Priya Singh
ec4cd693-7c9,2025-01-06,McDonald's - Front-line transitional circuit,296.25,Dining,credit,-46832.63,False,McDonald's,rajesh_sharma,Rajesh Sharma
fe966964-51e,2025-01-06,Shell Gas - Visionary uniform software,480.11,Transportation,savings,-24274.73,False,Shell Gas,rajesh_sharma,Rajesh Sharma
d24e7e88-b36,2025-01-06,Costco - Persevering national Graphical User Interface,189.0,Groceries,credit,-54067.91,False,Costco,rajesh_sharma,Rajesh Sharma
b62a0b27-4c6,2025-01-06,Whole Foods - Networked content-based core,446.86,Groceries,checking,-27430.25,False,Whole Foods,priya_singh,Priya Singh
1fc96e22-ec7,2025-01-06,Payroll - Dawson Group,2606.66,Income,checking,-3076.18,True,Dawson Group,amit_kumar,Amit Kumar
3ccfb1d9-882,2025-01-07,Cloud Storage - Mandatory secondary attitude,306.8,Subscriptions,savings,-15931.3,False,Cloud Storage,tanishka_dhanwan,Tanishka Dhanwan
0384743e-d25,2025-01-07,Rent Payment - Persistent foreground protocol,837.12,Housing,checking,-35352.28,False,Rent Payment,tanishka_dhanwan,Tanishka Dhanwan
bd663aa6-653,2025-01-07,McDonald's - Reverse-engineered real-time pricing structure,13.78,Dining,savings,-40619.38,False,McDonald's,tanishka_dhanwan,Tanishka Dhanwan
6546f6a8-9de,2025-01-07,Health Ins Co - Implemented holistic pricing structure,47.23,Insurance,checking,-33990.62,False,Health Ins Co,rajesh_sharma,Rajesh Sharma
49ca59be-647,2025-01-07,Spotify - Versatile value-added toolset,52.14,Entertainment,credit,-51896.53,False,Spotify,rajesh_sharma,Rajesh Sharma
c614f5ba-13f,2025-01-07,Property Mgmt - Synergistic hybrid matrix,1640.12,Housing,credit,-69121.15,False,Property Mgmt,rajesh_sharma,Rajesh Sharma
b8497d7b-7c8,2025-01-07,Health Ins Co - Configurable bottom-line matrix,396.59,Insurance,credit,-78033.56,False,Health Ins Co,amit_kumar,Amit Kumar
f7a51729-b77,2025-01-07,ATM Withdrawal - Focused 5thgeneration workforce,53.72,Other,checking,6137.44,False,ATM Withdrawal,rajesh_sharma,Rajesh Sharma
5478b4b0-71e,2025-01-07,Best Buy - Programmable regional infrastructure,66.13,Shopping,savings,19747.23,False,Best Buy,priya_singh,Priya Singh
1159443f-51e,2025-01-07,Internet Provider - Ergonomic object-oriented firmware,199.31,Utilities,checking,-61877.14,False,Internet Provider,tanishka_dhanwan,Tanishka Dhanwan
bc660860-9bc,2025-01-07,Starbucks - Sharable full-range challenge,301.85,Dining,credit,-2342.63,False,Starbucks,tanishka_dhanwan,Tanishka Dhanwan
a4042e6b-a3b,2025-01-07,Local Bistro - Organic empowering hub,497.26,Dining,credit,-81178.9,False,Local Bistro,priya_singh,Priya Singh
0d99de5b-f3d,2025-01-07,Spotify - Versatile didactic instruction set,346.78,Entertainment,savings,-21731.03,False,Spotify,tanishka_dhanwan,Tanishka Dhanwan
a508fd0f-764,2025-01-07,Shell Gas - Phased user-facing concept,472.98,Transportation,credit,-18130.36,False,Shell Gas,rajesh_sharma,Rajesh Sharma
5f93fb35-0a7,2025-01-07,Costco - Managed reciprocal workforce,355.89,Groceries,credit,-70628.89,False,Costco,priya_singh,Priya Singh
266ebddd-ab9,2025-01-07,AMC Theaters - Enterprise-wide empowering throughput,476.47,Entertainment,checking,-26647.91,False,AMC Theaters,tanishka_dhanwan,Tanishka Dhanwan
dc256e0a-f8a,2025-01-08,Walmart - Fully-configurable methodical budgetary management,216.06,Groceries,savings,-7643.61,False,Walmart,tanishka_dhanwan,Tanishka Dhanwan
c5332c08-5dc,2025-01-08,Walmart - Polarized multimedia open architecture,18.6,Groceries,savings,-33556.32,False,Walmart,tanishka_dhanwan,Tanishka Dhanwan
a2d49a1b-9f1,2025-01-08,Dental Care - Front-line explicit firmware,117.84,Healthcare,checking,-55745.92,False,Dental Care,rajesh_sharma,Rajesh Sharma
d62ef44e-d93,2025-01-08,Whole Foods - Realigned intermediate interface,120.11,Groceries,savings,7463.72,False,Whole Foods,amit_kumar,Amit Kumar
e9ba38e8-95e,2025-01-08,HOA Fees - Quality-focused zero-defect circuit,2079.41,Housing,credit,-46001.56,False,HOA Fees,amit_kumar,Amit Kumar
b3f4a9ea-dfa,2025-01-08,Uber - Quality-focused coherent leverage,61.7,Transportation,checking,13757.05,False,Uber,tanishka_dhanwan,Tanishka Dhanwan
59c0a2cc-d5e,2025-01-08,Health Ins Co - Stand-alone multi-tasking help-desk,322.14,Insurance,checking,13001.18,False,Health Ins Co,tanishka_dhanwan,Tanishka Dhanwan
375e5b19-150,2025-01-08,Credit Card Payment - Re-contextualized maximized array,21.47,Debt Payment,checking,-53274.37,False,Credit Card Payment,tanishka_dhanwan,Tanishka Dhanwan
007fee7d-507,2025-01-08,Property Mgmt - Ameliorated modular superstructure,2127.3,Housing,savings,-35065.13,False,Property Mgmt,tanishka_dhanwan,Tanishka Dhanwan
7dbe17e5-24d,2025-01-08,Metro Transit - Inverse discrete time-frame,352.91,Transportation,credit,-72980.54,False,Metro Transit,priya_singh,Priya Singh
57bcfc6f-36b,2025-01-08,Marriott - Reduced multimedia hub,262.92,Travel,credit,-35697.36,False,Marriott,tanishka_dhanwan,Tanishka Dhanwan
355d0d6b-377,2025-01-08,AMC Theaters - User-friendly real-time hub,212.69,Entertainment,checking,-34534.78,False,AMC Theaters,rajesh_sharma,Rajesh Sharma
13f72795-392,2025-01-08,Starbucks - Horizontal contextually-based concept,277.37,Dining,savings,18353.35,False,Starbucks,amit_kumar,Amit Kumar
fd51bdbc-f6a,2025-01-08,Local Bistro - Visionary zero-defect approach,214.67,Dining,checking,6191.16,False,Local Bistro,rajesh_sharma,Rajesh Sharma
05ea4dd5-5a5,2025-01-08,Health Ins Co - Open-architected static ability,410.94,Insurance,savings,-12923.49,False,Health Ins Co,tanishka_dhanwan,Tanishka Dhanwan
312c5809-8c8,2025-01-08,Trader Joe's - Upgradable incremental hierarchy,15.55,Groceries,credit,-43099.24,False,Trader Joe's,tanishka_dhanwan,Tanishka Dhanwan
891cde37-a51,2025-01-08,Property Mgmt - Multi-channeled 6thgeneration definition,1670.14,Housing,credit,-34342.59,False,Property Mgmt,priya_singh,Priya Singh
a5c54e5c-692,2025-01-08,Dental Care - Configurable responsive intranet,330.36,Healthcare,savings,-11265.56,False,Dental Care,priya_singh,Priya Singh
a30a6cfc-456,2025-01-08,Best Buy - Reactive leadingedge knowledgebase,475.94,Shopping,checking,-71183.77,False,Best Buy,priya_singh,Priya Singh
ff294985-2f2,2025-01-08,Electric Co - Inverse didactic forecast,91.06,Utilities,credit,-70878.33,False,Electric Co,amit_kumar,Amit Kumar
b5fc15d8-59a,2025-01-08,Walmart - Multi-layered clear-thinking functionalities,374.22,Groceries,savings,-12182.5,False,Walmart,amit_kumar,Amit Kumar
601a566f-a2c,2025-01-09,Payroll - Ortiz-Morgan,3101.35,Income,savings,-10278.87,True,Ortiz-Morgan,rajesh_sharma,Rajesh Sharma
86cf218c-3f8,2025-01-09,Chipotle - Reactive eco-centric firmware,90.81,Dining,checking,-44289.54,False,Chipotle,amit_kumar,Amit Kumar
ecf22c14-9e7,2025-01-09,"Payroll - Mccarty, Gonzalez and Johnston",1835.05,Income,credit,-45850.81,True,"Mccarty, Gonzalez and Johnston",priya_singh,Priya Singh
48076601-6b2,2025-01-09,Expedia - Reverse-engineered upward-trending info-mediaries,369.85,Travel,savings,-55217.8,False,Expedia,rajesh_sharma,Rajesh Sharma
7612da9c-469,2025-01-09,Rent Payment - Decentralized solution-oriented customer loyalty,1813.82,Housing,credit,-49301.84,False,Rent Payment,tanishka_dhanwan,Tanishka Dhanwan
ab1244ff-201,2025-01-09,Best Buy - User-friendly next generation monitoring,146.2,Shopping,savings,15426.49,False,Best Buy,rajesh_sharma,Rajesh Sharma
f0819f5b-f2c,2025-01-09,ATM Withdrawal - Vision-oriented encompassing superstructure,346.06,Other,savings,-62587.27,False,ATM Withdrawal,rajesh_sharma,Rajesh Sharma
d892fe2c-9b6,2025-01-09,Payroll - Yang Group,3436.85,Income,checking,3337.93,True,Yang Group,amit_kumar,Amit Kumar
316d069d-7d6,2025-01-09,Payroll - Morris and Sons,2579.94,Income,checking,-55481.91,True,Morris and Sons,tanishka_dhanwan,Tanishka Dhanwan
b8dd4089-b82,2025-01-10,Misc Purchase - Polarized impactful interface,498.9,Other,savings,-11983.87,False,Misc Purchase,rajesh_sharma,Rajesh Sharma
80401d6a-a10,2025-01-10,Spotify - Organic 24/7 customer loyalty,259.64,Entertainment,checking,-10654.89,False,Spotify,priya_singh,Priya Singh
203109bf-976,2025-01-10,Internet Provider - Self-enabling regional benchmark,457.83,Utilities,credit,-71462.72,False,Internet Provider,amit_kumar,Amit Kumar
1f46e1a5-5b4,2025-01-10,Expedia - Enterprise-wide neutral initiative,143.7,Travel,checking,-27993.12,False,Expedia,priya_singh,Priya Singh
120ae8a7-da1,2025-01-10,Chipotle - Sharable dedicated toolset,379.94,Dining,savings,7530.7,False,Chipotle,amit_kumar,Amit Kumar
dbe1e2c4-32e,2025-01-10,Payroll - Wilkerson-Ayala,2532.67,Income,checking,-48803.13,True,Wilkerson-Ayala,priya_singh,Priya Singh
7842c807-044,2025-01-10,Health Ins Co - Switchable impactful architecture,91.8,Insurance,savings,-14397.81,False,Health Ins Co,rajesh_sharma,Rajesh Sharma
a645c79b-9f5,2025-01-10,McDonald's - Universal dedicated archive,38.44,Dining,savings,4912.19,False,McDonald's,rajesh_sharma,Rajesh Sharma
8bab0422-9da,2025-01-10,Payroll - Carson-Bentley,3822.41,Income,credit,-54411.27,True,Carson-Bentley,rajesh_sharma,Rajesh Sharma
47e5468b-27c,2025-01-10,Dental Care - Robust regional productivity,76.59,Healthcare,checking,-12258.74,False,Dental Care,priya_singh,Priya Singh
8d01caf6-c3d,2025-01-10,State Farm - Right-sized multimedia synergy,247.84,Insurance,savings,-11930.64,False,State Farm,rajesh_sharma,Rajesh Sharma
f195f728-692,2025-01-10,Gym Membership - User-centric multi-tasking alliance,477.77,Subscriptions,checking,-25756.93,False,Gym Membership,rajesh_sharma,Rajesh Sharma
5ff3a3b9-3ce,2025-01-10,Student Loan - Self-enabling client-server policy,240.68,Debt Payment,savings,7463.96,False,Student Loan,priya_singh,Priya Singh
c045734b-f01,2025-01-10,McDonald's - Profit-focused cohesive instruction set,199.48,Dining,credit,-20847.78,False,McDonald's,priya_singh,Priya Singh
96a76a5d-efa,2025-01-10,Costco - Public-key national emulation,191.54,Groceries,credit,-2861.36,False,Costco,tanishka_dhanwan,Tanishka Dhanwan
6d81e84d-53f,2025-01-11,Student Loan - De-engineered fault-tolerant support,49.27,Debt Payment,credit,-59725.68,False,Student Loan,amit_kumar,Amit Kumar
8f2e8b85-3ad,2025-01-11,State Farm - Exclusive 24hour process improvement,64.58,Insurance,checking,-52550.0,False,State Farm,priya_singh,Priya Singh
f9a97001-3b7,2025-01-11,Property Mgmt - Organized disintermediate project,1269.95,Housing,checking,-6345.63,False,Property Mgmt,priya_singh,Priya Singh
fedc7971-7d8,2025-01-11,Water Dept - Public-key 4thgeneration secured line,150.93,Utilities,savings,3294.93,False,Water Dept,amit_kumar,Amit Kumar
bf1a9703-49a,2025-01-11,AMC Theaters - Profit-focused neutral Graphic Interface,272.68,Entertainment,credit,-57338.35,False,AMC Theaters,priya_singh,Priya Singh
3705cf0b-cc7,2025-01-11,Electric Co - Vision-oriented fresh-thinking flexibility,403.16,Utilities,savings,5865.26,False,Electric Co,priya_singh,Priya Singh
6ee21cc9-f3c,2025-01-11,Spotify - Team-oriented disintermediate application,406.16,Entertainment,credit,2963.44,False,Spotify,priya_singh,Priya Singh
07724767-5df,2025-01-11,Cloud Storage - Open-source multi-tasking database,104.07,Subscriptions,checking,-53271.53,False,Cloud Storage,priya_singh,Priya Singh
93a6da96-577,2025-01-11,AMC Theaters - Public-key user-facing monitoring,486.62,Entertainment,credit,-50587.3,False,AMC Theaters,tanishka_dhanwan,Tanishka Dhanwan
0297f20e-71b,2025-01-11,Rent Payment - Diverse content-based definition,2097.16,Housing,checking,-42608.29,False,Rent Payment,priya_singh,Priya Singh
19f73ee5-e54,2025-01-11,Rent Payment - Versatile hybrid capacity,1301.77,Housing,checking,-1258.9,False,Rent Payment,tanishka_dhanwan,Tanishka Dhanwan
409e96f9-07b,2025-01-11,ATM Withdrawal - Devolved disintermediate utilization,290.94,Other,credit,-56062.55,False,ATM Withdrawal,rajesh_sharma,Rajesh Sharma
f35a6942-08c,2025-01-12,Netflix - Sharable bifurcated algorithm,126.22,Entertainment,credit,-1326.22,False,Netflix,rajesh_sharma,Rajesh Sharma
3786c9a4-0aa,2025-01-12,"Payroll - Padilla, Sanders and Allen",4471.09,Income,credit,-69348.76,True,"Padilla, Sanders and Allen",rajesh_sharma,Rajesh Sharma
cb5244f4-ca3,2025-01-12,Health Ins Co - Synchronized bandwidth-monitored parallelism,342.99,Insurance,savings,-20293.48,False,Health Ins Co,tanishka_dhanwan,Tanishka Dhanwan
49ac61fd-3a7,2025-01-12,Payroll - Reed Inc,3156.93,Income,credit,-31556.88,True,Reed Inc,tanishka_dhanwan,Tanishka Dhanwan
007bc68f-bae,2025-01-12,Cloud Storage - Synchronized real-time initiative,181.25,Subscriptions,checking,13304.66,False,Cloud Storage,amit_kumar,Amit Kumar
bc15ddf7-dd0,2025-01-12,Payroll - Wyatt Ltd,1579.94,Income,checking,4523.73,True,Wyatt Ltd,amit_kumar,Amit Kumar
5d80192e-1a2,2025-01-12,Costco - Phased system-worthy capability,65.47,Groceries,credit,-4335.8,False,Costco,amit_kumar,Amit Kumar
e7169325-f85,2025-01-12,Electric Co - Realigned maximized strategy,273.97,Utilities,checking,2964.28,False,Electric Co,amit_kumar,Amit Kumar
d3adbf1b-5fb,2025-01-12,HOA Fees - Expanded demand-driven workforce,1820.92,Housing,credit,-64345.89,False,HOA Fees,rajesh_sharma,Rajesh Sharma
52336aa3-519,2025-01-12,Bookstore - Self-enabling interactive concept,470.55,Education,savings,-52135.66,False,Bookstore,rajesh_sharma,Rajesh Sharma
98da9667-c0e,2025-01-12,HOA Fees - Quality-focused web-enabled analyzer,1261.0,Housing,checking,-37455.82,False,HOA Fees,rajesh_sharma,Rajesh Sharma
60d074d7-ef9,2025-01-12,Starbucks - Vision-oriented neutral productivity,295.11,Dining,savings,-17659.7,False,Starbucks,rajesh_sharma,Rajesh Sharma
34de3f97-003,2025-01-12,Marriott - Right-sized modular benchmark,320.64,Travel,savings,-3307.5,False,Marriott,amit_kumar,Amit Kumar
760c32d5-a91,2025-01-12,Health Ins Co - Persevering contextually-based intranet,317.86,Insurance,credit,-73637.4,False,Health Ins Co,amit_kumar,Amit Kumar
7f6bda4a-e9c,2025-01-12,Starbucks - Customer-focused coherent benchmark,170.68,Dining,savings,-63599.39,False,Starbucks,rajesh_sharma,Rajesh Sharma
f86d836f-52f,2025-01-12,Chipotle - Enhanced incremental middleware,289.95,Dining,credit,-35953.26,False,Chipotle,priya_singh,Priya Singh
cc1d2bfb-4cd,2025-01-12,Target - Total bi-directional product,162.08,Shopping,checking,-56980.85,False,Target,tanishka_dhanwan,Tanishka Dhanwan
aa2ea7bc-e1a,2025-01-13,Parking Co - Realigned bifurcated circuit,416.68,Transportation,savings,5843.95,False,Parking Co,amit_kumar,Amit Kumar
e3ff6a17-6a0,2025-01-13,Whole Foods - Centralized next generation parallelism,332.99,Groceries,savings,-32124.39,False,Whole Foods,rajesh_sharma,Rajesh Sharma
fb21c56a-d7b,2025-01-13,McDonald's - Quality-focused 5thgeneration process improvement,393.03,Dining,checking,-9459.58,False,McDonald's,rajesh_sharma,Rajesh Sharma
b3fad133-ba9,2025-01-13,Spotify - Inverse asymmetric structure,216.49,Entertainment,savings,-14825.01,False,Spotify,amit_kumar,Amit Kumar
df479ceb-3af,2025-01-13,Dental Care - Balanced optimal toolset,229.75,Healthcare,checking,-21344.02,False,Dental Care,priya_singh,Priya Singh
d82c6720-092,2025-01-13,McDonald's - Persevering global encoding,479.27,Dining,credit,-28834.7,False,McDonald's,amit_kumar,Amit Kumar
84808ed1-78b,2025-01-13,Netflix - Optimized systemic knowledgebase,93.76,Entertainment,savings,11893.2,False,Netflix,tanishka_dhanwan,Tanishka Dhanwan
d958611d-d22,2025-01-13,Dental Care - Automated national moderator,439.69,Healthcare,credit,-21836.13,False,Dental Care,tanishka_dhanwan,Tanishka Dhanwan
ec9c9874-09d,2025-01-13,AMC Theaters - De-engineered background workforce,476.53,Entertainment,checking,-61931.59,False,AMC Theaters,rajesh_sharma,Rajesh Sharma
b287d4bf-0d1,2025-01-13,Costco - Configurable client-driven system engine,157.08,Groceries,savings,5325.37,False,Costco,amit_kumar,Amit Kumar
95c6c344-ec1,2025-01-13,Payroll - Jones and Sons,3540.31,Income,savings,-26361.81,True,Jones and Sons,tanishka_dhanwan,Tanishka Dhanwan
9cc6d7da-2eb,2025-01-13,Metro Transit - Profit-focused bi-directional capacity,467.61,Transportation,credit,-28705.31,False,Metro Transit,tanishka_dhanwan,Tanishka Dhanwan
5e7a30f5-6dd,2025-01-13,Dental Care - Stand-alone asymmetric function,198.05,Healthcare,savings,-61144.91,False,Dental Care,rajesh_sharma,Rajesh Sharma
2f534a84-0f1,2025-01-13,Costco - Self-enabling scalable portal,380.04,Groceries,savings,-20757.68,False,Costco,amit_kumar,Amit Kumar
fe339a9b-cfc,2025-01-13,Health Ins Co - User-centric fault-tolerant solution,28.02,Insurance,checking,-3406.0,False,Health Ins Co,tanishka_dhanwan,Tanishka Dhanwan
183c28af-57f,2025-01-13,Payroll - Hicks Ltd,4382.64,Income,credit,-70670.89,True,Hicks Ltd,amit_kumar,Amit Kumar
de25a57f-43b,2025-01-13,McDonald's - Progressive fault-tolerant standardization,446.95,Dining,checking,-46049.86,False,McDonald's,amit_kumar,Amit Kumar
59ed1bc8-474,2025-01-13,Costco - Polarized zero tolerance orchestration,364.03,Groceries,checking,-2517.72,False,Costco,priya_singh,Priya Singh
b47496f2-d59,2025-01-13,Costco - Networked discrete implementation,309.58,Groceries,credit,-65470.79,False,Costco,priya_singh,Priya Singh
11325ed8-c86,2025-01-13,Best Buy - Function-based bottom-line core,91.04,Shopping,credit,-14890.34,False,Best Buy,tanishka_dhanwan,Tanishka Dhanwan
b7434efd-4f9,2025-01-14,Electric Co - Diverse discrete attitude,87.98,Utilities,credit,-35126.24,False,Electric Co,tanishka_dhanwan,Tanishka Dhanwan
35a351d5-d78,2025-01-14,Credit Card Payment - Adaptive static paradigm,478.51,Debt Payment,credit,-73086.45,False,Credit Card Payment,amit_kumar,Amit Kumar
0fd748ea-d5a,2025-01-14,HOA Fees - Digitized disintermediate collaboration,2008.51,Housing,checking,5446.58,False,HOA Fees,amit_kumar,Amit Kumar
f24ef43f-6eb,2025-01-14,McDonald's - Profound tertiary flexibility,209.9,Dining,savings,-11682.8,False,McDonald's,rajesh_sharma,Rajesh Sharma
a0a7001b-5bd,2025-01-14,CVS Pharmacy - Persistent actuating open architecture,203.39,Healthcare,checking,-11864.01,False,CVS Pharmacy,rajesh_sharma,Rajesh Sharma
ed74c41b-dd2,2025-01-14,Gym Membership - Digitized interactive adapter,73.36,Subscriptions,checking,-43960.04,False,Gym Membership,amit_kumar,Amit Kumar
dc490f38-eef,2025-01-14,Internet Provider - Multi-lateral real-time structure,159.99,Utilities,checking,-8829.53,False,Internet Provider,priya_singh,Priya Singh
0f364806-d22,2025-01-14,Student Loan - Secured maximized policy,143.98,Debt Payment,checking,-47637.09,False,Student Loan,tanishka_dhanwan,Tanishka Dhanwan
8c431123-49d,2025-01-14,AMC Theaters - Enterprise-wide reciprocal implementation,53.2,Entertainment,savings,15576.55,False,AMC Theaters,priya_singh,Priya Singh
4db65b60-5d4,2025-01-14,Target - Total motivating neural-net,399.13,Shopping,checking,-56098.51,False,Target,tanishka_dhanwan,Tanishka Dhanwan
02f5918c-924,2025-01-14,ATM Withdrawal - Diverse 4thgeneration circuit,318.62,Other,savings,-12746.61,False,ATM Withdrawal,rajesh_sharma,Rajesh Sharma
bba76a03-895,2025-01-14,Internet Provider - Programmable user-facing encryption,474.08,Utilities,savings,15375.51,False,Internet Provider,amit_kumar,Amit Kumar
bd493ea2-5e2,2025-01-15,Payroll - Green-Carter,2683.64,Income,savings,16922.88,True,Green-Carter,priya_singh,Priya Singh
74dbe39b-8fa,2025-01-15,Rent Payment - Fundamental non-volatile benchmark,2067.88,Housing,checking,-50475.03,False,Rent Payment,tanishka_dhanwan,Tanishka Dhanwan
d6232474-e83,2025-01-15,Starbucks - User-centric stable moderator,467.52,Dining,savings,-25853.79,False,Starbucks,amit_kumar,Amit Kumar
99dee0e7-639,2025-01-15,Payroll - Schmidt Ltd,1789.11,Income,checking,-43657.28,True,Schmidt Ltd,amit_kumar,Amit Kumar
4da30cea-37a,2025-01-15,Delta Airlines - Front-line intangible productivity,371.05,Travel,savings,-7374.89,False,Delta Airlines,rajesh_sharma,Rajesh Sharma
34a09316-7ad,2025-01-15,Health Ins Co - Total content-based standardization,268.1,Insurance,credit,-72557.81,False,Health Ins Co,amit_kumar,Amit Kumar
ce30283c-c59,2025-01-16,Local Bistro - Diverse upward-trending knowledgebase,208.57,Dining,savings,-27617.06,False,Local Bistro,rajesh_sharma,Rajesh Sharma
de86e2ec-f10,2025-01-16,Parking Co - Multi-tiered motivating moderator,161.45,Transportation,savings,-4495.78,False,Parking Co,rajesh_sharma,Rajesh Sharma
a8eec18f-455,2025-01-16,Credit Card Payment - User-friendly 3rdgeneration challenge,291.43,Debt Payment,checking,-55871.61,False,Credit Card Payment,tanishka_dhanwan,Tanishka Dhanwan
714ab887-b47,2025-01-16,Dental Care - Quality-focused heuristic service-desk,110.89,Healthcare,savings,-23794.62,False,Dental Care,rajesh_sharma,Rajesh Sharma
e9b3e176-951,2025-01-16,Netflix - Switchable user-facing conglomeration,229.31,Entertainment,savings,-61458.43,False,Netflix,rajesh_sharma,Rajesh Sharma
e7e1600d-381,2025-01-16,Whole Foods - Cross-platform national toolset,223.04,Groceries,credit,-52262.61,False,Whole Foods,tanishka_dhanwan,Tanishka Dhanwan
2cb0ca1d-f40,2025-01-16,Property Mgmt - Seamless bottom-line Internet solution,1317.97,Housing,savings,-11761.98,False,Property Mgmt,tanishka_dhanwan,Tanishka Dhanwan
831e3a54-f8b,2025-01-16,Shell Gas - Programmable global service-desk,295.25,Transportation,checking,-54359.13,False,Shell Gas,priya_singh,Priya Singh
56c797af-041,2025-01-16,Netflix - Quality-focused zero administration Internet solution,119.27,Entertainment,credit,-67557.43,False,Netflix,priya_singh,Priya Singh
b5fe6300-068,2025-01-16,Best Buy - Configurable value-added utilization,437.31,Shopping,savings,-40962.86,False,Best Buy,tanishka_dhanwan,Tanishka Dhanwan
a88e7b6a-0e8,2025-01-16,State Farm - Enterprise-wide bifurcated initiative,113.36,Insurance,credit,-9771.94,False,State Farm,priya_singh,Priya Singh
cd360afb-7e8,2025-01-16,Parking Co - Configurable contextually-based architecture,267.81,Transportation,credit,-6761.62,False,Parking Co,rajesh_sharma,Rajesh Sharma
bd120e35-1d4,2025-01-16,Payroll - Rogers-Orozco,4111.57,Income,credit,-21972.77,True,Rogers-Orozco,rajesh_sharma,Rajesh Sharma
1da58637-081,2025-01-16,Whole Foods - Business-focused bifurcated info-mediaries,279.95,Groceries,checking,-68457.32,False,Whole Foods,priya_singh,Priya Singh
83c51a8b-4e8,2025-01-16,Rent Payment - Customer-focused non-volatile time-frame,1836.81,Housing,savings,5356.5,False,Rent Payment,priya_singh,Priya Singh
84b6c561-bd1,2025-01-16,State Farm - Multi-channeled dynamic workforce,250.8,Insurance,checking,-186.48,False,State Farm,tanishka_dhanwan,Tanishka Dhanwan
3b0f8ed2-63c,2025-01-17,Health Ins Co - Triple-buffered client-driven model,93.55,Insurance,credit,-53878.91,False,Health Ins Co,rajesh_sharma,Rajesh Sharma
85286faa-ae0,2025-01-17,Misc Purchase - Object-based context-sensitive project,205.74,Other,credit,-67438.16,False,Misc Purchase,priya_singh,Priya Singh
3c1f3222-a1b,2025-01-17,Chipotle - Re-engineered uniform functionalities,444.41,Dining,savings,-23695.39,False,Chipotle,rajesh_sharma,Rajesh Sharma
7610df49-f22,2025-01-17,City Hospital - Innovative 5thgeneration superstructure,451.66,Healthcare,credit,-63163.45,False,City Hospital,priya_singh,Priya Singh
07d32437-d82,2025-01-17,Payroll - Brooks-Diaz,4492.15,Income,checking,-48990.16,True,Brooks-Diaz,amit_kumar,Amit Kumar
7df20724-0a8,2025-01-17,Internet Provider - Configurable encompassing collaboration,232.35,Utilities,savings,-35100.45,False,Internet Provider,rajesh_sharma,Rajesh Sharma
7f961298-8ec,2025-01-17,Spotify - Fully-configurable interactive conglomeration,262.14,Entertainment,credit,-63849.45,False,Spotify,amit_kumar,Amit Kumar
dfc2db9e-2ae,2025-01-17,McDonald's - Customer-focused systemic application,30.54,Dining,checking,-2703.22,False,McDonald's,tanishka_dhanwan,Tanishka Dhanwan
5dee9773-de6,2025-01-17,Marriott - Self-enabling upward-trending analyzer,453.03,Travel,credit,-58160.43,False,Marriott,priya_singh,Priya Singh
7cb4ce81-78a,2025-01-17,Property Mgmt - Seamless bottom-line Internet solution,2018.65,Housing,savings,-18355.68,False,Property Mgmt,tanishka_dhanwan,Tanishka Dhanwan
0deef7ad-6be,2025-01-17,Health Ins Co - Realigned eco-centric system engine,203.4,Insurance,credit,-75903.3,False,Health Ins Co,amit_kumar,Amit Kumar
b2bad6a7-602,2025-01-17,Shell Gas - Face-to-face empowering artificial intelligence,456.79,Transportation,checking,-18372.22,False,Shell Gas,priya_singh,Priya Singh
c9f316cd-69e,2025-01-17,Starbucks - Stand-alone fresh-thinking budgetary management,76.88,Dining,checking,-25728.39,False,Starbucks,priya_singh,Priya Singh
1982138c-b33,2025-01-18,Local Bistro - Programmable local product,299.53,Dining,checking,-55638.44,False,Local Bistro,tanishka_dhanwan,Tanishka Dhanwan
38564bc9-027,2025-01-18,Bookstore - Programmable exuding open system,113.44,Education,savings,-3415.64,False,Bookstore,priya_singh,Priya Singh
8a141216-e6e,2025-01-18,Payroll - Smith-Ho,1889.63,Income,savings,-3712.58,True,Smith-Ho,priya_singh,Priya Singh
051cde5d-728,2025-01-18,HOA Fees - Fully-configurable modular neural-net,1347.62,Housing,savings,-34466.19,False,HOA Fees,rajesh_sharma,Rajesh Sharma
b0088560-109,2025-01-18,ATM Withdrawal - Total intermediate framework,351.0,Other,credit,-78717.43,False,ATM Withdrawal,amit_kumar,Amit Kumar
c70eaeaf-02a,2025-01-18,Water Dept - Monitored tangible structure,108.98,Utilities,savings,-1806.19,False,Water Dept,amit_kumar,Amit Kumar
3565ade4-8a6,2025-01-18,HOA Fees - Adaptive multi-state workforce,1436.7,Housing,checking,-5348.45,False,HOA Fees,rajesh_sharma,Rajesh Sharma
40ba277f-904,2025-01-18,Target - Down-sized fresh-thinking model,92.82,Shopping,credit,-64052.13,False,Target,rajesh_sharma,Rajesh Sharma
115099a7-493,2025-01-18,Internet Provider - Face-to-face intangible interface,425.02,Utilities,savings,3223.73,False,Internet Provider,amit_kumar,Amit Kumar
cee90cd9-aa3,2025-01-18,Costco - User-centric real-time help-desk,63.58,Groceries,checking,-54344.96,False,Costco,tanishka_dhanwan,Tanishka Dhanwan
e856ef3a-5c4,2025-01-18,Electric Co - Polarized transitional methodology,162.34,Utilities,savings,5482.45,False,Electric Co,amit_kumar,Amit Kumar
22cc772c-261,2025-01-18,Netflix - Digitized clear-thinking moratorium,87.65,Entertainment,credit,-53309.59,False,Netflix,rajesh_sharma,Rajesh Sharma
eecd2f70-e96,2025-01-18,Starbucks - Distributed solution-oriented productivity,83.51,Dining,checking,-61001.45,False,Starbucks,priya_singh,Priya Singh
f1cf252a-1f6,2025-01-18,Cloud Storage - Multi-layered systematic synergy,51.08,Subscriptions,checking,-17488.18,False,Cloud Storage,rajesh_sharma,Rajesh Sharma
94f8c33a-7d1,2025-01-18,Netflix - Reduced 24hour matrix,162.55,Entertainment,checking,-4065.62,False,Netflix,tanishka_dhanwan,Tanishka Dhanwan
1ef7313a-99e,2025-01-18,Target - Multi-layered homogeneous hub,408.04,Shopping,credit,2275.69,False,Target,priya_singh,Priya Singh
5d7d034c-581,2025-01-18,Delta Airlines - Synergized well-modulated application,94.42,Travel,savings,-55182.66,False,Delta Airlines,rajesh_sharma,Rajesh Sharma
ebaa60ea-855,2025-01-18,Rent Payment - Sharable responsive time-frame,1209.93,Housing,checking,8339.15,False,Rent Payment,tanishka_dhanwan,Tanishka Dhanwan
7ecc405e-9ad,2025-01-19,Netflix - Reverse-engineered neutral emulation,311.53,Entertainment,checking,5473.56,False,Netflix,rajesh_sharma,Rajesh Sharma
74407256-dcf,2025-01-19,Internet Provider - Fully-configurable executive array,376.22,Utilities,credit,-37704.87,False,Internet Provider,priya_singh,Priya Singh
9ad0f2f1-fcc,2025-01-19,Starbucks - Re-contextualized stable paradigm,260.8,Dining,credit,-11115.11,False,Starbucks,amit_kumar,Amit Kumar
af7d6c02-939,2025-01-19,Target - Operative national software,9.71,Shopping,savings,9478.98,False,Target,priya_singh,Priya Singh
72d83a45-640,2025-01-19,Property Mgmt - Function-based context-sensitive customer loyalty,1501.44,Housing,credit,-17195.96,False,Property Mgmt,tanishka_dhanwan,Tanishka Dhanwan
d85bbcfd-e25,2025-01-19,Parking Co - Multi-layered executive throughput,275.12,Transportation,checking,-71946.52,False,Parking Co,priya_singh,Priya Singh
b69df0e8-b24,2025-01-19,Walmart - Horizontal eco-centric success,451.18,Groceries,credit,-49002.24,False,Walmart,rajesh_sharma,Rajesh Sharma
ea1d18cd-098,2025-01-19,Payroll - Moyer-Bird,3253.67,Income,checking,-46444.81,True,Moyer-Bird,amit_kumar,Amit Kumar
304f86aa-768,2025-01-19,Delta Airlines - Ergonomic holistic service-desk,435.36,Travel,credit,-48901.69,False,Delta Airlines,rajesh_sharma,Rajesh Sharma
8bd4d7c2-7bb,2025-01-19,City Hospital - Re-contextualized systematic framework,419.63,Healthcare,savings,-4602.16,False,City Hospital,priya_singh,Priya Singh
4ed68b9e-9a5,2025-01-19,Adobe - Streamlined demand-driven throughput,143.73,Subscriptions,checking,-35041.45,False,Adobe,rajesh_sharma,Rajesh Sharma
9d1baa2f-e8b,2025-01-19,HOA Fees - Implemented neutral model,945.15,Housing,checking,-14142.57,False,HOA Fees,priya_singh,Priya Singh
b42e79f1-ff2,2025-01-19,Credit Card Payment - Reverse-engineered mission-critical website,9.2,Debt Payment,checking,-9501.44,False,Credit Card Payment,priya_singh,Priya Singh
ba69f879-e38,2025-01-19,Health Ins Co - Pre-emptive upward-trending definition,308.12,Insurance,savings,-36844.97,False,Health Ins Co,tanishka_dhanwan,Tanishka Dhanwan
397d14bd-505,2025-01-19,Adobe - Open-source didactic neural-net,15.39,Subscriptions,credit,-40366.06,False,Adobe,tanishka_dhanwan,Tanishka Dhanwan
1dd63d4c-15a,2025-01-19,State Farm - Customer-focused systemic framework,105.98,Insurance,credit,-50250.17,False,State Farm,tanishka_dhanwan,Tanishka Dhanwan
4585f698-d0f,2025-01-20,City Hospital - Devolved exuding ability,164.33,Healthcare,credit,-62197.85,False,City Hospital,priya_singh,Priya Singh
27151621-9a1,2025-01-20,Water Dept - Intuitive motivating monitoring,402.75,Utilities,credit,-41696.11,False,Water Dept,tanishka_dhanwan,Tanishka Dhanwan
5cd5268c-e16,2025-01-20,Walmart - User-centric upward-trending matrices,414.94,Groceries,credit,-32672.45,False,Walmart,priya_singh,Priya Singh
becccb27-d52,2025-01-20,Property Mgmt - Persistent tertiary productivity,2142.91,Housing,savings,-11610.37,False,Property Mgmt,priya_singh,Priya Singh
e0274960-224,2025-01-20,Cloud Storage - Cross-platform user-facing application,79.47,Subscriptions,credit,-2589.79,False,Cloud Storage,amit_kumar,Amit Kumar
5b44a40f-196,2025-01-20,Health Ins Co - Intuitive incremental analyzer,411.75,Insurance,checking,-32501.43,False,Health Ins Co,rajesh_sharma,Rajesh Sharma
91943845-1b0,2025-01-20,HOA Fees - Multi-lateral incremental firmware,1861.12,Housing,savings,29374.36,False,HOA Fees,priya_singh,Priya Singh
4a9d4f4d-186,2025-01-20,Electric Co - Quality-focused human-resource leverage,152.63,Utilities,savings,-18364.98,False,Electric Co,tanishka_dhanwan,Tanishka Dhanwan
ff4706b0-7af,2025-01-20,Walmart - Fully-configurable real-time paradigm,153.08,Groceries,credit,-68311.31,False,Walmart,amit_kumar,Amit Kumar
fd01e8d1-2e5,2025-01-20,Online Course - Re-contextualized zero tolerance analyzer,239.33,Education,credit,-31235.5,False,Online Course,rajesh_sharma,Rajesh Sharma
190ea0bb-3f7,2025-01-20,Whole Foods - Profound asynchronous encoding,472.39,Groceries,savings,-33073.49,False,Whole Foods,tanishka_dhanwan,Tanishka Dhanwan
763c2887-e09,2025-01-20,Target - Fundamental global frame,499.55,Shopping,credit,-45285.28,False,Target,tanishka_dhanwan,Tanishka Dhanwan
fd8bdc4d-ddb,2025-01-20,Electric Co - Streamlined bandwidth-monitored matrix,448.81,Utilities,credit,-58661.69,False,Electric Co,rajesh_sharma,Rajesh Sharma
7a61ce14-87a,2025-01-20,Amazon - Versatile client-driven pricing structure,451.76,Shopping,credit,-35421.19,False,Amazon,tanishka_dhanwan,Tanishka Dhanwan
b419edba-64a,2025-01-21,Netflix - Digitized grid-enabled function,482.31,Entertainment,checking,-34292.32,False,Netflix,rajesh_sharma,Rajesh Sharma
7264da40-626,2025-01-21,Whole Foods - Re-contextualized motivating methodology,254.77,Groceries,credit,-37587.71,False,Whole Foods,amit_kumar,Amit Kumar
64c97bb5-ab1,2025-01-21,Expedia - Optimized radical infrastructure,232.83,Travel,credit,-38716.53,False,Expedia,tanishka_dhanwan,Tanishka Dhanwan
fdb6cfd0-10b,2025-01-21,Marriott - Multi-tiered well-modulated policy,344.9,Travel,credit,-50913.22,False,Marriott,tanishka_dhanwan,Tanishka Dhanwan
3d76e3c8-953,2025-01-21,Shell Gas - Adaptive object-oriented model,52.78,Transportation,credit,-39191.51,False,Shell Gas,priya_singh,Priya Singh
ad1bc2ab-7ac,2025-01-21,Misc Purchase - Devolved modular task-force,315.28,Other,savings,16706.84,False,Misc Purchase,amit_kumar,Amit Kumar
befa5852-2bd,2025-01-21,Internet Provider - Reactive incremental array,372.03,Utilities,checking,-12810.54,False,Internet Provider,rajesh_sharma,Rajesh Sharma
61c12c82-f6f,2025-01-21,McDonald's - Virtual actuating database,153.44,Dining,savings,-10300.52,False,McDonald's,rajesh_sharma,Rajesh Sharma
da9289af-809,2025-01-21,Delta Airlines - Customizable static hardware,265.01,Travel,credit,-22026.62,False,Delta Airlines,priya_singh,Priya Singh
25544a49-e42,2025-01-21,AMC Theaters - Persevering context-sensitive analyzer,209.61,Entertainment,checking,-61689.57,False,AMC Theaters,tanishka_dhanwan,Tanishka Dhanwan
bd89cc6c-dff,2025-01-21,Health Ins Co - Enhanced high-level migration,495.94,Insurance,savings,-16361.13,False,Health Ins Co,rajesh_sharma,Rajesh Sharma
a6e77324-6f8,2025-01-21,ATM Withdrawal - Realigned stable productivity,456.49,Other,credit,-12195.84,False,ATM Withdrawal,amit_kumar,Amit Kumar
021f3395-5e6,2025-01-21,Parking Co - Upgradable high-level task-force,9.12,Transportation,checking,-33418.37,False,Parking Co,rajesh_sharma,Rajesh Sharma
86eeb043-d99,2025-01-21,HOA Fees - Stand-alone static implementation,994.48,Housing,savings,-33118.87,False,HOA Fees,rajesh_sharma,Rajesh Sharma
e3f5ee60-f51,2025-01-22,CVS Pharmacy - Ameliorated attitude-oriented monitoring,304.51,Healthcare,credit,-2781.42,False,CVS Pharmacy,amit_kumar,Amit Kumar
1dc4f9f8-afa,2025-01-22,HOA Fees - Up-sized 6thgeneration benchmark,1392.82,Housing,checking,-20540.11,False,HOA Fees,tanishka_dhanwan,Tanishka Dhanwan
856db578-656,2025-01-22,Internet Provider - Realigned stable time-frame,415.7,Utilities,checking,11727.18,False,Internet Provider,amit_kumar,Amit Kumar
fdbaa9d4-c80,2025-01-22,Credit Card Payment - Open-source local concept,21.09,Debt Payment,checking,-12246.26,False,Credit Card Payment,amit_kumar,Amit Kumar
e2c1406d-c84,2025-01-22,Uber - Reduced mobile application,419.84,Transportation,checking,-64326.26,False,Uber,priya_singh,Priya Singh
4ec56767-dce,2025-01-22,Health Ins Co - Virtual needs-based middleware,82.55,Insurance,savings,-5995.73,False,Health Ins Co,priya_singh,Priya Singh
95ee30ce-b41,2025-01-22,Online Course - Multi-channeled reciprocal Internet solution,308.95,Education,checking,-33741.91,False,Online Course,rajesh_sharma,Rajesh Sharma
48b8a26e-c49,2025-01-22,Costco - Adaptive next generation encoding,15.25,Groceries,credit,-69386.09,False,Costco,priya_singh,Priya Singh
58a7c132-cc3,2025-01-22,Spotify - Decentralized global Local Area Network,40.24,Entertainment,checking,-53252.9,False,Spotify,tanishka_dhanwan,Tanishka Dhanwan
38a4f4c4-5ec,2025-01-22,HOA Fees - Organized 3rdgeneration alliance,1085.83,Housing,credit,-65909.57,False,HOA Fees,priya_singh,Priya Singh
0790ccee-f8f,2025-01-22,AMC Theaters - Devolved motivating productivity,86.19,Entertainment,savings,11340.32,False,AMC Theaters,amit_kumar,Amit Kumar
1cffb6d0-aa8,2025-01-22,Costco - Organic regional circuit,266.03,Groceries,checking,-29781.5,False,Costco,priya_singh,Priya Singh
30076616-8fc,2025-01-22,McDonald's - Switchable multi-state forecast,43.36,Dining,checking,-10698.25,False,McDonald's,priya_singh,Priya Singh
e4dd9873-000,2025-01-23,"Payroll - Contreras, Miller and Cooper",2048.19,Income,checking,-2284.74,True,"Contreras, Miller and Cooper",priya_singh,Priya Singh
e0011875-d5f,2025-01-23,Shell Gas - User-centric heuristic definition,137.84,Transportation,credit,-36370.4,False,Shell Gas,tanishka_dhanwan,Tanishka Dhanwan
52a65e59-c62,2025-01-23,State Farm - Customizable 5thgeneration synergy,20.46,Insurance,checking,-7655.36,False,State Farm,tanishka_dhanwan,Tanishka Dhanwan
da7ee55f-078,2025-01-23,Target - Sharable national monitoring,219.87,Shopping,savings,-60280.5,False,Target,rajesh_sharma,Rajesh Sharma
f8f5de8d-bca,2025-01-23,Whole Foods - Upgradable executive forecast,232.82,Groceries,savings,-14691.31,False,Whole Foods,amit_kumar,Amit Kumar
1f3d4903-c47,2025-01-23,Gym Membership - Multi-channeled systematic knowledgebase,347.26,Subscriptions,savings,11813.43,False,Gym Membership,priya_singh,Priya Singh
48ab1bc1-288,2025-01-23,Credit Card Payment - Customizable asynchronous encoding,459.47,Debt Payment,checking,-66940.37,False,Credit Card Payment,priya_singh,Priya Singh
e88b2798-a93,2025-01-23,Payroll - Smith Inc,2003.49,Income,savings,-34820.24,True,Smith Inc,tanishka_dhanwan,Tanishka Dhanwan
3200aed9-46f,2025-01-23,Trader Joe's - Cross-platform actuating projection,325.18,Groceries,savings,-5384.15,False,Trader Joe's,tanishka_dhanwan,Tanishka Dhanwan
ef08ca37-180,2025-01-24,Property Mgmt - Cloned disintermediate product,1231.57,Housing,savings,-663.85,False,Property Mgmt,rajesh_sharma,Rajesh Sharma
181c277b-b82,2025-01-24,Costco - Advanced discrete installation,44.61,Groceries,credit,-35467.9,False,Costco,tanishka_dhanwan,Tanishka Dhanwan
920c1e34-8c1,2025-01-24,Cloud Storage - Stand-alone multimedia portal,294.32,Subscriptions,savings,-20445.09,False,Cloud Storage,amit_kumar,Amit Kumar
17655af6-a79,2025-01-24,Rent Payment - Object-based 24/7 firmware,1250.94,Housing,checking,-17437.1,False,Rent Payment,rajesh_sharma,Rajesh Sharma
8dc4d9c8-4df,2025-01-24,"Payroll - Brown, Cook and Young",3334.72,Income,savings,19858.08,True,"Brown, Cook and Young",amit_kumar,Amit Kumar
9bc800d1-f8b,2025-01-24,Walmart - Ergonomic explicit knowledge user,407.93,Groceries,checking,-8608.17,False,Walmart,priya_singh,Priya Singh
68514c06-27e,2025-01-24,Metro Transit - Re-contextualized actuating system engine,341.26,Transportation,checking,-1721.18,False,Metro Transit,priya_singh,Priya Singh
e29910dc-5fb,2025-01-24,Whole Foods - Fully-configurable didactic concept,272.09,Groceries,savings,-9937.03,False,Whole Foods,amit_kumar,Amit Kumar
04f330ec-572,2025-01-24,Metro Transit - Horizontal fresh-thinking installation,493.88,Transportation,credit,-61729.61,False,Metro Transit,priya_singh,Priya Singh
23c4de9f-840,2025-01-24,Netflix - Synergized content-based methodology,35.43,Entertainment,savings,32039.15,False,Netflix,priya_singh,Priya Singh
09d29382-6d7,2025-01-24,Internet Provider - Pre-emptive intermediate knowledge user,329.36,Utilities,checking,10565.19,False,Internet Provider,tanishka_dhanwan,Tanishka Dhanwan
57cfb3f6-63b,2025-01-24,Whole Foods - Extended demand-driven focus group,154.86,Groceries,savings,-52771.96,False,Whole Foods,rajesh_sharma,Rajesh Sharma
3c59c7e5-f08,2025-01-24,Whole Foods - Down-sized leadingedge system engine,302.81,Groceries,savings,-26339.22,False,Whole Foods,amit_kumar,Amit Kumar
740437ca-9e9,2025-01-24,Best Buy - User-centric global strategy,394.39,Shopping,credit,-79032.63,False,Best Buy,amit_kumar,Amit Kumar
209d00ce-ae8,2025-01-24,Uber - Programmable cohesive Internet solution,481.84,Transportation,credit,-11634.61,False,Uber,tanishka_dhanwan,Tanishka Dhanwan
5a7bf1ca-a0e,2025-01-24,Uber - Centralized asynchronous secured line,182.6,Transportation,checking,-33924.51,False,Uber,rajesh_sharma,Rajesh Sharma
7498b5ad-80a,2025-01-24,Rent Payment - Re-engineered hybrid implementation,823.91,Housing,checking,-9608.13,False,Rent Payment,amit_kumar,Amit Kumar
62a94ea8-728,2025-01-25,Water Dept - Monitored real-time orchestration,279.09,Utilities,savings,-2430.91,False,Water Dept,priya_singh,Priya Singh
186c4daa-7af,2025-01-25,Gym Membership - Adaptive zero-defect productivity,28.02,Subscriptions,credit,-60361.53,False,Gym Membership,priya_singh,Priya Singh
cf805162-1e8,2025-01-25,"Payroll - Huff, Williams and Wilson",3979.69,Income,savings,12998.7,True,"Huff, Williams and Wilson",priya_singh,Priya Singh
c9f9847d-660,2025-01-25,Rent Payment - Networked systematic matrices,1904.12,Housing,savings,-18584.44,False,Rent Payment,tanishka_dhanwan,Tanishka Dhanwan
2711e1e5-629,2025-01-25,Spotify - Visionary even-keeled adapter,318.47,Entertainment,checking,-59953.85,False,Spotify,tanishka_dhanwan,Tanishka Dhanwan
7994d992-3de,2025-01-25,Cloud Storage - Intuitive non-volatile alliance,193.79,Subscriptions,savings,7992.45,False,Cloud Storage,tanishka_dhanwan,Tanishka Dhanwan
af68f607-bb5,2025-01-25,Adobe - Pre-emptive system-worthy Graphic Interface,16.39,Subscriptions,savings,2952.87,False,Adobe,priya_singh,Priya Singh
1f4e38f8-164,2025-01-25,City Hospital - Expanded homogeneous application,242.98,Healthcare,savings,-25854.77,False,City Hospital,tanishka_dhanwan,Tanishka Dhanwan
e77e5afd-2ee,2025-01-25,Starbucks - Customer-focused systematic neural-net,469.75,Dining,savings,1470.84,False,Starbucks,amit_kumar,Amit Kumar
c50beaa7-e32,2025-01-25,Dental Care - Robust zero tolerance hierarchy,320.5,Healthcare,savings,-33840.74,False,Dental Care,tanishka_dhanwan,Tanishka Dhanwan
41ff6b4b-8a8,2025-01-25,Tuition - Networked contextually-based hardware,33.02,Education,checking,-44112.27,False,Tuition,amit_kumar,Amit Kumar
0df45131-9a5,2025-01-25,Uber - Right-sized 6thgeneration Internet solution,271.07,Transportation,credit,-38645.35,False,Uber,rajesh_sharma,Rajesh Sharma
06fda7f1-320,2025-01-25,Payroll - Mitchell-Goodwin,3243.64,Income,savings,19767.22,True,Mitchell-Goodwin,amit_kumar,Amit Kumar
80635150-2c5,2025-01-25,Rent Payment - Fundamental systematic benchmark,1703.99,Housing,checking,4893.7,False,Rent Payment,amit_kumar,Amit Kumar
289bcdb4-6f3,2025-01-25,Best Buy - Programmable well-modulated groupware,50.55,Shopping,savings,1818.88,False,Best Buy,tanishka_dhanwan,Tanishka Dhanwan
d36817a4-c11,2025-01-25,Payroll - Wilson Ltd,3958.76,Income,credit,-61412.37,True,Wilson Ltd,rajesh_sharma,Rajesh Sharma
26de80b8-4cf,2025-01-26,Payroll - Yoder Group,4249.38,Income,checking,-18483.91,True,Yoder Group,tanishka_dhanwan,Tanishka Dhanwan
514c5ba6-180,2025-01-26,Spotify - Robust full-range complexity,459.04,Entertainment,credit,-44606.15,False,Spotify,tanishka_dhanwan,Tanishka Dhanwan
8a746848-04d,2025-01-26,Chipotle - Ergonomic explicit emulation,441.82,Dining,checking,-19347.48,False,Chipotle,rajesh_sharma,Rajesh Sharma
b6f8875d-4db,2025-01-26,Whole Foods - Cloned solution-oriented application,485.9,Groceries,checking,-39061.28,False,Whole Foods,tanishka_dhanwan,Tanishka Dhanwan
2610a3d6-a26,2025-01-26,Payroll - Jackson Inc,3300.02,Income,savings,-7427.55,True,Jackson Inc,tanishka_dhanwan,Tanishka Dhanwan
9b39899f-eaf,2025-01-26,Spotify - Reduced uniform orchestration,281.06,Entertainment,credit,-60296.33,False,Spotify,rajesh_sharma,Rajesh Sharma
7d24c170-974,2025-01-26,Costco - Polarized intermediate workforce,308.76,Groceries,credit,-39868.12,False,Costco,amit_kumar,Amit Kumar
6e776b4d-fd7,2025-01-26,Rent Payment - Diverse value-added leverage,2123.45,Housing,savings,6603.54,False,Rent Payment,rajesh_sharma,Rajesh Sharma
5b6d5619-cf6,2025-01-26,State Farm - Cross-group exuding throughput,395.02,Insurance,credit,-21013.09,False,State Farm,amit_kumar,Amit Kumar
a81b87dd-b8a,2025-01-26,Electric Co - Re-engineered interactive capacity,229.61,Utilities,savings,-271.73,False,Electric Co,tanishka_dhanwan,Tanishka Dhanwan
e96e059d-b0a,2025-01-26,Costco - Multi-tiered next generation portal,428.94,Groceries,credit,-63307.34,False,Costco,amit_kumar,Amit Kumar
217ef442-72e,2025-01-26,Local Bistro - Extended interactive data-warehouse,86.67,Dining,savings,-55088.24,False,Local Bistro,rajesh_sharma,Rajesh Sharma
d6969cbe-a10,2025-01-26,HOA Fees - Operative radical challenge,1270.35,Housing,checking,-37669.75,False,HOA Fees,rajesh_sharma,Rajesh Sharma
104cce31-5db,2025-01-26,Whole Foods - Public-key contextually-based adapter,220.4,Groceries,savings,9652.42,False,Whole Foods,amit_kumar,Amit Kumar
3ffe33d6-cd0,2025-01-26,Electric Co - Polarized mobile service-desk,266.3,Utilities,checking,-29785.93,False,Electric Co,amit_kumar,Amit Kumar
0f4bac58-f22,2025-01-27,Trader Joe's - Devolved optimal system engine,9.33,Groceries,credit,-63334.67,False,Trader Joe's,priya_singh,Priya Singh
bff0214b-d16,2025-01-27,Credit Card Payment - Fundamental contextually-based neural-net,485.31,Debt Payment,credit,-44249.73,False,Credit Card Payment,priya_singh,Priya Singh
993cb5d9-38b,2025-01-27,Best Buy - Profound tertiary attitude,333.12,Shopping,checking,-35826.07,False,Best Buy,priya_singh,Priya Singh
a543564c-626,2025-01-27,Amazon - Reactive multi-tasking hardware,136.0,Shopping,checking,-18584.45,False,Amazon,rajesh_sharma,Rajesh Sharma
dca97aea-792,2025-01-27,Uber - Visionary value-added orchestration,403.34,Transportation,credit,-12158.81,False,Uber,priya_singh,Priya Singh
b2744018-9de,2025-01-27,Property Mgmt - Front-line composite installation,1451.05,Housing,checking,-2319.69,False,Property Mgmt,rajesh_sharma,Rajesh Sharma
96c4f625-be5,2025-01-27,Walmart - Cloned methodical alliance,255.81,Groceries,savings,-24740.34,False,Walmart,rajesh_sharma,Rajesh Sharma
1d00ba34-d9a,2025-01-27,Rent Payment - User-centric system-worthy productivity,1616.8,Housing,savings,-42721.49,False,Rent Payment,rajesh_sharma,Rajesh Sharma
7c82ce7a-635,2025-01-27,Spotify - Enterprise-wide scalable protocol,142.87,Entertainment,checking,-31829.96,False,Spotify,rajesh_sharma,Rajesh Sharma
63885431-8a9,2025-01-27,HOA Fees - Reverse-engineered empowering customer loyalty,1487.4,Housing,savings,-16811.2,False,HOA Fees,tanishka_dhanwan,Tanishka Dhanwan
92d80bc5-a8f,2025-01-27,Gym Membership - Enterprise-wide actuating firmware,23.69,Subscriptions,credit,-26178.33,False,Gym Membership,rajesh_sharma,Rajesh Sharma
5963a67f-78f,2025-01-27,State Farm - Public-key radical productivity,43.03,Insurance,savings,-45785.7,False,State Farm,rajesh_sharma,Rajesh Sharma
3e439009-ea1,2025-01-27,Costco - Configurable asynchronous archive,480.91,Groceries,savings,-30664.64,False,Costco,tanishka_dhanwan,Tanishka Dhanwan
905fef44-a5e,2025-01-28,Best Buy - Implemented holistic algorithm,471.01,Shopping,savings,-33581.54,False,Best Buy,tanishka_dhanwan,Tanishka Dhanwan
2c477d35-e33,2025-01-28,ATM Withdrawal - Grass-roots next generation access,360.84,Other,checking,-17948.32,False,ATM Withdrawal,rajesh_sharma,Rajesh Sharma
f1f5e95f-c9f,2025-01-28,Netflix - Customizable maximized knowledgebase,54.47,Entertainment,checking,-67705.81,False,Netflix,priya_singh,Priya Singh
303560c5-163,2025-01-28,HOA Fees - Polarized needs-based emulation,1959.63,Housing,savings,31235.48,False,HOA Fees,priya_singh,Priya Singh
c9a28067-8ce,2025-01-28,Electric Co - Face-to-face directional challenge,277.42,Utilities,credit,-62000.62,False,Electric Co,rajesh_sharma,Rajesh Sharma
17ae8fb2-322,2025-01-28,Payroll - Rios-Hart,3246.79,Income,credit,-31970.78,True,Rios-Hart,tanishka_dhanwan,Tanishka Dhanwan
5db0f014-04e,2025-01-28,Whole Foods - Fully-configurable demand-driven moratorium,386.89,Groceries,credit,-61647.93,False,Whole Foods,amit_kumar,Amit Kumar
0839e94f-a5d,2025-01-29,Metro Transit - De-engineered multi-state framework,459.64,Transportation,checking,-62149.21,False,Metro Transit,tanishka_dhanwan,Tanishka Dhanwan
a5b52f6c-c09,2025-01-29,Health Ins Co - Versatile incremental throughput,308.05,Insurance,credit,-62706.17,False,Health Ins Co,priya_singh,Priya Singh
1fc42a19-467,2025-01-29,Netflix - Quality-focused real-time collaboration,391.96,Entertainment,credit,-43714.76,False,Netflix,tanishka_dhanwan,Tanishka Dhanwan
578824cf-800,2025-01-29,Costco - Vision-oriented context-sensitive solution,391.11,Groceries,checking,-6942.64,False,Costco,priya_singh,Priya Singh
faa94fac-fd2,2025-01-29,Health Ins Co - Streamlined object-oriented leverage,475.94,Insurance,savings,-32776.49,False,Health Ins Co,tanishka_dhanwan,Tanishka Dhanwan
90a675dd-2a0,2025-01-29,Spotify - Mandatory demand-driven function,406.01,Entertainment,savings,3349.03,False,Spotify,amit_kumar,Amit Kumar
fa90d51c-2ed,2025-01-29,Water Dept - Adaptive interactive array,382.66,Utilities,savings,8552.68,False,Water Dept,priya_singh,Priya Singh
d4ce12bc-87c,2025-01-29,CVS Pharmacy - Visionary background encryption,328.54,Healthcare,credit,-59875.68,False,CVS Pharmacy,priya_singh,Priya Singh
72f1f9b4-3ee,2025-01-29,HOA Fees - Adaptive human-resource solution,1258.33,Housing,savings,-10721.86,False,HOA Fees,priya_singh,Priya Singh
933ea8f3-caf,2025-01-29,Parking Co - Distributed web-enabled superstructure,197.46,Transportation,checking,-29978.96,False,Parking Co,priya_singh,Priya Singh
4b5c2ff7-581,2025-01-30,Rent Payment - Re-contextualized responsive conglomeration,1235.62,Housing,savings,13318.32,False,Rent Payment,priya_singh,Priya Singh
4302ee66-919,2025-01-30,Costco - Multi-lateral impactful focus group,467.95,Groceries,checking,-15431.0,False,Costco,priya_singh,Priya Singh
aa4ae955-3b4,2025-01-30,Adobe - Assimilated zero-defect toolset,191.8,Subscriptions,savings,-31358.42,False,Adobe,tanishka_dhanwan,Tanishka Dhanwan
d12efab3-369,2025-01-30,State Farm - Diverse holistic groupware,67.59,Insurance,credit,-40350.67,False,State Farm,tanishka_dhanwan,Tanishka Dhanwan
46a84982-a10,2025-01-30,Walmart - Robust mobile algorithm,380.4,Groceries,checking,-10272.11,False,Walmart,amit_kumar,Amit Kumar
70cd8570-799,2025-01-30,Payroll - Dawson-Walters,2864.52,Income,credit,-63861.47,True,Dawson-Walters,rajesh_sharma,Rajesh Sharma
28947338-a42,2025-01-30,City Hospital - Enhanced empowering application,187.01,Healthcare,checking,-23352.65,False,City Hospital,rajesh_sharma,Rajesh Sharma
7a2576b0-7f0,2025-01-30,Walmart - Up-sized reciprocal service-desk,429.1,Groceries,checking,1342.94,False,Walmart,amit_kumar,Amit Kumar
5c8925db-1c3,2025-01-30,Payroll - Roy Group,1812.55,Income,credit,-36469.48,True,Roy Group,tanishka_dhanwan,Tanishka Dhanwan
0abc557d-b84,2025-01-30,Parking Co - Multi-lateral demand-driven synergy,101.82,Transportation,checking,-2713.91,False,Parking Co,tanishka_dhanwan,Tanishka Dhanwan
2d9fa644-c98,2025-01-30,"Payroll - King, Wilkerson and Young",2095.67,Income,checking,3594.69,True,"King, Wilkerson and Young",amit_kumar,Amit Kumar
3fce2b83-0e6,2025-01-30,HOA Fees - Fully-configurable 6thgeneration leverage,834.73,Housing,credit,-74502.68,False,HOA Fees,rajesh_sharma,Rajesh Sharma
d667e184-755,2025-01-30,Whole Foods - Balanced 6thgeneration leverage,55.96,Groceries,credit,-81791.64,False,Whole Foods,priya_singh,Priya Singh
8fc3b3bd-9ab,2025-01-30,Online Course - Customizable coherent software,255.08,Education,credit,-70273.0,False,Online Course,priya_singh,Priya Singh
84f17608-972,2025-01-30,CVS Pharmacy - Visionary methodical solution,310.96,Healthcare,credit,-68330.52,False,CVS Pharmacy,priya_singh,Priya Singh
6f194d40-edc,2025-01-30,Delta Airlines - Face-to-face solution-oriented hardware,303.72,Travel,checking,-21030.42,False,Delta Airlines,tanishka_dhanwan,Tanishka Dhanwan
0055dc52-a70,2025-01-31,Target - Object-based solution-oriented artificial intelligence,477.65,Shopping,checking,-9066.55,False,Target,rajesh_sharma,Rajesh Sharma
d5899ab3-a2a,2025-01-31,Tuition - Reverse-engineered fresh-thinking website,45.91,Education,checking,940.71,False,Tuition,amit_kumar,Amit Kumar
305c6a7e-fb8,2025-01-31,Local Bistro - Face-to-face encompassing Internet solution,145.03,Dining,credit,-25197.98,False,Local Bistro,rajesh_sharma,Rajesh Sharma
5e7a3b85-b5d,2025-01-31,Property Mgmt - Total reciprocal moratorium,876.05,Housing,savings,-14624.16,False,Property Mgmt,priya_singh,Priya Singh
59a0d3aa-d47,2025-01-31,Student Loan - Object-based contextually-based synergy,492.6,Debt Payment,credit,4211.76,False,Student Loan,tanishka_dhanwan,Tanishka Dhanwan
92484a2f-a56,2025-01-31,Dental Care - Enhanced interactive monitoring,31.4,Healthcare,checking,-60457.39,False,Dental Care,tanishka_dhanwan,Tanishka Dhanwan
fef43e92-3fc,2025-01-31,Tuition - Up-sized regional intranet,130.67,Education,checking,1379.6,False,Tuition,amit_kumar,Amit Kumar
b0d8bca7-c1e,2025-01-31,Bookstore - Right-sized solution-oriented info-mediaries,160.12,Education,credit,-43274.4,False,Bookstore,tanishka_dhanwan,Tanishka Dhanwan
7b8d4712-5a9,2025-01-31,Spotify - Object-based client-server capacity,128.16,Entertainment,savings,10325.31,False,Spotify,priya_singh,Priya Singh
b4de6fbe-efd,2025-01-31,Whole Foods - Re-engineered asynchronous capacity,481.95,Groceries,credit,-53891.52,False,Whole Foods,rajesh_sharma,Rajesh Sharma
25b285b6-c3b,2025-01-31,Costco - Organized dynamic circuit,165.92,Groceries,checking,-31784.94,False,Costco,rajesh_sharma,Rajesh Sharma
718938db-e36,2025-01-31,Water Dept - Advanced empowering projection,222.58,Utilities,credit,-60518.91,False,Water Dept,rajesh_sharma,Rajesh Sharma
